scenario,id,mode,cal_class,error_type,group,truth_um,bias_um,2sd_um,Q_um,lim_4to1_um,lim_10to1_um,Q/4to1,판정,경계표시,valid_frac,note
낙관,M01,point_probe,calibrated,국소높이,높이,0.0,,,,5.0,2.0,,측정 불가,,0.0,"해석 판정; 배율 calibrated 20 ppm, seam 0개; mode point_probe (id목록)"
낙관,M01,point_probe,calibrated,단차,높이(참고),-20.0,0.0,4.242640687119286,4.242640687119286,5.0,2.0,0.8485281374238571,4:1 통과,,1.0,"해석 판정; 배율 calibrated 20 ppm, seam 0개; mode point_probe (id목록)"
낙관,M01,point_probe,calibrated,국소선폭,윤곽,40.0,,,,10.0,4.0,,측정 불가,,0.0,"해석 판정; 배율 calibrated 20 ppm, seam 0개; mode point_probe (id목록)"
낙관,M01,point_probe,calibrated,선폭,윤곽(참고),40.0,,,,10.0,4.0,,측정 불가,,0.0,"해석 판정; 배율 calibrated 20 ppm, seam 0개; mode point_probe (id목록)"
낙관,M01,point_probe,calibrated,구멍지름,치수,-100.0,0.0,1.5,1.5,25.0,10.0,0.06,10:1 통과,,1.0,"해석 판정; 배율 calibrated 20 ppm, seam 0개; mode point_probe (id목록)"
낙관,M01,point_probe,calibrated,길이40,치수,0.0,0.0,4.242640687119285,4.242640687119285,25.0,10.0,0.1697056274847714,10:1 통과,,1.0,"해석 판정; 배율 calibrated 20 ppm, seam 0개; mode point_probe (id목록)"
낙관,M01,point_probe,calibrated,경계,윤곽(참고),50.0,0.0,0.75,0.75,25.0,10.0,0.03,10:1 통과,,1.0,"해석 판정; 배율 calibrated 20 ppm, seam 0개; mode point_probe (id목록)"
낙관,M01,point_probe,calibrated,위치,위치,223.60679774997897,0.0,1.5,1.5,50.0,20.0,0.03,10:1 통과,,1.0,"해석 판정; 배율 calibrated 20 ppm, seam 0개; mode point_probe (id목록)"
낙관,M02,line_profiler,calibrated,국소높이,높이,0.0,-3.7242715888893576e-05,0.009952438989052582,0.009989681704941475,5.0,2.0,0.001997936340988295,10:1 통과,,1.0,"xy_step 1 < 2 µm → 2 µm 로 처리; 배율 calibrated 20 ppm, seam 0개; 선 단면 장비(면 측정은 래스터 가정, 면 래스터 140,000 분); mode line_profiler (id목록)"
낙관,M02,line_profiler,calibrated,단차,높이(참고),-20.0,-0.000101318359375,0.0014810093133203535,0.0015823276726953535,5.0,2.0,0.0003164655345390707,10:1 통과,,1.0,"xy_step 1 < 2 µm → 2 µm 로 처리; 배율 calibrated 20 ppm, seam 0개; 선 단면 장비(면 측정은 래스터 가정, 면 래스터 140,000 분); mode line_profiler (id목록)"
낙관,M02,line_profiler,calibrated,국소선폭,윤곽,40.0,8.647382992295908,0.7033463308356291,9.350729323131537,10.0,4.0,0.9350729323131537,4:1 통과,,1.0,"xy_step 1 < 2 µm → 2 µm 로 처리; 배율 calibrated 20 ppm, seam 0개; 선 단면 장비(면 측정은 래스터 가정, 면 래스터 140,000 분); mode line_profiler (id목록)"
낙관,M02,line_profiler,calibrated,선폭,윤곽(참고),40.0,8.647194610579653,0.7051275987373421,9.352322209316995,10.0,4.0,0.9352322209316994,4:1 통과,,1.0,"xy_step 1 < 2 µm → 2 µm 로 처리; 배율 calibrated 20 ppm, seam 0개; 선 단면 장비(면 측정은 래스터 가정, 면 래스터 140,000 분); mode line_profiler (id목록)"
낙관,M02,line_profiler,calibrated,구멍지름,치수,-100.0,0.0022058250396912627,2.611837954835914e-05,0.002231943419239622,25.0,10.0,8.927773676958487e-05,10:1 통과,,1.0,"xy_step 1 < 2 µm → 2 µm 로 처리; 배율 calibrated 20 ppm, seam 0개; 선 단면 장비(면 측정은 래스터 가정, 면 래스터 140,000 분); mode line_profiler (id목록)"
낙관,M02,line_profiler,calibrated,길이40,치수,0.0,0.0,1.6329931618554523,1.6329931618554523,25.0,10.0,0.06531972647421809,10:1 통과,,1.0,"해석 계산; xy_step 1 < 2 µm → 2 µm 로 처리; 배율 calibrated 20 ppm, seam 0개; 선 단면 장비(면 측정은 래스터 가정, 면 래스터 140,000 분); mode line_profiler (id목록)"
낙관,M02,line_profiler,calibrated,경계,윤곽(참고),50.0,-0.0011029125198456313,1.305918977417957e-05,0.001115971709619811,25.0,10.0,4.4638868384792434e-05,10:1 통과,,1.0,"xy_step 1 < 2 µm → 2 µm 로 처리; 배율 calibrated 20 ppm, seam 0개; 선 단면 장비(면 측정은 래스터 가정, 면 래스터 140,000 분); mode line_profiler (id목록)"
낙관,M02,line_profiler,calibrated,위치,위치,223.60679774997897,0.06452658598860923,1.1898090481155852,1.2543356341041945,50.0,20.0,0.02508671268208389,10:1 통과,,1.0,"xy_step 1 < 2 µm → 2 µm 로 처리; 배율 calibrated 20 ppm, seam 0개; 선 단면 장비(면 측정은 래스터 가정, 면 래스터 140,000 분); mode line_profiler (id목록)"
낙관,M03,raster_point,printer_axis,국소높이,높이,0.0,,,,5.0,2.0,,측정 불가,,0.0,"프린터 축 래스터: seam 0, 샘플 XY 잡음 5 µm(보수); 배율 printer_axis 500 ppm, seam 0개; mode raster_point (id목록)"
낙관,M03,raster_point,printer_axis,단차,높이(참고),-20.0,,,,5.0,2.0,,측정 불가,,0.0,"프린터 축 래스터: seam 0, 샘플 XY 잡음 5 µm(보수); 배율 printer_axis 500 ppm, seam 0개; mode raster_point (id목록)"
낙관,M03,raster_point,printer_axis,국소선폭,윤곽,40.0,,,,10.0,4.0,,측정 불가,,0.26,"프린터 축 래스터: seam 0, 샘플 XY 잡음 5 µm(보수); 배율 printer_axis 500 ppm, seam 0개; mode raster_point (id목록)"
낙관,M03,raster_point,printer_axis,선폭,윤곽(참고),40.0,,,,10.0,4.0,,측정 불가,,0.16,"프린터 축 래스터: seam 0, 샘플 XY 잡음 5 µm(보수); 배율 printer_axis 500 ppm, seam 0개; mode raster_point (id목록)"
낙관,M03,raster_point,printer_axis,구멍지름,치수,-100.0,4338.530791304826,3406.9601382330825,7745.490929537909,25.0,10.0,309.8196371815164,불합격,,1.0,"프린터 축 래스터: seam 0, 샘플 XY 잡음 5 µm(보수); 배율 printer_axis 500 ppm, seam 0개; mode raster_point (id목록)"
낙관,M03,raster_point,printer_axis,길이40,치수,0.0,0.0,816.4965809277261,816.4965809277261,25.0,10.0,32.65986323710904,불합격,,1.0,"해석 계산; 프린터 축 래스터: seam 0, 샘플 XY 잡음 5 µm(보수); 배율 printer_axis 500 ppm, seam 0개; mode raster_point (id목록)"
낙관,M03,raster_point,printer_axis,경계,윤곽(참고),50.0,-2169.265395652413,1703.4800691165412,3872.7454647689547,25.0,10.0,154.9098185907582,불합격,,1.0,"프린터 축 래스터: seam 0, 샘플 XY 잡음 5 µm(보수); 배율 printer_axis 500 ppm, seam 0개; mode raster_point (id목록)"
낙관,M03,raster_point,printer_axis,위치,위치,223.60679774997897,225.62350667419403,164.15770006872603,389.78120674292006,50.0,20.0,7.795624134858401,불합격,,1.0,"프린터 축 래스터: seam 0, 샘플 XY 잡음 5 µm(보수); 배율 printer_axis 500 ppm, seam 0개; mode raster_point (id목록)"
낙관,M04,point_probe,calibrated,국소높이,높이,0.0,,,,5.0,2.0,,측정 불가,,0.0,"해석 판정; 배율 calibrated 20 ppm, seam 0개; mode point_probe (id목록)"
낙관,M04,point_probe,calibrated,단차,높이(참고),-20.0,0.0,5.656854249492381,5.656854249492381,5.0,2.0,1.131370849898476,불합격,경계,1.0,"해석 판정; 배율 calibrated 20 ppm, seam 0개; mode point_probe (id목록)"
낙관,M04,point_probe,calibrated,국소선폭,윤곽,40.0,,,,10.0,4.0,,측정 불가,,0.0,"해석 판정; 배율 calibrated 20 ppm, seam 0개; mode point_probe (id목록)"
낙관,M04,point_probe,calibrated,선폭,윤곽(참고),40.0,,,,10.0,4.0,,측정 불가,,0.0,"해석 판정; 배율 calibrated 20 ppm, seam 0개; mode point_probe (id목록)"
낙관,M04,point_probe,calibrated,구멍지름,치수,-100.0,0.0,2.0,2.0,25.0,10.0,0.08,10:1 통과,,1.0,"해석 판정; 배율 calibrated 20 ppm, seam 0개; mode point_probe (id목록)"
낙관,M04,point_probe,calibrated,길이40,치수,0.0,0.0,5.656854249492381,5.656854249492381,25.0,10.0,0.2262741699796952,10:1 통과,,1.0,"해석 판정; 배율 calibrated 20 ppm, seam 0개; mode point_probe (id목록)"
낙관,M04,point_probe,calibrated,경계,윤곽(참고),50.0,0.0,1.0,1.0,25.0,10.0,0.04,10:1 통과,,1.0,"해석 판정; 배율 calibrated 20 ppm, seam 0개; mode point_probe (id목록)"
낙관,M04,point_probe,calibrated,위치,위치,223.60679774997897,0.0,2.0,2.0,50.0,20.0,0.04,10:1 통과,,1.0,"해석 판정; 배율 calibrated 20 ppm, seam 0개; mode point_probe (id목록)"
낙관,M05,area,diy,국소높이,높이,0.0,-0.0007296744791262106,2.3885500407779308,2.389279715257057,5.0,2.0,0.4778559430514114,4:1 통과,,1.0,"배율 diy 500 ppm, seam 2개"
낙관,M05,area,diy,단차,높이(참고),-20.0,-0.03578155517578125,0.3583094673841244,0.39409102255990563,5.0,2.0,0.07881820451198113,10:1 통과,,1.0,"배율 diy 500 ppm, seam 2개"
낙관,M05,area,diy,국소선폭,윤곽,40.0,-1.306190729717987,10.066685664947242,11.372876394665228,10.0,4.0,1.1372876394665228,불합격,경계,1.0,"배율 diy 500 ppm, seam 2개"
낙관,M05,area,diy,선폭,윤곽(참고),40.0,-1.1204314682658367,7.75589023777739,8.876321706043226,10.0,4.0,0.8876321706043226,4:1 통과,,1.0,"배율 diy 500 ppm, seam 2개"
낙관,M05,area,diy,구멍지름,치수,-100.0,-0.026804290725785905,0.45812700768346526,0.48493129840925114,25.0,10.0,0.019397251936370045,10:1 통과,,1.0,"배율 diy 500 ppm, seam 2개"
낙관,M05,area,diy,길이40,치수,0.0,0.0,16.32993161855452,16.32993161855452,25.0,10.0,0.6531972647421809,4:1 통과,,1.0,"해석 계산; 배율 diy 500 ppm, seam 2개"
낙관,M05,area,diy,경계,윤곽(참고),50.0,0.013402145362892953,0.22906350384173263,0.24246564920462557,25.0,10.0,0.009698625968185022,10:1 통과,,1.0,"배율 diy 500 ppm, seam 2개"
낙관,M05,area,diy,위치,위치,223.60679774997897,0.4540145462472021,5.708817798656018,6.16283234490322,50.0,20.0,0.1232566468980644,10:1 통과,,1.0,"배율 diy 500 ppm, seam 2개"
낙관,M06,area,industrial,국소높이,높이,0.0,-0.0018812354436586823,0.3988971002323081,0.4007783356759668,5.0,2.0,0.08015566713519337,10:1 통과,,1.0,"배율 industrial 100 ppm, seam 1개"
낙관,M06,area,industrial,단차,높이(참고),-20.0,0.00551055908203125,0.05064016060087499,0.05615071968290624,5.0,2.0,0.011230143936581248,10:1 통과,,1.0,"배율 industrial 100 ppm, seam 1개"
낙관,M06,area,industrial,국소선폭,윤곽,40.0,-6.088410650716972,2.8814642262995904,8.969874877016563,10.0,4.0,0.8969874877016564,4:1 통과,,1.0,"배율 industrial 100 ppm, seam 1개"
낙관,M06,area,industrial,선폭,윤곽(참고),40.0,-6.100318553836935,2.645441258929165,8.7457598127661,10.0,4.0,0.87457598127661,4:1 통과,,1.0,"배율 industrial 100 ppm, seam 1개"
낙관,M06,area,industrial,구멍지름,치수,-100.0,-0.10021946057605419,4.0607592385247625e-05,0.10026006816843944,25.0,10.0,0.004010402726737578,10:1 통과,,1.0,"배율 industrial 100 ppm, seam 1개"
낙관,M06,area,industrial,길이40,치수,0.0,0.0,8.16496580927726,8.16496580927726,25.0,10.0,0.32659863237109044,10:1 통과,,1.0,"해석 계산; 배율 industrial 100 ppm, seam 1개"
낙관,M06,area,industrial,경계,윤곽(참고),50.0,0.05010973028802709,2.0303796192623813e-05,0.05013003408421972,25.0,10.0,0.002005201363368789,10:1 통과,,1.0,"배율 industrial 100 ppm, seam 1개"
낙관,M06,area,industrial,위치,위치,223.60679774997897,0.16217169768014997,2.8925023105903107,3.0546740082704607,50.0,20.0,0.06109348016540921,10:1 통과,,1.0,"배율 industrial 100 ppm, seam 1개"
낙관,M07,raster_point,printer_axis,국소높이,높이,0.0,-0.02051720536653459,1.6199046570966753,1.6404218624632099,5.0,2.0,0.328084372492642,10:1 통과,,1.0,"프린터 축 래스터: seam 0, 샘플 XY 잡음 5 µm(보수); 배율 printer_axis 500 ppm, seam 0개; mode raster_point (id목록)"
낙관,M07,raster_point,printer_axis,단차,높이(참고),-20.0,0.00176666259765625,0.22500370593304012,0.22677036853069638,5.0,2.0,0.045354073706139274,10:1 통과,,1.0,"프린터 축 래스터: seam 0, 샘플 XY 잡음 5 µm(보수); 배율 printer_axis 500 ppm, seam 0개; mode raster_point (id목록)"
낙관,M07,raster_point,printer_axis,국소선폭,윤곽,40.0,-9.792189434427321,22.813469489944325,32.605658924371646,10.0,4.0,3.2605658924371648,불합격,,1.0,"프린터 축 래스터: seam 0, 샘플 XY 잡음 5 µm(보수); 배율 printer_axis 500 ppm, seam 0개; mode raster_point (id목록)"
낙관,M07,raster_point,printer_axis,선폭,윤곽(참고),40.0,-9.702128598292722,22.61412501421466,32.31625361250738,10.0,4.0,3.231625361250738,불합격,,1.0,"프린터 축 래스터: seam 0, 샘플 XY 잡음 5 µm(보수); 배율 printer_axis 500 ppm, seam 0개; mode raster_point (id목록)"
낙관,M07,raster_point,printer_axis,구멍지름,치수,-100.0,-0.5913382700347029,2.202927669390159,2.794265939424862,25.0,10.0,0.11177063757699449,10:1 통과,,1.0,"프린터 축 래스터: seam 0, 샘플 XY 잡음 5 µm(보수); 배율 printer_axis 500 ppm, seam 0개; mode raster_point (id목록)"
낙관,M07,raster_point,printer_axis,길이40,치수,0.0,0.0,32.65986323710904,32.65986323710904,25.0,10.0,1.3063945294843617,불합격,,1.0,"해석 계산; 프린터 축 래스터: seam 0, 샘플 XY 잡음 5 µm(보수); 배율 printer_axis 500 ppm, seam 0개; mode raster_point (id목록)"
낙관,M07,raster_point,printer_axis,경계,윤곽(참고),50.0,0.2956691350173514,1.1014638346950796,1.397132969712431,25.0,10.0,0.05588531878849724,10:1 통과,,1.0,"프린터 축 래스터: seam 0, 샘플 XY 잡음 5 µm(보수); 배율 printer_axis 500 ppm, seam 0개; mode raster_point (id목록)"
낙관,M07,raster_point,printer_axis,위치,위치,223.60679774997897,0.13185028575693677,1.567422616930429,1.6992729026873659,50.0,20.0,0.033985458053747315,10:1 통과,,1.0,"프린터 축 래스터: seam 0, 샘플 XY 잡음 5 µm(보수); 배율 printer_axis 500 ppm, seam 0개; mode raster_point (id목록)"
낙관,M08,raster_point,printer_axis,국소높이,높이,0.0,2.2403121655128278e-05,0.19955846700742214,0.19958087012907727,5.0,2.0,0.03991617402581545,10:1 통과,,1.0,"프린터 축 래스터: seam 0, 샘플 XY 잡음 5 µm(보수); 배율 printer_axis 500 ppm, seam 0개; mode raster_point (id목록)"
낙관,M08,raster_point,printer_axis,단차,높이(참고),-20.0,0.00187042236328125,0.02798401098978823,0.02985443335306948,5.0,2.0,0.005970886670613896,10:1 통과,,1.0,"프린터 축 래스터: seam 0, 샘플 XY 잡음 5 µm(보수); 배율 printer_axis 500 ppm, seam 0개; mode raster_point (id목록)"
낙관,M08,raster_point,printer_axis,국소선폭,윤곽,40.0,-62.77585063190675,7.444207548546933,70.22005818045368,10.0,4.0,7.0220058180453675,불합격,,1.0,"프린터 축 래스터: seam 0, 샘플 XY 잡음 5 µm(보수); 배율 printer_axis 500 ppm, seam 0개; mode raster_point (id목록)"
낙관,M08,raster_point,printer_axis,선폭,윤곽(참고),40.0,-62.7750032076378,7.505625039264898,70.2806282469027,10.0,4.0,7.028062824690269,불합격,,1.0,"프린터 축 래스터: seam 0, 샘플 XY 잡음 5 µm(보수); 배율 printer_axis 500 ppm, seam 0개; mode raster_point (id목록)"
낙관,M08,raster_point,printer_axis,구멍지름,치수,-100.0,-0.10243496725715887,0.5519943760377074,0.6544293432948662,25.0,10.0,0.02617717373179465,10:1 통과,,1.0,"프린터 축 래스터: seam 0, 샘플 XY 잡음 5 µm(보수); 배율 printer_axis 500 ppm, seam 0개; mode raster_point (id목록)"
낙관,M08,raster_point,printer_axis,길이40,치수,0.0,0.0,16.32993161855452,16.32993161855452,25.0,10.0,0.6531972647421809,4:1 통과,,1.0,"해석 계산; 프린터 축 래스터: seam 0, 샘플 XY 잡음 5 µm(보수); 배율 printer_axis 500 ppm, seam 0개; mode raster_point (id목록)"
낙관,M08,raster_point,printer_axis,경계,윤곽(참고),50.0,0.05121748362857943,0.2759971880188537,0.3272146716474331,25.0,10.0,0.013088586865897325,10:1 통과,,1.0,"프린터 축 래스터: seam 0, 샘플 XY 잡음 5 µm(보수); 배율 printer_axis 500 ppm, seam 0개; mode raster_point (id목록)"
낙관,M08,raster_point,printer_axis,위치,위치,223.60679774997897,0.032308927889916364,0.5691533069369985,0.6014622348269149,50.0,20.0,0.012029244696538297,10:1 통과,,1.0,"프린터 축 래스터: seam 0, 샘플 XY 잡음 5 µm(보수); 배율 printer_axis 500 ppm, seam 0개; mode raster_point (id목록)"
낙관,M09,area,calibrated,국소높이,높이,0.0,0.001551279771244094,0.15093832919840197,0.15248960896964606,5.0,2.0,0.03049792179392921,10:1 통과,,1.0,"배율 calibrated 20 ppm, seam 2개"
낙관,M09,area,calibrated,단차,높이(참고),-20.0,0.0019622802734375,0.023086611140759602,0.0250488914141971,5.0,2.0,0.00500977828283942,10:1 통과,,1.0,"배율 calibrated 20 ppm, seam 2개"
낙관,M09,area,calibrated,국소선폭,윤곽,40.0,-107.29974373560391,2.773596453427993,110.07334018903191,10.0,4.0,11.00733401890319,불합격,,1.0,"배율 calibrated 20 ppm, seam 2개"
낙관,M09,area,calibrated,선폭,윤곽(참고),40.0,-107.30001824068437,2.756470806560883,110.05648904724525,10.0,4.0,11.005648904724525,불합격,,1.0,"배율 calibrated 20 ppm, seam 2개"
낙관,M09,area,calibrated,구멍지름,치수,-100.0,0.004120565258599527,0.37579560169044307,0.3799161669490426,25.0,10.0,0.015196646677961705,10:1 통과,,1.0,"배율 calibrated 20 ppm, seam 2개"
낙관,M09,area,calibrated,길이40,치수,0.0,0.0,8.16496580927726,8.16496580927726,25.0,10.0,0.32659863237109044,10:1 통과,,1.0,"해석 계산; 배율 calibrated 20 ppm, seam 2개"
낙관,M09,area,calibrated,경계,윤곽(참고),50.0,-0.0020602826292997634,0.18789780084522154,0.1899580834745213,25.0,10.0,0.007598323338980853,10:1 통과,,1.0,"배율 calibrated 20 ppm, seam 2개"
낙관,M09,area,calibrated,위치,위치,223.60679774997897,0.00733372755073774,0.18655183969388822,0.19388556724462597,50.0,20.0,0.0038777113448925193,10:1 통과,,1.0,"배율 calibrated 20 ppm, seam 2개"
낙관,M10,area,industrial,국소높이,높이,0.0,-0.0010317044205064383,0.2993438035226314,0.30037550794313783,5.0,2.0,0.06007510158862757,10:1 통과,,1.0,"배율 industrial 100 ppm, seam 7개"
낙관,M10,area,industrial,단차,높이(참고),-20.0,0.00202484130859375,0.0367475587582095,0.03877240006680325,5.0,2.0,0.00775448001336065,10:1 통과,,1.0,"배율 industrial 100 ppm, seam 7개"
낙관,M10,area,industrial,국소선폭,윤곽,40.0,-52.27338663511414,2.161548709767299,54.43493534488144,10.0,4.0,5.443493534488144,불합격,,1.0,"배율 industrial 100 ppm, seam 7개"
낙관,M10,area,industrial,선폭,윤곽(참고),40.0,-52.27992520526498,2.073270129293767,54.35319533455875,10.0,4.0,5.435319533455875,불합격,,1.0,"배율 industrial 100 ppm, seam 7개"
낙관,M10,area,industrial,구멍지름,치수,-100.0,0.028875267206458374,0.17463003865981197,0.20350530586627036,25.0,10.0,0.008140212234650814,10:1 통과,,1.0,"배율 industrial 100 ppm, seam 7개"
낙관,M10,area,industrial,길이40,치수,0.0,0.0,8.16496580927726,8.16496580927726,25.0,10.0,0.32659863237109044,10:1 통과,,1.0,"해석 계산; 배율 industrial 100 ppm, seam 7개"
낙관,M10,area,industrial,경계,윤곽(참고),50.0,-0.014437633603229187,0.08731501932990599,0.10175265293313518,25.0,10.0,0.004070106117325407,10:1 통과,,1.0,"배율 industrial 100 ppm, seam 7개"
낙관,M10,area,industrial,위치,위치,223.60679774997897,0.01841522269215755,0.28042715001718904,0.2988423727093466,50.0,20.0,0.005976847454186932,10:1 통과,,1.0,"배율 industrial 100 ppm, seam 7개"
낙관,M11,area,diy,국소높이,높이,0.0,0.002922179910452919,0.9519293218775284,0.9548515017879814,5.0,2.0,0.19097030035759627,10:1 통과,,1.0,"배율 diy 500 ppm, seam 1개"
낙관,M11,area,diy,단차,높이(참고),-20.0,-0.00741241455078125,0.10360964596625316,0.11102206051703441,5.0,2.0,0.02220441210340688,10:1 통과,,1.0,"배율 diy 500 ppm, seam 1개"
낙관,M11,area,diy,국소선폭,윤곽,40.0,-2.080899678120321,4.810683285428787,6.891582963549109,10.0,4.0,0.6891582963549109,4:1 통과,,1.0,"배율 diy 500 ppm, seam 1개"
낙관,M11,area,diy,선폭,윤곽(참고),40.0,-2.1111524288795236,4.265404952755219,6.3765573816347425,10.0,4.0,0.6376557381634742,4:1 통과,,1.0,"배율 diy 500 ppm, seam 1개"
낙관,M11,area,diy,구멍지름,치수,-100.0,0.31746515067315156,0.486595823758204,0.8040609744313556,25.0,10.0,0.032162438977254224,10:1 통과,,1.0,"배율 diy 500 ppm, seam 1개"
낙관,M11,area,diy,길이40,치수,0.0,0.0,15.350135721441251,15.350135721441251,25.0,10.0,0.6140054288576501,4:1 통과,,1.0,"해석 계산; 배율 diy 500 ppm, seam 1개"
낙관,M11,area,diy,경계,윤곽(참고),50.0,-0.15873257533657578,0.243297911879102,0.4020304872156778,25.0,10.0,0.016081219488627112,10:1 통과,,1.0,"배율 diy 500 ppm, seam 1개"
낙관,M11,area,diy,위치,위치,223.60679774997897,0.02620983915313385,0.21409316430563577,0.24030300345876962,50.0,20.0,0.004806060069175392,10:1 통과,,1.0,"배율 diy 500 ppm, seam 1개"
낙관,M12,area,diy,국소높이,높이,0.0,0.020523309989095368,4.003151543589898,4.023674853578994,5.0,2.0,0.8047349707157988,4:1 통과,,1.0,"배율 diy 500 ppm, seam 0개"
낙관,M12,area,diy,단차,높이(참고),-20.0,0.01800018310546875,0.5278113759122425,0.5458115590177113,5.0,2.0,0.10916231180354226,10:1 통과,,1.0,"배율 diy 500 ppm, seam 0개"
낙관,M12,area,diy,국소선폭,윤곽,40.0,-3.438723869509172,14.967408474295864,18.406132343805037,10.0,4.0,1.8406132343805037,불합격,,1.0,"배율 diy 500 ppm, seam 0개"
낙관,M12,area,diy,선폭,윤곽(참고),40.0,-1.0458102373932876,7.860963964930314,8.906774202323602,10.0,4.0,0.8906774202323602,4:1 통과,,1.0,"배율 diy 500 ppm, seam 0개"
낙관,M12,area,diy,구멍지름,치수,-100.0,-0.25431946658847665,2.7828993851572063e-05,0.2543472955823282,25.0,10.0,0.010173891823293129,10:1 통과,,1.0,"배율 diy 500 ppm, seam 0개"
낙관,M12,area,diy,길이40,치수,0.0,0.0,16.32993161855452,16.32993161855452,25.0,10.0,0.6531972647421809,4:1 통과,,1.0,"해석 계산; 배율 diy 500 ppm, seam 0개"
낙관,M12,area,diy,경계,윤곽(참고),50.0,0.12715973329423833,1.3914496925786031e-05,0.1271736477911641,25.0,10.0,0.0050869459116465645,10:1 통과,,1.0,"배율 diy 500 ppm, seam 0개"
낙관,M12,area,diy,위치,위치,223.60679774997897,0.26776635765303713,5.760934720388109,6.028701078041146,50.0,20.0,0.12057402156082292,10:1 통과,,1.0,"배율 diy 500 ppm, seam 0개"
낙관,M13,area,diy,국소높이,높이,0.0,-0.019408426102383674,3.9879999267049113,4.007408352807295,5.0,2.0,0.801481670561459,4:1 통과,,1.0,"배율 diy 500 ppm, seam 0개"
낙관,M13,area,diy,단차,높이(참고),-20.0,-0.04281951904296875,0.5976226235524946,0.6404421425954634,5.0,2.0,0.1280884285190927,10:1 통과,,1.0,"배율 diy 500 ppm, seam 0개"
낙관,M13,area,diy,국소선폭,윤곽,40.0,-8.090895831789464,12.344057941930409,20.434953773719872,10.0,4.0,2.043495377371987,불합격,,1.0,"배율 diy 500 ppm, seam 0개"
낙관,M13,area,diy,선폭,윤곽(참고),40.0,-5.335490075046486,5.19110457989692,10.526594654943406,10.0,4.0,1.0526594654943406,불합격,경계,1.0,"배율 diy 500 ppm, seam 0개"
낙관,M13,area,diy,구멍지름,치수,-100.0,0.04032525376144804,3.2302141413221794e-05,0.04035755590286126,25.0,10.0,0.0016143022361144504,10:1 통과,,1.0,"배율 diy 500 ppm, seam 0개"
낙관,M13,area,diy,길이40,치수,0.0,0.0,13.063945294843618,13.063945294843618,25.0,10.0,0.5225578117937447,4:1 통과,,1.0,"해석 계산; 배율 diy 500 ppm, seam 0개"
낙관,M13,area,diy,경계,윤곽(참고),50.0,-0.02016262688072402,1.6151070706610897e-05,0.02017877795143063,25.0,10.0,0.0008071511180572252,10:1 통과,,1.0,"배율 diy 500 ppm, seam 0개"
낙관,M13,area,diy,위치,위치,223.60679774997897,0.35977873224693135,4.802019102140746,5.161797834387677,50.0,20.0,0.10323595668775354,10:1 통과,,1.0,"배율 diy 500 ppm, seam 0개"
낙관,M14,area,calibrated,국소높이,높이,0.0,-5.621766685802251e-05,0.020046531625427973,0.020102749292285994,5.0,2.0,0.0040205498584571986,10:1 통과,,1.0,"xy_step 1.76 < 2 µm → 2 µm 로 처리; 배율 calibrated 20 ppm, seam 14개"
낙관,M14,area,calibrated,단차,높이(참고),-20.0,-0.0002801513671875,0.002613362664316363,0.0028935140315038627,5.0,2.0,0.0005787028063007725,10:1 통과,,1.0,"xy_step 1.76 < 2 µm → 2 µm 로 처리; 배율 calibrated 20 ppm, seam 14개"
낙관,M14,area,calibrated,국소선폭,윤곽,40.0,-0.06971871362960744,0.10602861557889935,0.17574732920850678,10.0,4.0,0.017574732920850676,10:1 통과,,1.0,"xy_step 1.76 < 2 µm → 2 µm 로 처리; 배율 calibrated 20 ppm, seam 14개"
낙관,M14,area,calibrated,선폭,윤곽(참고),40.0,-0.07013341503689845,0.029613825724274907,0.09974724076117336,10.0,4.0,0.009974724076117335,10:1 통과,,1.0,"xy_step 1.76 < 2 µm → 2 µm 로 처리; 배율 calibrated 20 ppm, seam 14개"
낙관,M14,area,calibrated,구멍지름,치수,-100.0,0.01710779936766812,0.12835788304567994,0.14546568241334806,25.0,10.0,0.005818627296533922,10:1 통과,,1.0,"xy_step 1.76 < 2 µm → 2 µm 로 처리; 배율 calibrated 20 ppm, seam 14개"
낙관,M14,area,calibrated,길이40,치수,0.0,0.0,1.6329931618554523,1.6329931618554523,25.0,10.0,0.06531972647421809,10:1 통과,,1.0,"해석 계산; xy_step 1.76 < 2 µm → 2 µm 로 처리; 배율 calibrated 20 ppm, seam 14개"
낙관,M14,area,calibrated,경계,윤곽(참고),50.0,-0.00855389968383406,0.06417894152283997,0.07273284120667403,25.0,10.0,0.002909313648266961,10:1 통과,,1.0,"xy_step 1.76 < 2 µm → 2 µm 로 처리; 배율 calibrated 20 ppm, seam 14개"
낙관,M14,area,calibrated,위치,위치,223.60679774997897,0.04246301881116404,1.263135027948334,1.305598046759498,50.0,20.0,0.02611196093518996,10:1 통과,,1.0,"xy_step 1.76 < 2 µm → 2 µm 로 처리; 배율 calibrated 20 ppm, seam 14개"
낙관,M15,area,calibrated,국소높이,높이,0.0,3.18154981835634e-06,0.0061709077637471235,0.00617408931356548,5.0,2.0,0.0012348178627130959,10:1 통과,,1.0,"배율 calibrated 20 ppm, seam 10개"
낙관,M15,area,calibrated,단차,높이(참고),-20.0,-1.190185546875e-05,0.0007988830158482863,0.0008107848713170364,5.0,2.0,0.00016215697426340728,10:1 통과,,1.0,"배율 calibrated 20 ppm, seam 10개"
낙관,M15,area,calibrated,국소선폭,윤곽,40.0,-84.8468558520154,0.46109864917226234,85.30795450118765,10.0,4.0,8.530795450118765,불합격,,1.0,"배율 calibrated 20 ppm, seam 10개"
낙관,M15,area,calibrated,선폭,윤곽(참고),40.0,-84.84683363026772,0.46456478230215675,85.31139841256989,10.0,4.0,8.531139841256989,불합격,,1.0,"배율 calibrated 20 ppm, seam 10개"
낙관,M15,area,calibrated,구멍지름,치수,-100.0,-0.030412694394271966,0.07163917732983444,0.1020518717241064,25.0,10.0,0.004082074868964256,10:1 통과,,1.0,"배율 calibrated 20 ppm, seam 10개"
낙관,M15,area,calibrated,길이40,치수,0.0,0.0,2.5556342983037825,2.5556342983037825,25.0,10.0,0.1022253719321513,10:1 통과,,1.0,"해석 계산; 배율 calibrated 20 ppm, seam 10개"
낙관,M15,area,calibrated,경계,윤곽(참고),50.0,0.015206347197135983,0.03581958866491722,0.0510259358620532,25.0,10.0,0.002041037434482128,10:1 통과,,1.0,"배율 calibrated 20 ppm, seam 10개"
낙관,M15,area,calibrated,위치,위치,223.60679774997897,0.001752209263320148,0.03266582824088181,0.034418037504201957,50.0,20.0,0.0006883607500840391,10:1 통과,,1.0,"배율 calibrated 20 ppm, seam 10개"
낙관,M16,area,calibrated,국소높이,높이,0.0,-3.342696008187103e-05,0.024965258962925313,0.024998685923007184,5.0,2.0,0.004999737184601437,10:1 통과,,1.0,"배율 calibrated 20 ppm, seam 15개"
낙관,M16,area,calibrated,단차,높이(참고),-20.0,-7.75146484375e-05,0.0031361815331160266,0.003213696181553527,5.0,2.0,0.0006427392363107054,10:1 통과,,1.0,"배율 calibrated 20 ppm, seam 15개"
낙관,M16,area,calibrated,국소선폭,윤곽,40.0,-29.841371423698867,0.6414585362615373,30.482829959960405,10.0,4.0,3.0482829959960407,불합격,,1.0,"배율 calibrated 20 ppm, seam 15개"
낙관,M16,area,calibrated,선폭,윤곽(참고),40.0,-29.841558570738258,0.6412894895816886,30.482848060319945,10.0,4.0,3.0482848060319947,불합격,,1.0,"배율 calibrated 20 ppm, seam 15개"
낙관,M16,area,calibrated,구멍지름,치수,-100.0,0.0293621749947215,0.023460094758798306,0.05282226975351981,25.0,10.0,0.0021128907901407923,10:1 통과,,1.0,"배율 calibrated 20 ppm, seam 15개"
낙관,M16,area,calibrated,길이40,치수,0.0,0.0,2.041241452319315,2.041241452319315,25.0,10.0,0.08164965809277261,10:1 통과,,1.0,"해석 계산; 배율 calibrated 20 ppm, seam 15개"
낙관,M16,area,calibrated,경계,윤곽(참고),50.0,-0.01468108749736075,0.011730047379399153,0.026411134876759904,25.0,10.0,0.0010564453950703961,10:1 통과,,1.0,"배율 calibrated 20 ppm, seam 15개"
낙관,M16,area,calibrated,위치,위치,223.60679774997897,0.024631441881054792,0.28500171159004223,0.30963315347109704,50.0,20.0,0.006192663069421941,10:1 통과,,1.0,"배율 calibrated 20 ppm, seam 15개"
낙관,M17,area,diy,국소높이,높이,0.0,4.200901492847502,1205.7252426652262,1209.9261441580738,5.0,2.0,241.98522883161476,불합격,,1.0,"배율 diy 500 ppm, seam 0개"
낙관,M17,area,diy,단차,높이(참고),-20.0,10.588836822509766,184.98604490284305,195.5748817253528,5.0,2.0,39.11497634507056,불합격,,1.0,"배율 diy 500 ppm, seam 0개"
낙관,M17,area,diy,국소선폭,윤곽,40.0,-216.85472142663747,481.9991893079143,698.8539107345518,10.0,4.0,69.88539107345518,불합격,,1.0,"배율 diy 500 ppm, seam 0개"
낙관,M17,area,diy,선폭,윤곽(참고),40.0,-163.82904420619914,693.3013926568973,857.1304368630964,10.0,4.0,85.71304368630965,불합격,,0.96,"배율 diy 500 ppm, seam 0개"
낙관,M17,area,diy,구멍지름,치수,-100.0,1887.854696386236,91.11172992596029,1978.9664263121963,25.0,10.0,79.15865705248785,불합격,,1.0,"배율 diy 500 ppm, seam 0개"
낙관,M17,area,diy,길이40,치수,0.0,0.0,128.189963205653,128.189963205653,25.0,10.0,5.12759852822612,불합격,,1.0,"해석 계산; 배율 diy 500 ppm, seam 0개"
낙관,M17,area,diy,경계,윤곽(참고),50.0,-943.927348193118,45.555864962980145,989.4832131560981,25.0,10.0,39.57932852624393,불합격,,1.0,"배율 diy 500 ppm, seam 0개"
낙관,M17,area,diy,위치,위치,223.60679774997897,196.5150372275654,8.557844968999785,205.07288219656516,50.0,20.0,4.101457643931303,불합격,,1.0,"배율 diy 500 ppm, seam 0개"
낙관,M18,area,printer_axis,국소높이,높이,0.0,-0.00040244956631736874,0.09939835187312428,0.09980080143944164,5.0,2.0,0.01996016028788833,10:1 통과,,1.0,"xy_step 1.1 < 2 µm → 2 µm 로 처리; 배율 printer_axis 500 ppm, seam 29개"
낙관,M18,area,printer_axis,단차,높이(참고),-20.0,0.00012725830078125,0.015488811527234626,0.015616069828015876,5.0,2.0,0.0031232139656031752,10:1 통과,,1.0,"xy_step 1.1 < 2 µm → 2 µm 로 처리; 배율 printer_axis 500 ppm, seam 29개"
낙관,M18,area,printer_axis,국소선폭,윤곽,40.0,-16.37434018430178,0.5058506529983682,16.880190837300148,10.0,4.0,1.6880190837300149,불합격,,1.0,"xy_step 1.1 < 2 µm → 2 µm 로 처리; 배율 printer_axis 500 ppm, seam 29개"
낙관,M18,area,printer_axis,선폭,윤곽(참고),40.0,-16.377975877959056,0.3435614380407701,16.721537315999825,10.0,4.0,1.6721537315999826,불합격,,1.0,"xy_step 1.1 < 2 µm → 2 µm 로 처리; 배율 printer_axis 500 ppm, seam 29개"
낙관,M18,area,printer_axis,구멍지름,치수,-100.0,-0.03190895928337341,4.2145682790552136e-05,0.03195110496616396,25.0,10.0,0.0012780441986465585,10:1 통과,,1.0,"xy_step 1.1 < 2 µm → 2 µm 로 처리; 배율 printer_axis 500 ppm, seam 29개"
낙관,M18,area,printer_axis,길이40,치수,0.0,0.0,1.6329931618554523,1.6329931618554523,25.0,10.0,0.06531972647421809,10:1 통과,,1.0,"해석 계산; xy_step 1.1 < 2 µm → 2 µm 로 처리; 배율 printer_axis 500 ppm, seam 29개"
낙관,M18,area,printer_axis,경계,윤곽(참고),50.0,0.015954479641686704,2.1072841395276068e-05,0.01597555248308198,25.0,10.0,0.0006390220993232793,10:1 통과,,1.0,"xy_step 1.1 < 2 µm → 2 µm 로 처리; 배율 printer_axis 500 ppm, seam 29개"
낙관,M18,area,printer_axis,위치,위치,223.60679774997897,0.07466930735406428,1.1199371460110845,1.1946064533651488,50.0,20.0,0.023892129067302977,10:1 통과,,1.0,"xy_step 1.1 < 2 µm → 2 µm 로 처리; 배율 printer_axis 500 ppm, seam 29개"
낙관,M19,area,diy,국소높이,높이,0.0,-0.012070774921042074,1.6549964865584177,1.6670672614794597,5.0,2.0,0.3334134522958919,10:1 통과,,1.0,"배율 diy 500 ppm, seam 2개"
낙관,M19,area,diy,단차,높이(참고),-20.0,-0.00102813720703125,0.21888502227084067,0.2199131594778719,5.0,2.0,0.04398263189557438,10:1 통과,,1.0,"배율 diy 500 ppm, seam 2개"
낙관,M19,area,diy,국소선폭,윤곽,40.0,-11.286743310086118,5.969870357353863,17.256613667439982,10.0,4.0,1.7256613667439982,불합격,,1.0,"배율 diy 500 ppm, seam 2개"
낙관,M19,area,diy,선폭,윤곽(참고),40.0,-10.775180362834897,1.7332580475766093,12.508438410411506,10.0,4.0,1.2508438410411507,불합격,경계,1.0,"배율 diy 500 ppm, seam 2개"
낙관,M19,area,diy,구멍지름,치수,-100.0,-0.010202064723853255,3.406460438420545e-05,0.010236129328237462,25.0,10.0,0.00040944517312949846,10:1 통과,,1.0,"배율 diy 500 ppm, seam 2개"
낙관,M19,area,diy,길이40,치수,0.0,0.0,4.4907311951024935,4.4907311951024935,25.0,10.0,0.17962924780409975,10:1 통과,,1.0,"해석 계산; 배율 diy 500 ppm, seam 2개"
낙관,M19,area,diy,경계,윤곽(참고),50.0,0.005101032361926628,1.7032302192102724e-05,0.005118064664118731,25.0,10.0,0.00020472258656474923,10:1 통과,,1.0,"배율 diy 500 ppm, seam 2개"
낙관,M19,area,diy,위치,위치,223.60679774997897,0.04707932447158818,1.0286844839012002,1.0757638083727883,50.0,20.0,0.021515276167455764,10:1 통과,,1.0,"배율 diy 500 ppm, seam 2개"
낙관,M20,2d,diy,국소높이,높이,0.0,,,,5.0,2.0,,측정 불가,,0.0,"배율 diy 500 ppm, seam 0개; mode 2d (id목록)"
낙관,M20,2d,diy,단차,높이(참고),-20.0,,,,5.0,2.0,,측정 불가,,0.0,"배율 diy 500 ppm, seam 0개; mode 2d (id목록)"
낙관,M20,2d,diy,국소선폭,윤곽,40.0,-0.008865404085732963,3.1870666753812626,3.1959320794669956,10.0,4.0,0.31959320794669954,10:1 통과,,1.0,"배율 diy 500 ppm, seam 0개; mode 2d (id목록)"
낙관,M20,2d,diy,선폭,윤곽(참고),40.0,-0.008865404085732963,3.2176344460754525,3.2264998501611855,10.0,4.0,0.3226499850161185,10:1 통과,,1.0,"배율 diy 500 ppm, seam 0개; mode 2d (id목록)"
낙관,M20,2d,diy,구멍지름,치수,-100.0,-0.014321532140420458,0.1346265103520717,0.14894804249249216,25.0,10.0,0.005957921699699687,10:1 통과,,1.0,"배율 diy 500 ppm, seam 0개; mode 2d (id목록)"
낙관,M20,2d,diy,길이40,치수,0.0,0.0,4.327431878916949,4.327431878916949,25.0,10.0,0.17309727515667794,10:1 통과,,1.0,"해석 계산; 배율 diy 500 ppm, seam 0개; mode 2d (id목록)"
낙관,M20,2d,diy,경계,윤곽(참고),50.0,0.007160766070210229,0.06731325517603585,0.07447402124624608,25.0,10.0,0.0029789608498498434,10:1 통과,,1.0,"배율 diy 500 ppm, seam 0개; mode 2d (id목록)"
낙관,M20,2d,diy,위치,위치,223.60679774997897,0.004418436340184772,0.13107105930027274,0.1354894956404575,50.0,20.0,0.00270978991280915,10:1 통과,,1.0,"배율 diy 500 ppm, seam 0개; mode 2d (id목록)"
낙관,M21,2d,industrial,국소높이,높이,0.0,,,,5.0,2.0,,측정 불가,,0.0,"배율 industrial 100 ppm, seam 0개; mode 2d (id목록)"
낙관,M21,2d,industrial,단차,높이(참고),-20.0,,,,5.0,2.0,,측정 불가,,0.0,"배율 industrial 100 ppm, seam 0개; mode 2d (id목록)"
낙관,M21,2d,industrial,국소선폭,윤곽,40.0,-0.007133353278140931,14.443025267076338,14.450158620354479,10.0,4.0,1.4450158620354479,불합격,,1.0,"배율 industrial 100 ppm, seam 0개; mode 2d (id목록)"
낙관,M21,2d,industrial,선폭,윤곽(참고),40.0,-0.007133353278140931,14.5815511058687,14.58868445914684,10.0,4.0,1.4588684459146841,불합격,,1.0,"배율 industrial 100 ppm, seam 0개; mode 2d (id목록)"
낙관,M21,2d,industrial,구멍지름,치수,-100.0,-0.04153238884776329,0.5141658976094083,0.5556982864571717,25.0,10.0,0.022227931458286866,10:1 통과,,1.0,"배율 industrial 100 ppm, seam 0개; mode 2d (id목록)"
낙관,M21,2d,industrial,길이40,치수,0.0,0.0,15.513435037626795,15.513435037626795,25.0,10.0,0.6205374015050719,4:1 통과,,1.0,"해석 계산; 배율 industrial 100 ppm, seam 0개; mode 2d (id목록)"
낙관,M21,2d,industrial,경계,윤곽(참고),50.0,0.020766194423881643,0.25708294880470417,0.27784914322858584,25.0,10.0,0.011113965729143433,10:1 통과,,1.0,"배율 industrial 100 ppm, seam 0개; mode 2d (id목록)"
낙관,M21,2d,industrial,위치,위치,223.60679774997897,0.04167710874921289,0.48027749621993127,0.5219546049691441,50.0,20.0,0.010439092099382883,10:1 통과,,1.0,"배율 industrial 100 ppm, seam 0개; mode 2d (id목록)"
낙관,M22,2d,diy,국소높이,높이,0.0,,,,5.0,2.0,,측정 불가,,0.0,"배율 diy 500 ppm, seam 5개; mode 2d (id목록)"
낙관,M22,2d,diy,단차,높이(참고),-20.0,,,,5.0,2.0,,측정 불가,,0.0,"배율 diy 500 ppm, seam 5개; mode 2d (id목록)"
낙관,M22,2d,diy,국소선폭,윤곽,40.0,-0.19765894211072235,2.3343638806910487,2.532022822801771,10.0,4.0,0.2532022822801771,10:1 통과,,1.0,"배율 diy 500 ppm, seam 5개; mode 2d (id목록)"
낙관,M22,2d,diy,선폭,윤곽(참고),40.0,-0.19765894211072235,2.3567532145487182,2.5544121566594407,10.0,4.0,0.2554412156659441,10:1 통과,,1.0,"배율 diy 500 ppm, seam 5개; mode 2d (id목록)"
낙관,M22,2d,diy,구멍지름,치수,-100.0,-0.005915306801252882,0.059805572616167764,0.06572087941742065,25.0,10.0,0.002628835176696826,10:1 통과,,1.0,"배율 diy 500 ppm, seam 5개; mode 2d (id목록)"
낙관,M22,2d,diy,길이40,치수,0.0,0.0,2.4494897427831783,2.4494897427831783,25.0,10.0,0.09797958971132713,10:1 통과,,1.0,"해석 계산; 배율 diy 500 ppm, seam 5개; mode 2d (id목록)"
낙관,M22,2d,diy,경계,윤곽(참고),50.0,0.002957653400626441,0.029902786308083882,0.032860439708710325,25.0,10.0,0.001314417588348413,10:1 통과,,1.0,"배율 diy 500 ppm, seam 5개; mode 2d (id목록)"
낙관,M22,2d,diy,위치,위치,223.60679774997897,0.004444186467395119,0.03703698946224321,0.04148117592963833,50.0,20.0,0.0008296235185927665,10:1 통과,,1.0,"배율 diy 500 ppm, seam 5개; mode 2d (id목록)"
낙관,M23,area,calibrated,국소높이,높이,0.0,-0.0142230273091737,1.256773623824242,1.2709966511334156,5.0,2.0,0.2541993302266831,10:1 통과,,1.0,"배율 calibrated 20 ppm, seam 0개"
낙관,M23,area,calibrated,단차,높이(참고),-20.0,0.01603271484375,0.1871479514137727,0.20318066625752268,5.0,2.0,0.04063613325150454,10:1 통과,,1.0,"배율 calibrated 20 ppm, seam 0개"
낙관,M23,area,calibrated,국소선폭,윤곽,40.0,-8.252494163461053,5.114035111047781,13.366529274508835,10.0,4.0,1.3366529274508836,불합격,,1.0,"배율 calibrated 20 ppm, seam 0개"
낙관,M23,area,calibrated,선폭,윤곽(참고),40.0,-8.245429158529957,4.610257063746412,12.855686222276368,10.0,4.0,1.2855686222276368,불합격,경계,1.0,"배율 calibrated 20 ppm, seam 0개"
낙관,M23,area,calibrated,구멍지름,치수,-100.0,0.031785161707894076,1.7579068315438817,1.7896919932517759,25.0,10.0,0.07158767973007103,10:1 통과,,1.0,"배율 calibrated 20 ppm, seam 0개"
낙관,M23,area,calibrated,길이40,치수,0.0,0.0,20.412414523193153,20.412414523193153,25.0,10.0,0.8164965809277261,4:1 통과,,1.0,"해석 계산; 배율 calibrated 20 ppm, seam 0개"
낙관,M23,area,calibrated,경계,윤곽(참고),50.0,-0.015892580853947038,0.8789534157719409,0.8948459966258879,25.0,10.0,0.035793839865035516,10:1 통과,,1.0,"배율 calibrated 20 ppm, seam 0개"
낙관,M23,area,calibrated,위치,위치,223.60679774997897,0.11642117099776035,1.2303514425729842,1.3467726135707445,50.0,20.0,0.02693545227141489,10:1 통과,,1.0,"배율 calibrated 20 ppm, seam 0개"
낙관,M24,point_probe,calibrated,국소높이,높이,0.0,0.0,4.0,4.0,5.0,2.0,0.8,4:1 통과,,1.0,"해석 판정; 배율 calibrated 20 ppm, seam 15개; mode point_probe (csv)"
낙관,M24,point_probe,calibrated,단차,높이(참고),-20.0,0.0,5.656854249492381,5.656854249492381,5.0,2.0,1.131370849898476,불합격,경계,1.0,"해석 판정; 배율 calibrated 20 ppm, seam 15개; mode point_probe (csv)"
낙관,M24,point_probe,calibrated,국소선폭,윤곽,40.0,0.0,5.656854249492381,5.656854249492381,10.0,4.0,0.565685424949238,4:1 통과,,1.0,"해석 판정; 배율 calibrated 20 ppm, seam 15개; mode point_probe (csv)"
낙관,M24,point_probe,calibrated,선폭,윤곽(참고),40.0,0.0,5.656854249492381,5.656854249492381,10.0,4.0,0.565685424949238,4:1 통과,,1.0,"해석 판정; 배율 calibrated 20 ppm, seam 15개; mode point_probe (csv)"
낙관,M24,point_probe,calibrated,구멍지름,치수,-100.0,0.0,2.0,2.0,25.0,10.0,0.08,10:1 통과,,1.0,"해석 판정; 배율 calibrated 20 ppm, seam 15개; mode point_probe (csv)"
낙관,M24,point_probe,calibrated,길이40,치수,0.0,0.0,5.656854249492381,5.656854249492381,25.0,10.0,0.2262741699796952,10:1 통과,,1.0,"해석 판정; 배율 calibrated 20 ppm, seam 15개; mode point_probe (csv)"
낙관,M24,point_probe,calibrated,경계,윤곽(참고),50.0,0.0,1.0,1.0,25.0,10.0,0.04,10:1 통과,,1.0,"해석 판정; 배율 calibrated 20 ppm, seam 15개; mode point_probe (csv)"
낙관,M24,point_probe,calibrated,위치,위치,223.60679774997897,0.0,2.0,2.0,50.0,20.0,0.04,10:1 통과,,1.0,"해석 판정; 배율 calibrated 20 ppm, seam 15개; mode point_probe (csv)"
낙관,M25,point_probe,calibrated,국소높이,높이,0.0,,,,5.0,2.0,,측정 불가,,0.0,"해석 판정; 배율 calibrated 20 ppm, seam 0개; mode point_probe (csv)"
낙관,M25,point_probe,calibrated,단차,높이(참고),-20.0,0.0,2.8284271247461903,2.8284271247461903,5.0,2.0,0.565685424949238,4:1 통과,,1.0,"해석 판정; 배율 calibrated 20 ppm, seam 0개; mode point_probe (csv)"
낙관,M25,point_probe,calibrated,국소선폭,윤곽,40.0,0.0,2.8284271247461903,2.8284271247461903,10.0,4.0,0.282842712474619,10:1 통과,,1.0,"해석 판정; 배율 calibrated 20 ppm, seam 0개; mode point_probe (csv)"
낙관,M25,point_probe,calibrated,선폭,윤곽(참고),40.0,0.0,2.8284271247461903,2.8284271247461903,10.0,4.0,0.282842712474619,10:1 통과,,1.0,"해석 판정; 배율 calibrated 20 ppm, seam 0개; mode point_probe (csv)"
낙관,M25,point_probe,calibrated,구멍지름,치수,-100.0,0.0,1.0,1.0,25.0,10.0,0.04,10:1 통과,,1.0,"해석 판정; 배율 calibrated 20 ppm, seam 0개; mode point_probe (csv)"
낙관,M25,point_probe,calibrated,길이40,치수,0.0,0.0,2.8284271247461903,2.8284271247461903,25.0,10.0,0.1131370849898476,10:1 통과,,1.0,"해석 판정; 배율 calibrated 20 ppm, seam 0개; mode point_probe (csv)"
낙관,M25,point_probe,calibrated,경계,윤곽(참고),50.0,0.0,0.5,0.5,25.0,10.0,0.02,10:1 통과,,1.0,"해석 판정; 배율 calibrated 20 ppm, seam 0개; mode point_probe (csv)"
낙관,M25,point_probe,calibrated,위치,위치,223.60679774997897,0.0,1.0,1.0,50.0,20.0,0.02,10:1 통과,,1.0,"해석 판정; 배율 calibrated 20 ppm, seam 0개; mode point_probe (csv)"
낙관,M26,line_profiler,calibrated,국소높이,높이,0.0,7.521420143387634e-05,0.02600710938564721,0.026082323587081086,5.0,2.0,0.005216464717416217,10:1 통과,,1.0,"xy_step 1 < 2 µm → 2 µm 로 처리; 배율 calibrated 20 ppm, seam 0개; 선 단면 장비(면 측정은 래스터 가정, 면 래스터 140,000 분); mode line_profiler (csv)"
낙관,M26,line_profiler,calibrated,단차,높이(참고),-20.0,-3.936767578125e-05,0.003117674457112717,0.003157042132893967,5.0,2.0,0.0006314084265787934,10:1 통과,,1.0,"xy_step 1 < 2 µm → 2 µm 로 처리; 배율 calibrated 20 ppm, seam 0개; 선 단면 장비(면 측정은 래스터 가정, 면 래스터 140,000 분); mode line_profiler (csv)"
낙관,M26,line_profiler,calibrated,국소선폭,윤곽,40.0,-7.552611915819964,0.3811175976099055,7.933729513429869,10.0,4.0,0.7933729513429869,4:1 통과,,1.0,"xy_step 1 < 2 µm → 2 µm 로 처리; 배율 calibrated 20 ppm, seam 0개; 선 단면 장비(면 측정은 래스터 가정, 면 래스터 140,000 분); mode line_profiler (csv)"
낙관,M26,line_profiler,calibrated,선폭,윤곽(참고),40.0,-7.552949319488851,0.3577688681270742,7.910718187615926,10.0,4.0,0.7910718187615926,4:1 통과,,1.0,"xy_step 1 < 2 µm → 2 µm 로 처리; 배율 calibrated 20 ppm, seam 0개; 선 단면 장비(면 측정은 래스터 가정, 면 래스터 140,000 분); mode line_profiler (csv)"
낙관,M26,line_profiler,calibrated,구멍지름,치수,-100.0,0.02038434492215856,4.385821201602661e-05,0.020428203134174587,25.0,10.0,0.0008171281253669835,10:1 통과,,1.0,"xy_step 1 < 2 µm → 2 µm 로 처리; 배율 calibrated 20 ppm, seam 0개; 선 단면 장비(면 측정은 래스터 가정, 면 래스터 140,000 분); mode line_profiler (csv)"
낙관,M26,line_profiler,calibrated,길이40,치수,0.0,0.0,1.6329931618554523,1.6329931618554523,25.0,10.0,0.06531972647421809,10:1 통과,,1.0,"해석 계산; xy_step 1 < 2 µm → 2 µm 로 처리; 배율 calibrated 20 ppm, seam 0개; 선 단면 장비(면 측정은 래스터 가정, 면 래스터 140,000 분); mode line_profiler (csv)"
낙관,M26,line_profiler,calibrated,경계,윤곽(참고),50.0,-0.01019217246107928,2.1929106008013304e-05,0.010214101567087294,25.0,10.0,0.00040856406268349174,10:1 통과,,1.0,"xy_step 1 < 2 µm → 2 µm 로 처리; 배율 calibrated 20 ppm, seam 0개; 선 단면 장비(면 측정은 래스터 가정, 면 래스터 140,000 분); mode line_profiler (csv)"
낙관,M26,line_profiler,calibrated,위치,위치,223.60679774997897,0.01437694172180797,1.2842892480605885,1.2986661897823966,50.0,20.0,0.025973323795647933,10:1 통과,,1.0,"xy_step 1 < 2 µm → 2 µm 로 처리; 배율 calibrated 20 ppm, seam 0개; 선 단면 장비(면 측정은 래스터 가정, 면 래스터 140,000 분); mode line_profiler (csv)"
낙관,M27,area,calibrated,국소높이,높이,0.0,-0.027473951768266777,6.143606256974851,6.171080208743118,5.0,2.0,1.2342160417486236,불합격,경계,1.0,"배율 calibrated 20 ppm, seam 0개; mode area (csv)"
낙관,M27,area,calibrated,단차,높이(참고),-20.0,-0.02855621337890625,0.9389005760086403,0.9674567893875465,5.0,2.0,0.19349135787750932,10:1 통과,,1.0,"배율 calibrated 20 ppm, seam 0개; mode area (csv)"
낙관,M27,area,calibrated,국소선폭,윤곽,40.0,-6.781295758296916,17.535132418295856,24.316428176592773,10.0,4.0,2.4316428176592773,불합격,,1.0,"배율 calibrated 20 ppm, seam 0개; mode area (csv)"
낙관,M27,area,calibrated,선폭,윤곽(참고),40.0,-4.71108373099505,12.626339434022459,17.33742316501751,10.0,4.0,1.733742316501751,불합격,,1.0,"배율 calibrated 20 ppm, seam 0개; mode area (csv)"
낙관,M27,area,calibrated,구멍지름,치수,-100.0,0.6795897891692221,2.0268014834044807,2.7063912725737027,25.0,10.0,0.10825565090294811,10:1 통과,,1.0,"배율 calibrated 20 ppm, seam 0개; mode area (csv)"
낙관,M27,area,calibrated,길이40,치수,0.0,0.0,32.65986323710904,32.65986323710904,25.0,10.0,1.3063945294843617,불합격,,1.0,"해석 계산; 배율 calibrated 20 ppm, seam 0개; mode area (csv)"
낙관,M27,area,calibrated,경계,윤곽(참고),50.0,-0.33979489458461104,1.0134007417022404,1.3531956362868514,25.0,10.0,0.05412782545147406,10:1 통과,,1.0,"배율 calibrated 20 ppm, seam 0개; mode area (csv)"
낙관,M27,area,calibrated,위치,위치,223.60679774997897,0.04467719492551325,2.0118433615683045,2.0565205564938176,50.0,20.0,0.04113041112987635,10:1 통과,,1.0,"배율 calibrated 20 ppm, seam 0개; mode area (csv)"
낙관,M28,raster_point,printer_axis,국소높이,높이,0.0,,,,5.0,2.0,,측정 불가,,0.0,"프린터 축 래스터: seam 0, 샘플 XY 잡음 5 µm(보수); 배율 printer_axis 500 ppm, seam 0개; mode raster_point (csv)"
낙관,M28,raster_point,printer_axis,단차,높이(참고),-20.0,,,,5.0,2.0,,측정 불가,,0.0,"프린터 축 래스터: seam 0, 샘플 XY 잡음 5 µm(보수); 배율 printer_axis 500 ppm, seam 0개; mode raster_point (csv)"
낙관,M28,raster_point,printer_axis,국소선폭,윤곽,40.0,256.2556725764897,1623.2075083080604,1879.4631808845502,10.0,4.0,187.94631808845503,불합격,,1.0,"프린터 축 래스터: seam 0, 샘플 XY 잡음 5 µm(보수); 배율 printer_axis 500 ppm, seam 0개; mode raster_point (csv)"
낙관,M28,raster_point,printer_axis,선폭,윤곽(참고),40.0,189.27852711809524,882.5224835959563,1071.8010107140515,10.0,4.0,107.18010107140515,불합격,,0.96,"프린터 축 래스터: seam 0, 샘플 XY 잡음 5 µm(보수); 배율 printer_axis 500 ppm, seam 0개; mode raster_point (csv)"
낙관,M28,raster_point,printer_axis,구멍지름,치수,-100.0,6098.325325444033,116.74962090148016,6215.074946345513,25.0,10.0,248.6029978538205,불합격,,1.0,"프린터 축 래스터: seam 0, 샘플 XY 잡음 5 µm(보수); 배율 printer_axis 500 ppm, seam 0개; mode raster_point (csv)"
낙관,M28,raster_point,printer_axis,길이40,치수,0.0,0.0,408.24829046386304,408.24829046386304,25.0,10.0,16.32993161855452,불합격,,1.0,"해석 계산; 프린터 축 래스터: seam 0, 샘플 XY 잡음 5 µm(보수); 배율 printer_axis 500 ppm, seam 0개; mode raster_point (csv)"
낙관,M28,raster_point,printer_axis,경계,윤곽(참고),50.0,-3049.1626627220166,58.37481045074008,3107.5374731727566,25.0,10.0,124.30149892691026,불합격,,1.0,"프린터 축 래스터: seam 0, 샘플 XY 잡음 5 µm(보수); 배율 printer_axis 500 ppm, seam 0개; mode raster_point (csv)"
낙관,M28,raster_point,printer_axis,위치,위치,223.60679774997897,11.348852253949865,75.39468309411,86.74353534805985,50.0,20.0,1.734870706961197,불합격,,1.0,"프린터 축 래스터: seam 0, 샘플 XY 잡음 5 µm(보수); 배율 printer_axis 500 ppm, seam 0개; mode raster_point (csv)"
낙관,M29,raster_point,printer_axis,국소높이,높이,0.0,,,,5.0,2.0,,측정 불가,,0.0,"프린터 축 래스터: seam 0, 샘플 XY 잡음 5 µm(보수); 배율 printer_axis 500 ppm, seam 0개; mode raster_point (csv)"
낙관,M29,raster_point,printer_axis,단차,높이(참고),-20.0,,,,5.0,2.0,,측정 불가,,0.0,"프린터 축 래스터: seam 0, 샘플 XY 잡음 5 µm(보수); 배율 printer_axis 500 ppm, seam 0개; mode raster_point (csv)"
낙관,M29,raster_point,printer_axis,국소선폭,윤곽,40.0,1129.7435929972328,2600.8457698296147,3730.5893628268477,10.0,4.0,373.0589362826848,불합격,,0.98,"프린터 축 래스터: seam 0, 샘플 XY 잡음 5 µm(보수); 배율 printer_axis 500 ppm, seam 0개; mode raster_point (csv)"
낙관,M29,raster_point,printer_axis,선폭,윤곽(참고),40.0,,,,10.0,4.0,,측정 불가,,0.74,"프린터 축 래스터: seam 0, 샘플 XY 잡음 5 µm(보수); 배율 printer_axis 500 ppm, seam 0개; mode raster_point (csv)"
낙관,M29,raster_point,printer_axis,구멍지름,치수,-100.0,7332.868192784177,190.69807765472422,7523.5662704389015,25.0,10.0,300.94265081755606,불합격,,1.0,"프린터 축 래스터: seam 0, 샘플 XY 잡음 5 µm(보수); 배율 printer_axis 500 ppm, seam 0개; mode raster_point (csv)"
낙관,M29,raster_point,printer_axis,길이40,치수,0.0,0.0,816.4965809277261,816.4965809277261,25.0,10.0,32.65986323710904,불합격,,1.0,"해석 계산; 프린터 축 래스터: seam 0, 샘플 XY 잡음 5 µm(보수); 배율 printer_axis 500 ppm, seam 0개; mode raster_point (csv)"
낙관,M29,raster_point,printer_axis,경계,윤곽(참고),50.0,-3666.4340963920886,95.34903882736211,3761.7831352194507,25.0,10.0,150.47132540877803,불합격,,1.0,"프린터 축 래스터: seam 0, 샘플 XY 잡음 5 µm(보수); 배율 printer_axis 500 ppm, seam 0개; mode raster_point (csv)"
낙관,M29,raster_point,printer_axis,위치,위치,223.60679774997897,206.7944649591543,225.43624331904485,432.23070827819913,50.0,20.0,8.644614165563983,불합격,,1.0,"프린터 축 래스터: seam 0, 샘플 XY 잡음 5 µm(보수); 배율 printer_axis 500 ppm, seam 0개; mode raster_point (csv)"
낙관,M30,raster_point,printer_axis,국소높이,높이,0.0,,,,5.0,2.0,,측정 불가,,0.0,"프린터 축 래스터: seam 0, 샘플 XY 잡음 5 µm(보수); 배율 printer_axis 500 ppm, seam 0개; mode raster_point (csv)"
낙관,M30,raster_point,printer_axis,단차,높이(참고),-20.0,,,,5.0,2.0,,측정 불가,,0.0,"프린터 축 래스터: seam 0, 샘플 XY 잡음 5 µm(보수); 배율 printer_axis 500 ppm, seam 0개; mode raster_point (csv)"
낙관,M30,raster_point,printer_axis,국소선폭,윤곽,40.0,207.30529886467923,1297.893349893231,1505.1986487579102,10.0,4.0,150.51986487579103,불합격,,1.0,"프린터 축 래스터: seam 0, 샘플 XY 잡음 5 µm(보수); 배율 printer_axis 500 ppm, seam 0개; mode raster_point (csv)"
낙관,M30,raster_point,printer_axis,선폭,윤곽(참고),40.0,148.38519273788393,623.690670828428,772.0758635663119,10.0,4.0,77.2075863566312,불합격,,0.86,"프린터 축 래스터: seam 0, 샘플 XY 잡음 5 µm(보수); 배율 printer_axis 500 ppm, seam 0개; mode raster_point (csv)"
낙관,M30,raster_point,printer_axis,구멍지름,치수,-100.0,6096.345751628208,106.57118996228616,6202.916941590494,25.0,10.0,248.11667766361978,불합격,,1.0,"프린터 축 래스터: seam 0, 샘플 XY 잡음 5 µm(보수); 배율 printer_axis 500 ppm, seam 0개; mode raster_point (csv)"
낙관,M30,raster_point,printer_axis,길이40,치수,0.0,0.0,408.24829046386304,408.24829046386304,25.0,10.0,16.32993161855452,불합격,,1.0,"해석 계산; 프린터 축 래스터: seam 0, 샘플 XY 잡음 5 µm(보수); 배율 printer_axis 500 ppm, seam 0개; mode raster_point (csv)"
낙관,M30,raster_point,printer_axis,경계,윤곽(참고),50.0,-3048.172875814104,53.28559498114308,3101.458470795247,25.0,10.0,124.05833883180989,불합격,,1.0,"프린터 축 래스터: seam 0, 샘플 XY 잡음 5 µm(보수); 배율 printer_axis 500 ppm, seam 0개; mode raster_point (csv)"
낙관,M30,raster_point,printer_axis,위치,위치,223.60679774997897,6.213357553962946,79.91302139001695,86.1263789439799,50.0,20.0,1.722527578879598,불합격,,1.0,"프린터 축 래스터: seam 0, 샘플 XY 잡음 5 µm(보수); 배율 printer_axis 500 ppm, seam 0개; mode raster_point (csv)"
낙관,M31,point_probe,calibrated,국소높이,높이,0.0,,,,5.0,2.0,,측정 불가,,0.0,"해석 판정; 배율 calibrated 20 ppm, seam 0개; mode point_probe (csv)"
낙관,M31,point_probe,calibrated,단차,높이(참고),-20.0,0.0,3.394112549695428,3.394112549695428,5.0,2.0,0.6788225099390857,4:1 통과,,1.0,"해석 판정; 배율 calibrated 20 ppm, seam 0개; mode point_probe (csv)"
낙관,M31,point_probe,calibrated,국소선폭,윤곽,40.0,,,,10.0,4.0,,측정 불가,,0.0,"해석 판정; 배율 calibrated 20 ppm, seam 0개; mode point_probe (csv)"
낙관,M31,point_probe,calibrated,선폭,윤곽(참고),40.0,,,,10.0,4.0,,측정 불가,,0.0,"해석 판정; 배율 calibrated 20 ppm, seam 0개; mode point_probe (csv)"
낙관,M31,point_probe,calibrated,구멍지름,치수,-100.0,0.0,1.2,1.2,25.0,10.0,0.048,10:1 통과,,1.0,"해석 판정; 배율 calibrated 20 ppm, seam 0개; mode point_probe (csv)"
낙관,M31,point_probe,calibrated,길이40,치수,0.0,0.0,3.394112549695428,3.394112549695428,25.0,10.0,0.13576450198781712,10:1 통과,,1.0,"해석 판정; 배율 calibrated 20 ppm, seam 0개; mode point_probe (csv)"
낙관,M31,point_probe,calibrated,경계,윤곽(참고),50.0,0.0,0.6,0.6,25.0,10.0,0.024,10:1 통과,,1.0,"해석 판정; 배율 calibrated 20 ppm, seam 0개; mode point_probe (csv)"
낙관,M31,point_probe,calibrated,위치,위치,223.60679774997897,0.0,1.2,1.2,50.0,20.0,0.024,10:1 통과,,1.0,"해석 판정; 배율 calibrated 20 ppm, seam 0개; mode point_probe (csv)"
낙관,M32,line_profiler,calibrated,국소높이,높이,0.0,,,,5.0,2.0,,측정 불가,,0.0,"국소높이 패치 높이 1000 µm > depth 360 µm; 단차 패치 높이 400 µm > depth 360 µm; 구멍지름 패치 높이 1000 µm > depth 360 µm; 위치 패치 높이 1000 µm > depth 360 µm; 배율 calibrated 20 ppm, seam 2개; 선 단면 장비(면 측정은 래스터 가정, 면 래스터 70,000 분); mode line_profiler (csv)"
낙관,M32,line_profiler,calibrated,단차,높이(참고),-20.0,,,,5.0,2.0,,측정 불가,,0.0,"국소높이 패치 높이 1000 µm > depth 360 µm; 단차 패치 높이 400 µm > depth 360 µm; 구멍지름 패치 높이 1000 µm > depth 360 µm; 위치 패치 높이 1000 µm > depth 360 µm; 배율 calibrated 20 ppm, seam 2개; 선 단면 장비(면 측정은 래스터 가정, 면 래스터 70,000 분); mode line_profiler (csv)"
낙관,M32,line_profiler,calibrated,국소선폭,윤곽,40.0,8.680073910578118,1.0969355847406,9.777009495318717,10.0,4.0,0.9777009495318717,4:1 통과,,1.0,"국소높이 패치 높이 1000 µm > depth 360 µm; 단차 패치 높이 400 µm > depth 360 µm; 구멍지름 패치 높이 1000 µm > depth 360 µm; 위치 패치 높이 1000 µm > depth 360 µm; 배율 calibrated 20 ppm, seam 2개; 선 단면 장비(면 측정은 래스터 가정, 면 래스터 70,000 분); mode line_profiler (csv)"
낙관,M32,line_profiler,calibrated,선폭,윤곽(참고),40.0,8.67036019066183,0.7225692918273781,9.392929482489208,10.0,4.0,0.9392929482489208,4:1 통과,,1.0,"국소높이 패치 높이 1000 µm > depth 360 µm; 단차 패치 높이 400 µm > depth 360 µm; 구멍지름 패치 높이 1000 µm > depth 360 µm; 위치 패치 높이 1000 µm > depth 360 µm; 배율 calibrated 20 ppm, seam 2개; 선 단면 장비(면 측정은 래스터 가정, 면 래스터 70,000 분); mode line_profiler (csv)"
낙관,M32,line_profiler,calibrated,구멍지름,치수,-100.0,,,,25.0,10.0,,측정 불가,,0.0,"국소높이 패치 높이 1000 µm > depth 360 µm; 단차 패치 높이 400 µm > depth 360 µm; 구멍지름 패치 높이 1000 µm > depth 360 µm; 위치 패치 높이 1000 µm > depth 360 µm; 배율 calibrated 20 ppm, seam 2개; 선 단면 장비(면 측정은 래스터 가정, 면 래스터 70,000 분); mode line_profiler (csv)"
낙관,M32,line_profiler,calibrated,길이40,치수,0.0,0.0,1.6329931618554523,1.6329931618554523,25.0,10.0,0.06531972647421809,10:1 통과,,1.0,"해석 계산; 국소높이 패치 높이 1000 µm > depth 360 µm; 단차 패치 높이 400 µm > depth 360 µm; 구멍지름 패치 높이 1000 µm > depth 360 µm; 위치 패치 높이 1000 µm > depth 360 µm; 배율 calibrated 20 ppm, seam 2개; 선 단면 장비(면 측정은 래스터 가정, 면 래스터 70,000 분); mode line_profiler (csv)"
낙관,M32,line_profiler,calibrated,경계,윤곽(참고),50.0,,,,25.0,10.0,,측정 불가,,0.0,"국소높이 패치 높이 1000 µm > depth 360 µm; 단차 패치 높이 400 µm > depth 360 µm; 구멍지름 패치 높이 1000 µm > depth 360 µm; 위치 패치 높이 1000 µm > depth 360 µm; 배율 calibrated 20 ppm, seam 2개; 선 단면 장비(면 측정은 래스터 가정, 면 래스터 70,000 분); mode line_profiler (csv)"
낙관,M32,line_profiler,calibrated,위치,위치,223.60679774997897,,,,50.0,20.0,,측정 불가,,0.0,"국소높이 패치 높이 1000 µm > depth 360 µm; 단차 패치 높이 400 µm > depth 360 µm; 구멍지름 패치 높이 1000 µm > depth 360 µm; 위치 패치 높이 1000 µm > depth 360 µm; 배율 calibrated 20 ppm, seam 2개; 선 단면 장비(면 측정은 래스터 가정, 면 래스터 70,000 분); mode line_profiler (csv)"
낙관,M33,line_profiler,calibrated,국소높이,높이,0.0,0.0020773143577451007,0.4043218856887386,0.4063992000464837,5.0,2.0,0.08127984000929675,10:1 통과,,1.0,"배율 calibrated 20 ppm, seam 0개; 선 단면 장비(면 측정은 래스터 가정, 면 래스터 7,000 분); mode line_profiler (csv)"
낙관,M33,line_profiler,calibrated,단차,높이(참고),-20.0,-0.002816162109375,0.06317650140581746,0.06599266351519247,5.0,2.0,0.013198532703038493,10:1 통과,,1.0,"배율 calibrated 20 ppm, seam 0개; 선 단면 장비(면 측정은 래스터 가정, 면 래스터 7,000 분); mode line_profiler (csv)"
낙관,M33,line_profiler,calibrated,국소선폭,윤곽,40.0,1683.675466847116,63573.8548371162,65257.53030396332,10.0,4.0,6525.753030396332,불합격,,1.0,"배율 calibrated 20 ppm, seam 0개; 선 단면 장비(면 측정은 래스터 가정, 면 래스터 7,000 분); mode line_profiler (csv)"
낙관,M33,line_profiler,calibrated,선폭,윤곽(참고),40.0,21913.128875317103,92995.56782179646,114908.69669711357,10.0,4.0,11490.869669711357,불합격,,0.98,"배율 calibrated 20 ppm, seam 0개; 선 단면 장비(면 측정은 래스터 가정, 면 래스터 7,000 분); mode line_profiler (csv)"
낙관,M33,line_profiler,calibrated,구멍지름,치수,-100.0,-1.4159073316972444,1.420244778470238,2.8361521101674825,25.0,10.0,0.1134460844066993,10:1 통과,,1.0,"배율 calibrated 20 ppm, seam 0개; 선 단면 장비(면 측정은 래스터 가정, 면 래스터 7,000 분); mode line_profiler (csv)"
낙관,M33,line_profiler,calibrated,길이40,치수,0.0,0.0,16.32993161855452,16.32993161855452,25.0,10.0,0.6531972647421809,4:1 통과,,1.0,"해석 계산; 배율 calibrated 20 ppm, seam 0개; 선 단면 장비(면 측정은 래스터 가정, 면 래스터 7,000 분); mode line_profiler (csv)"
낙관,M33,line_profiler,calibrated,경계,윤곽(참고),50.0,0.7079536658486222,0.710122389235119,1.4180760550837412,25.0,10.0,0.05672304220334965,10:1 통과,,1.0,"배율 calibrated 20 ppm, seam 0개; 선 단면 장비(면 측정은 래스터 가정, 면 래스터 7,000 분); mode line_profiler (csv)"
낙관,M33,line_profiler,calibrated,위치,위치,223.60679774997897,0.156966223451789,2.5478229580627185,2.7047891815145073,50.0,20.0,0.05409578363029015,10:1 통과,,1.0,"배율 calibrated 20 ppm, seam 0개; 선 단면 장비(면 측정은 래스터 가정, 면 래스터 7,000 분); mode line_profiler (csv)"
낙관,M34,2d,calibrated,국소높이,높이,0.0,,,,5.0,2.0,,측정 불가,,0.0,"배율 calibrated 20 ppm, seam 1개; mode 2d (csv)"
낙관,M34,2d,calibrated,단차,높이(참고),-20.0,,,,5.0,2.0,,측정 불가,,0.0,"배율 calibrated 20 ppm, seam 1개; mode 2d (csv)"
낙관,M34,2d,calibrated,국소선폭,윤곽,40.0,0.46052036476545366,6.013333349775997,6.47385371454145,10.0,4.0,0.647385371454145,4:1 통과,,1.0,"배율 calibrated 20 ppm, seam 1개; mode 2d (csv)"
낙관,M34,2d,calibrated,선폭,윤곽(참고),40.0,0.46052036476545366,6.071008388821638,6.531528753587091,10.0,4.0,0.6531528753587091,4:1 통과,,1.0,"배율 calibrated 20 ppm, seam 1개; mode 2d (csv)"
낙관,M34,2d,calibrated,구멍지름,치수,-100.0,0.019341161221891525,0.28797395823301175,0.30731511945490325,25.0,10.0,0.01229260477819613,10:1 통과,,1.0,"배율 calibrated 20 ppm, seam 1개; mode 2d (csv)"
낙관,M34,2d,calibrated,길이40,치수,0.0,0.0,8.16496580927726,8.16496580927726,25.0,10.0,0.32659863237109044,10:1 통과,,1.0,"해석 계산; 배율 calibrated 20 ppm, seam 1개; mode 2d (csv)"
낙관,M34,2d,calibrated,경계,윤곽(참고),50.0,-0.009670580610945763,0.14398697911650588,0.15365755972745163,25.0,10.0,0.006146302389098065,10:1 통과,,1.0,"배율 calibrated 20 ppm, seam 1개; mode 2d (csv)"
낙관,M34,2d,calibrated,위치,위치,223.60679774997897,0.006471642234283854,0.33029669183315447,0.33676833406743834,50.0,20.0,0.006735366681348767,10:1 통과,,1.0,"배율 calibrated 20 ppm, seam 1개; mode 2d (csv)"
낙관,M35,2d,industrial,국소높이,높이,0.0,,,,5.0,2.0,,측정 불가,,0.0,"배율 industrial 100 ppm, seam 1개; mode 2d (csv)"
낙관,M35,2d,industrial,단차,높이(참고),-20.0,,,,5.0,2.0,,측정 불가,,0.0,"배율 industrial 100 ppm, seam 1개; mode 2d (csv)"
낙관,M35,2d,industrial,국소선폭,윤곽,40.0,-0.5787101197758705,7.601592245829645,8.180302365605515,10.0,4.0,0.8180302365605515,4:1 통과,,1.0,"배율 industrial 100 ppm, seam 1개; mode 2d (csv)"
낙관,M35,2d,industrial,선폭,윤곽(참고),40.0,-0.5787101197758705,7.67450058203615,8.253210701812021,10.0,4.0,0.8253210701812022,4:1 통과,,1.0,"배율 industrial 100 ppm, seam 1개; mode 2d (csv)"
낙관,M35,2d,industrial,구멍지름,치수,-100.0,-0.0482176082683327,0.33369830390525673,0.38191591217358944,25.0,10.0,0.015276636486943577,10:1 통과,,1.0,"배율 industrial 100 ppm, seam 1개; mode 2d (csv)"
낙관,M35,2d,industrial,길이40,치수,0.0,0.0,8.16496580927726,8.16496580927726,25.0,10.0,0.32659863237109044,10:1 통과,,1.0,"해석 계산; 배율 industrial 100 ppm, seam 1개; mode 2d (csv)"
낙관,M35,2d,industrial,경계,윤곽(참고),50.0,0.02410880413416635,0.16684915195262837,0.19095795608679472,25.0,10.0,0.007638318243471789,10:1 통과,,1.0,"배율 industrial 100 ppm, seam 1개; mode 2d (csv)"
낙관,M35,2d,industrial,위치,위치,223.60679774997897,0.020861533386056477,0.2796608342624953,0.3005223676485517,50.0,20.0,0.006010447352971035,10:1 통과,,1.0,"배율 industrial 100 ppm, seam 1개; mode 2d (csv)"
낙관,M36,area,calibrated,국소높이,높이,0.0,,,,5.0,2.0,,측정 불가,,0.0,"xy_step 0.18 < 2 µm → 2 µm 로 처리; 국소높이 패치 높이 1000 µm > depth 10 µm; 단차 패치 높이 400 µm > depth 10 µm; 선폭 패치 높이 200 µm > depth 10 µm; 구멍지름 패치 높이 1000 µm > depth 10 µm; 위치 패치 높이 1000 µm > depth 10 µm; 배율 calibrated 20 ppm, seam 444개; mode area (csv)"
낙관,M36,area,calibrated,단차,높이(참고),-20.0,,,,5.0,2.0,,측정 불가,,0.0,"xy_step 0.18 < 2 µm → 2 µm 로 처리; 국소높이 패치 높이 1000 µm > depth 10 µm; 단차 패치 높이 400 µm > depth 10 µm; 선폭 패치 높이 200 µm > depth 10 µm; 구멍지름 패치 높이 1000 µm > depth 10 µm; 위치 패치 높이 1000 µm > depth 10 µm; 배율 calibrated 20 ppm, seam 444개; mode area (csv)"
낙관,M36,area,calibrated,국소선폭,윤곽,40.0,,,,10.0,4.0,,측정 불가,,0.0,"xy_step 0.18 < 2 µm → 2 µm 로 처리; 국소높이 패치 높이 1000 µm > depth 10 µm; 단차 패치 높이 400 µm > depth 10 µm; 선폭 패치 높이 200 µm > depth 10 µm; 구멍지름 패치 높이 1000 µm > depth 10 µm; 위치 패치 높이 1000 µm > depth 10 µm; 배율 calibrated 20 ppm, seam 444개; mode area (csv)"
낙관,M36,area,calibrated,선폭,윤곽(참고),40.0,,,,10.0,4.0,,측정 불가,,0.0,"xy_step 0.18 < 2 µm → 2 µm 로 처리; 국소높이 패치 높이 1000 µm > depth 10 µm; 단차 패치 높이 400 µm > depth 10 µm; 선폭 패치 높이 200 µm > depth 10 µm; 구멍지름 패치 높이 1000 µm > depth 10 µm; 위치 패치 높이 1000 µm > depth 10 µm; 배율 calibrated 20 ppm, seam 444개; mode area (csv)"
낙관,M36,area,calibrated,구멍지름,치수,-100.0,,,,25.0,10.0,,측정 불가,,0.0,"xy_step 0.18 < 2 µm → 2 µm 로 처리; 국소높이 패치 높이 1000 µm > depth 10 µm; 단차 패치 높이 400 µm > depth 10 µm; 선폭 패치 높이 200 µm > depth 10 µm; 구멍지름 패치 높이 1000 µm > depth 10 µm; 위치 패치 높이 1000 µm > depth 10 µm; 배율 calibrated 20 ppm, seam 444개; mode area (csv)"
낙관,M36,area,calibrated,길이40,치수,0.0,0.0,1.6329931618554523,1.6329931618554523,25.0,10.0,0.06531972647421809,10:1 통과,,1.0,"해석 계산; xy_step 0.18 < 2 µm → 2 µm 로 처리; 국소높이 패치 높이 1000 µm > depth 10 µm; 단차 패치 높이 400 µm > depth 10 µm; 선폭 패치 높이 200 µm > depth 10 µm; 구멍지름 패치 높이 1000 µm > depth 10 µm; 위치 패치 높이 1000 µm > depth 10 µm; 배율 calibrated 20 ppm, seam 444개; mode area (csv)"
낙관,M36,area,calibrated,경계,윤곽(참고),50.0,,,,25.0,10.0,,측정 불가,,0.0,"xy_step 0.18 < 2 µm → 2 µm 로 처리; 국소높이 패치 높이 1000 µm > depth 10 µm; 단차 패치 높이 400 µm > depth 10 µm; 선폭 패치 높이 200 µm > depth 10 µm; 구멍지름 패치 높이 1000 µm > depth 10 µm; 위치 패치 높이 1000 µm > depth 10 µm; 배율 calibrated 20 ppm, seam 444개; mode area (csv)"
낙관,M36,area,calibrated,위치,위치,223.60679774997897,,,,50.0,20.0,,측정 불가,,0.0,"xy_step 0.18 < 2 µm → 2 µm 로 처리; 국소높이 패치 높이 1000 µm > depth 10 µm; 단차 패치 높이 400 µm > depth 10 µm; 선폭 패치 높이 200 µm > depth 10 µm; 구멍지름 패치 높이 1000 µm > depth 10 µm; 위치 패치 높이 1000 µm > depth 10 µm; 배율 calibrated 20 ppm, seam 444개; mode area (csv)"
낙관,M37,2d,calibrated,국소높이,높이,0.0,,,,5.0,2.0,,측정 불가,,0.0,"배율 calibrated 20 ppm, seam 6개; mode 2d (csv)"
낙관,M37,2d,calibrated,단차,높이(참고),-20.0,,,,5.0,2.0,,측정 불가,,0.0,"배율 calibrated 20 ppm, seam 6개; mode 2d (csv)"
낙관,M37,2d,calibrated,국소선폭,윤곽,40.0,0.11411020325167556,2.5469998054375225,2.661110008689198,10.0,4.0,0.2661110008689198,10:1 통과,,1.0,"배율 calibrated 20 ppm, seam 6개; mode 2d (csv)"
낙관,M37,2d,calibrated,선폭,윤곽(참고),40.0,0.11411020325167556,2.571428571428571,2.685538774680247,10.0,4.0,0.26855387746802467,10:1 통과,,1.0,"배율 calibrated 20 ppm, seam 6개; mode 2d (csv)"
낙관,M37,2d,calibrated,구멍지름,치수,-100.0,0.003972254596783386,0.04946628505042613,0.053438539647209515,25.0,10.0,0.0021375415858883805,10:1 통과,,1.0,"배율 calibrated 20 ppm, seam 6개; mode 2d (csv)"
낙관,M37,2d,calibrated,길이40,치수,0.0,0.0,2.4494897427831783,2.4494897427831783,25.0,10.0,0.09797958971132713,10:1 통과,,1.0,"해석 계산; 배율 calibrated 20 ppm, seam 6개; mode 2d (csv)"
낙관,M37,2d,calibrated,경계,윤곽(참고),50.0,-0.001986127298391693,0.024733142525213064,0.026719269823604758,25.0,10.0,0.0010687707929441903,10:1 통과,,1.0,"배율 calibrated 20 ppm, seam 6개; mode 2d (csv)"
낙관,M37,2d,calibrated,위치,위치,223.60679774997897,0.005334075262700217,0.034272950971475535,0.03960702623417575,50.0,20.0,0.000792140524683515,10:1 통과,,1.0,"배율 calibrated 20 ppm, seam 6개; mode 2d (csv)"
낙관,M38,area,industrial,국소높이,높이,0.0,-0.0005477026193773087,0.07361742860996737,0.07416513122934468,5.0,2.0,0.014833026245868935,10:1 통과,,1.0,"배율 industrial 100 ppm, seam 5개; mode area (csv)"
낙관,M38,area,industrial,단차,높이(참고),-20.0,0.0008447265625,0.010930141720834771,0.011774868283334771,5.0,2.0,0.002354973656666954,10:1 통과,,1.0,"배율 industrial 100 ppm, seam 5개; mode area (csv)"
낙관,M38,area,industrial,국소선폭,윤곽,40.0,-5.2066132587768665,0.8375772553804391,6.044190514157306,10.0,4.0,0.6044190514157306,4:1 통과,,1.0,"배율 industrial 100 ppm, seam 5개; mode area (csv)"
낙관,M38,area,industrial,선폭,윤곽(참고),40.0,-5.209213735157494,0.7111374365726985,5.920351171730193,10.0,4.0,0.5920351171730193,4:1 통과,,1.0,"배율 industrial 100 ppm, seam 5개; mode area (csv)"
낙관,M38,area,industrial,구멍지름,치수,-100.0,0.019264400714655495,0.02755621658571581,0.046820617300371306,25.0,10.0,0.0018728246920148523,10:1 통과,,1.0,"배율 industrial 100 ppm, seam 5개; mode area (csv)"
낙관,M38,area,industrial,길이40,치수,0.0,0.0,2.041241452319315,2.041241452319315,25.0,10.0,0.08164965809277261,10:1 통과,,1.0,"해석 계산; 배율 industrial 100 ppm, seam 5개; mode area (csv)"
낙관,M38,area,industrial,경계,윤곽(참고),50.0,-0.009632200357327748,0.013778108292857905,0.023410308650185653,25.0,10.0,0.0009364123460074261,10:1 통과,,1.0,"배율 industrial 100 ppm, seam 5개; mode area (csv)"
낙관,M38,area,industrial,위치,위치,223.60679774997897,0.017063486080392074,0.28025388827394554,0.29731737435433764,50.0,20.0,0.005946347487086753,10:1 통과,,1.0,"배율 industrial 100 ppm, seam 5개; mode area (csv)"
낙관,M39,area,industrial,국소높이,높이,0.0,0.003996996300816932,0.35154486047184613,0.3555418567726631,5.0,2.0,0.07110837135453262,10:1 통과,,1.0,"배율 industrial 100 ppm, seam 6개; mode area (csv)"
낙관,M39,area,industrial,단차,높이(참고),-20.0,0.00284271240234375,0.04317970028277576,0.046022412685119515,5.0,2.0,0.009204482537023903,10:1 통과,,1.0,"배율 industrial 100 ppm, seam 6개; mode area (csv)"
낙관,M39,area,industrial,국소선폭,윤곽,40.0,-3.3195058740665524,3.000922469585658,6.32042834365221,10.0,4.0,0.632042834365221,4:1 통과,,1.0,"배율 industrial 100 ppm, seam 6개; mode area (csv)"
낙관,M39,area,industrial,선폭,윤곽(참고),40.0,-3.334403221428894,2.8078428328112324,6.142246054240126,10.0,4.0,0.6142246054240126,4:1 통과,,1.0,"배율 industrial 100 ppm, seam 6개; mode area (csv)"
낙관,M39,area,industrial,구멍지름,치수,-100.0,-0.11100071326408396,3.561403576261533e-05,0.11103632729984658,25.0,10.0,0.004441453091993864,10:1 통과,,1.0,"배율 industrial 100 ppm, seam 6개; mode area (csv)"
낙관,M39,area,industrial,길이40,치수,0.0,0.0,8.16496580927726,8.16496580927726,25.0,10.0,0.32659863237109044,10:1 통과,,1.0,"해석 계산; 배율 industrial 100 ppm, seam 6개; mode area (csv)"
낙관,M39,area,industrial,경계,윤곽(참고),50.0,0.05550035663204198,1.7807017881307665e-05,0.05551816364992329,25.0,10.0,0.002220726545996932,10:1 통과,,1.0,"배율 industrial 100 ppm, seam 6개; mode area (csv)"
낙관,M39,area,industrial,위치,위치,223.60679774997897,0.4667534545510355,3.0032527895242476,3.4700062440752832,50.0,20.0,0.06940012488150567,10:1 통과,,1.0,"배율 industrial 100 ppm, seam 6개; mode area (csv)"
낙관,M40,area,industrial,국소높이,높이,0.0,-0.0015520056032510257,0.2418366538713258,0.24338865947457683,5.0,2.0,0.048677731894915366,10:1 통과,,1.0,"배율 industrial 100 ppm, seam 3개; mode area (csv)"
낙관,M40,area,industrial,단차,높이(참고),-20.0,-0.00205108642578125,0.032656523858477136,0.03470761028425839,5.0,2.0,0.006941522056851677,10:1 통과,,1.0,"배율 industrial 100 ppm, seam 3개; mode area (csv)"
낙관,M40,area,industrial,국소선폭,윤곽,40.0,-3.2881709184653216,0.9046043145475534,4.192775233012875,10.0,4.0,0.4192775233012875,4:1 통과,,1.0,"배율 industrial 100 ppm, seam 3개; mode area (csv)"
낙관,M40,area,industrial,선폭,윤곽(참고),40.0,-3.292999760452285,0.22046647355052135,3.5134662340028067,10.0,4.0,0.35134662340028067,10:1 통과,,1.0,"배율 industrial 100 ppm, seam 3개; mode area (csv)"
낙관,M40,area,industrial,구멍지름,치수,-100.0,-0.13901636680312549,0.06035882144899223,0.19937518825211772,25.0,10.0,0.00797500753008471,10:1 통과,,1.0,"배율 industrial 100 ppm, seam 3개; mode area (csv)"
낙관,M40,area,industrial,길이40,치수,0.0,0.0,6.531972647421809,6.531972647421809,25.0,10.0,0.26127890589687236,10:1 통과,,1.0,"해석 계산; 배율 industrial 100 ppm, seam 3개; mode area (csv)"
낙관,M40,area,industrial,경계,윤곽(참고),50.0,0.06950818340156274,0.030179410724496116,0.09968759412605886,25.0,10.0,0.003987503765042355,10:1 통과,,1.0,"배율 industrial 100 ppm, seam 3개; mode area (csv)"
낙관,M40,area,industrial,위치,위치,223.60679774997897,0.14313614202344216,2.4127555536223264,2.5558916956457685,50.0,20.0,0.05111783391291537,10:1 통과,,1.0,"배율 industrial 100 ppm, seam 3개; mode area (csv)"
낙관,M41,area,industrial,국소높이,높이,0.0,-0.007759737589456337,0.6508067584593644,0.6585664960488208,5.0,2.0,0.13171329920976416,10:1 통과,,1.0,"배율 industrial 100 ppm, seam 1개; mode area (csv)"
낙관,M41,area,industrial,단차,높이(참고),-20.0,-0.00119598388671875,0.08061714341507047,0.08181312730178922,5.0,2.0,0.016362625460357844,10:1 통과,,1.0,"배율 industrial 100 ppm, seam 1개; mode area (csv)"
낙관,M41,area,industrial,국소선폭,윤곽,40.0,-6.285803473229135,1.7449002974949566,8.030703770724092,10.0,4.0,0.8030703770724091,4:1 통과,,1.0,"배율 industrial 100 ppm, seam 1개; mode area (csv)"
낙관,M41,area,industrial,선폭,윤곽(참고),40.0,-6.3077775831860015,0.4220346349479955,6.729812218133997,10.0,4.0,0.6729812218133997,4:1 통과,,1.0,"배율 industrial 100 ppm, seam 1개; mode area (csv)"
낙관,M41,area,industrial,구멍지름,치수,-100.0,-0.20256749933512766,0.42929412734402905,0.6318616266791567,25.0,10.0,0.02527446506716627,10:1 통과,,1.0,"배율 industrial 100 ppm, seam 1개; mode area (csv)"
낙관,M41,area,industrial,길이40,치수,0.0,0.0,10.614455552060438,10.614455552060438,25.0,10.0,0.4245782220824175,4:1 통과,,1.0,"해석 계산; 배율 industrial 100 ppm, seam 1개; mode area (csv)"
낙관,M41,area,industrial,경계,윤곽(참고),50.0,0.10128374966756383,0.21464706367201453,0.31593081333957834,25.0,10.0,0.012637232533583134,10:1 통과,,1.0,"배율 industrial 100 ppm, seam 1개; mode area (csv)"
낙관,M41,area,industrial,위치,위치,223.60679774997897,0.26835073326035336,3.2447651339248136,3.5131158671851668,50.0,20.0,0.07026231734370333,10:1 통과,,1.0,"배율 industrial 100 ppm, seam 1개; mode area (csv)"
낙관,M42,area,industrial,국소높이,높이,0.0,0.009324772179921389,1.395849591856151,1.4051743640360725,5.0,2.0,0.2810348728072145,10:1 통과,,1.0,"배율 industrial 100 ppm, seam 1개; mode area (csv)"
낙관,M42,area,industrial,단차,높이(참고),-20.0,-0.0003564453125,0.180772348067713,0.181128793380213,5.0,2.0,0.0362257586760426,10:1 통과,,1.0,"배율 industrial 100 ppm, seam 1개; mode area (csv)"
낙관,M42,area,industrial,국소선폭,윤곽,40.0,-5.38551791613944,7.572117723987396,12.957635640126835,10.0,4.0,1.2957635640126834,불합격,경계,1.0,"배율 industrial 100 ppm, seam 1개; mode area (csv)"
낙관,M42,area,industrial,선폭,윤곽(참고),40.0,-5.40606716011292,7.027887354469944,12.433954514582865,10.0,4.0,1.2433954514582866,불합격,경계,1.0,"배율 industrial 100 ppm, seam 1개; mode area (csv)"
낙관,M42,area,industrial,구멍지름,치수,-100.0,0.20550682844518633,1.1408300958605453,1.3463369243057317,25.0,10.0,0.05385347697222927,10:1 통과,,1.0,"배율 industrial 100 ppm, seam 1개; mode area (csv)"
낙관,M42,area,industrial,길이40,치수,0.0,0.0,18.7794213613377,18.7794213613377,25.0,10.0,0.751176854453508,4:1 통과,,1.0,"해석 계산; 배율 industrial 100 ppm, seam 1개; mode area (csv)"
낙관,M42,area,industrial,경계,윤곽(참고),50.0,-0.10275341422259317,0.5704150479302726,0.6731684621528659,25.0,10.0,0.026926738486114633,10:1 통과,,1.0,"배율 industrial 100 ppm, seam 1개; mode area (csv)"
낙관,M42,area,industrial,위치,위치,223.60679774997897,0.08019067548579202,0.7688932584750666,0.8490839339608587,50.0,20.0,0.016981678679217172,10:1 통과,,1.0,"배율 industrial 100 ppm, seam 1개; mode area (csv)"
낙관,M43,area,industrial,국소높이,높이,0.0,-0.014488262105648743,1.3586884941646742,1.373176756270323,5.0,2.0,0.2746353512540646,10:1 통과,,1.0,"배율 industrial 100 ppm, seam 1개; mode area (csv)"
낙관,M43,area,industrial,단차,높이(참고),-20.0,0.0025445556640625,0.16330373707157833,0.16584829273564083,5.0,2.0,0.03316965854712817,10:1 통과,,1.0,"배율 industrial 100 ppm, seam 1개; mode area (csv)"
낙관,M43,area,industrial,국소선폭,윤곽,40.0,-6.665472673425232,6.3354936578379695,13.000966331263202,10.0,4.0,1.3000966331263202,불합격,,1.0,"배율 industrial 100 ppm, seam 1개; mode area (csv)"
낙관,M43,area,industrial,선폭,윤곽(참고),40.0,-6.703174549916671,5.366435237603962,12.069609787520633,10.0,4.0,1.2069609787520634,불합격,경계,1.0,"배율 industrial 100 ppm, seam 1개; mode area (csv)"
낙관,M43,area,industrial,구멍지름,치수,-100.0,-0.16235425592059072,3.7927905021621146e-05,0.16239218382561235,25.0,10.0,0.006495687353024494,10:1 통과,,1.0,"배율 industrial 100 ppm, seam 1개; mode area (csv)"
낙관,M43,area,industrial,길이40,치수,0.0,0.0,13.880441875771343,13.880441875771343,25.0,10.0,0.5552176750308537,4:1 통과,,1.0,"해석 계산; 배율 industrial 100 ppm, seam 1개; mode area (csv)"
낙관,M43,area,industrial,경계,윤곽(참고),50.0,0.08117712796029536,1.8963952510810573e-05,0.08119609191280618,25.0,10.0,0.003247843676512247,10:1 통과,,1.0,"배율 industrial 100 ppm, seam 1개; mode area (csv)"
낙관,M43,area,industrial,위치,위치,223.60679774997897,0.3330715809387548,3.6395517831595794,3.972623364098334,50.0,20.0,0.07945246728196668,10:1 통과,,1.0,"배율 industrial 100 ppm, seam 1개; mode area (csv)"
낙관,M44,area,industrial,국소높이,높이,0.0,-0.008122208487549397,1.0100999203960765,1.018222128883626,5.0,2.0,0.2036444257767252,10:1 통과,,1.0,"배율 industrial 100 ppm, seam 1개; mode area (csv)"
낙관,M44,area,industrial,단차,높이(참고),-20.0,0.00298431396484375,0.1577775885571748,0.16076190252201855,5.0,2.0,0.03215238050440371,10:1 통과,,1.0,"배율 industrial 100 ppm, seam 1개; mode area (csv)"
낙관,M44,area,industrial,국소선폭,윤곽,40.0,-6.193903257615236,5.684607818587662,11.878511076202898,10.0,4.0,1.1878511076202898,불합격,경계,1.0,"배율 industrial 100 ppm, seam 1개; mode area (csv)"
낙관,M44,area,industrial,선폭,윤곽(참고),40.0,-6.244709390931774,5.013087385710143,11.257796776641918,10.0,4.0,1.1257796776641917,불합격,경계,1.0,"배율 industrial 100 ppm, seam 1개; mode area (csv)"
낙관,M44,area,industrial,구멍지름,치수,-100.0,0.17116479891041309,0.6258853466605985,0.7970501455710115,25.0,10.0,0.03188200582284046,10:1 통과,,1.0,"배율 industrial 100 ppm, seam 1개; mode area (csv)"
낙관,M44,area,industrial,길이40,치수,0.0,0.0,11.9208500815448,11.9208500815448,25.0,10.0,0.47683400326179204,4:1 통과,,1.0,"해석 계산; 배율 industrial 100 ppm, seam 1개; mode area (csv)"
낙관,M44,area,industrial,경계,윤곽(참고),50.0,-0.08558239945520654,0.31294267333029924,0.39852507278550575,25.0,10.0,0.01594100291142023,10:1 통과,,1.0,"배율 industrial 100 ppm, seam 1개; mode area (csv)"
낙관,M44,area,industrial,위치,위치,223.60679774997897,0.3202298610357573,3.611597893382767,3.9318277544185243,50.0,20.0,0.07863655508837049,10:1 통과,,1.0,"배율 industrial 100 ppm, seam 1개; mode area (csv)"
낙관,M45,area,industrial,국소높이,높이,0.0,-0.0009032657099124512,0.6749377708511397,0.6758410365610522,5.0,2.0,0.13516820731221044,10:1 통과,,1.0,"배율 industrial 100 ppm, seam 1개; mode area (csv)"
낙관,M45,area,industrial,단차,높이(참고),-20.0,-0.0017816162109375,0.08852449550184914,0.09030611171278664,5.0,2.0,0.018061222342557328,10:1 통과,,1.0,"배율 industrial 100 ppm, seam 1개; mode area (csv)"
낙관,M45,area,industrial,국소선폭,윤곽,40.0,-6.651427136988359,3.618342946394705,10.269770083383065,10.0,4.0,1.0269770083383065,불합격,경계,1.0,"배율 industrial 100 ppm, seam 1개; mode area (csv)"
낙관,M45,area,industrial,선폭,윤곽(참고),40.0,-6.67102425288097,3.1246887574720943,9.795713010353063,10.0,4.0,0.9795713010353063,4:1 통과,,1.0,"배율 industrial 100 ppm, seam 1개; mode area (csv)"
낙관,M45,area,industrial,구멍지름,치수,-100.0,0.000794776668844861,1.4878787425243506e-05,0.0008096554562701044,25.0,10.0,3.238621825080418e-05,10:1 통과,,1.0,"배율 industrial 100 ppm, seam 1개; mode area (csv)"
낙관,M45,area,industrial,길이40,치수,0.0,0.0,10.777754868245983,10.777754868245983,25.0,10.0,0.43111019472983936,4:1 통과,,1.0,"해석 계산; 배율 industrial 100 ppm, seam 1개; mode area (csv)"
낙관,M45,area,industrial,경계,윤곽(참고),50.0,-0.0003973883344224305,7.439393712621753e-06,0.0004048277281350522,25.0,10.0,1.619310912540209e-05,10:1 통과,,1.0,"배율 industrial 100 ppm, seam 1개; mode area (csv)"
낙관,M45,area,industrial,위치,위치,223.60679774997897,0.017007269010927275,2.982356135870784,2.9993634048817115,50.0,20.0,0.05998726809763423,10:1 통과,,1.0,"배율 industrial 100 ppm, seam 1개; mode area (csv)"
낙관,M46,area,industrial,국소높이,높이,0.0,-0.0038330996936893377,0.4620894163825409,0.46592251607623025,5.0,2.0,0.09318450321524605,10:1 통과,,1.0,"배율 industrial 100 ppm, seam 1개; mode area (csv)"
낙관,M46,area,industrial,단차,높이(참고),-20.0,0.00082305908203125,0.058611850281605794,0.059434909363637045,5.0,2.0,0.011886981872727409,10:1 통과,,1.0,"배율 industrial 100 ppm, seam 1개; mode area (csv)"
낙관,M46,area,industrial,국소선폭,윤곽,40.0,-5.339851684971022,4.293925347806736,9.633777032777758,10.0,4.0,0.9633777032777757,4:1 통과,,1.0,"배율 industrial 100 ppm, seam 1개; mode area (csv)"
낙관,M46,area,industrial,선폭,윤곽(참고),40.0,-5.358211186347876,4.1246557183582535,9.482866904706128,10.0,4.0,0.9482866904706129,4:1 통과,,1.0,"배율 industrial 100 ppm, seam 1개; mode area (csv)"
낙관,M46,area,industrial,구멍지름,치수,-100.0,-0.1272162706473682,3.142636683956745e-05,0.12724769701420777,25.0,10.0,0.00508990788056831,10:1 통과,,1.0,"배율 industrial 100 ppm, seam 1개; mode area (csv)"
낙관,M46,area,industrial,길이40,치수,0.0,0.0,9.38971068066885,9.38971068066885,25.0,10.0,0.375588427226754,10:1 통과,,1.0,"해석 계산; 배율 industrial 100 ppm, seam 1개; mode area (csv)"
낙관,M46,area,industrial,경계,윤곽(참고),50.0,0.0636081353236841,1.5713183419783726e-05,0.06362384850710388,25.0,10.0,0.002544953940284155,10:1 통과,,1.0,"배율 industrial 100 ppm, seam 1개; mode area (csv)"
낙관,M46,area,industrial,위치,위치,223.60679774997897,0.10879357977457484,1.931038739461183,2.039832319235758,50.0,20.0,0.04079664638471516,10:1 통과,,1.0,"배율 industrial 100 ppm, seam 1개; mode area (csv)"
낙관,M47,area,industrial,국소높이,높이,0.0,-0.00458846196491877,1.1475257751198602,1.152114237084779,5.0,2.0,0.2304228474169558,10:1 통과,,1.0,"배율 industrial 100 ppm, seam 1개; mode area (csv)"
낙관,M47,area,industrial,단차,높이(참고),-20.0,0.01426422119140625,0.14366719216895435,0.1579314133603606,5.0,2.0,0.03158628267207212,10:1 통과,,1.0,"배율 industrial 100 ppm, seam 1개; mode area (csv)"
낙관,M47,area,industrial,국소선폭,윤곽,40.0,-5.104408946846236,5.316570807977621,10.420979754823858,10.0,4.0,1.0420979754823858,불합격,경계,1.0,"배율 industrial 100 ppm, seam 1개; mode area (csv)"
낙관,M47,area,industrial,선폭,윤곽(참고),40.0,-5.142794707060835,4.494702644731015,9.63749735179185,10.0,4.0,0.963749735179185,4:1 통과,,1.0,"배율 industrial 100 ppm, seam 1개; mode area (csv)"
낙관,M47,area,industrial,구멍지름,치수,-100.0,0.040325331091144105,3.539272834061536e-05,0.04036072381948472,25.0,10.0,0.0016144289527793886,10:1 통과,,1.0,"배율 industrial 100 ppm, seam 1개; mode area (csv)"
낙관,M47,area,industrial,길이40,치수,0.0,0.0,13.063945294843618,13.063945294843618,25.0,10.0,0.5225578117937447,4:1 통과,,1.0,"해석 계산; 배율 industrial 100 ppm, seam 1개; mode area (csv)"
낙관,M47,area,industrial,경계,윤곽(참고),50.0,-0.020162665545572053,1.769636417030768e-05,0.02018036190974236,25.0,10.0,0.0008072144763896943,10:1 통과,,1.0,"배율 industrial 100 ppm, seam 1개; mode area (csv)"
낙관,M47,area,industrial,위치,위치,223.60679774997897,0.36277614278161485,5.2089754688659315,5.571751611647547,50.0,20.0,0.11143503223295094,10:1 통과,,1.0,"배율 industrial 100 ppm, seam 1개; mode area (csv)"
낙관,M48,area,industrial,국소높이,높이,0.0,-0.002187487496103604,0.24200254890996695,0.24419003640607054,5.0,2.0,0.04883800728121411,10:1 통과,,1.0,"배율 industrial 100 ppm, seam 3개; mode area (csv)"
낙관,M48,area,industrial,단차,높이(참고),-20.0,-0.00203826904296875,0.03264793218849455,0.0346862012314633,5.0,2.0,0.00693724024629266,10:1 통과,,1.0,"배율 industrial 100 ppm, seam 3개; mode area (csv)"
낙관,M48,area,industrial,국소선폭,윤곽,40.0,10.020324887802062,3.493265324452986,13.513590212255048,10.0,4.0,1.3513590212255049,불합격,,1.0,"배율 industrial 100 ppm, seam 3개; mode area (csv)"
낙관,M48,area,industrial,선폭,윤곽(참고),40.0,10.003603168447677,3.3161711668324383,13.319774335280115,10.0,4.0,1.3319774335280115,불합격,,1.0,"배율 industrial 100 ppm, seam 3개; mode area (csv)"
낙관,M48,area,industrial,구멍지름,치수,-100.0,-0.022075054456090582,0.24170463053267527,0.26377968498876586,25.0,10.0,0.010551187399550634,10:1 통과,,1.0,"배율 industrial 100 ppm, seam 3개; mode area (csv)"
낙관,M48,area,industrial,길이40,치수,0.0,0.0,4.898979485566357,4.898979485566357,25.0,10.0,0.19595917942265426,10:1 통과,,1.0,"해석 계산; 배율 industrial 100 ppm, seam 3개; mode area (csv)"
낙관,M48,area,industrial,경계,윤곽(참고),50.0,0.011037527228045291,0.12085231526633763,0.13188984249438293,25.0,10.0,0.005275593699775317,10:1 통과,,1.0,"배율 industrial 100 ppm, seam 3개; mode area (csv)"
낙관,M48,area,industrial,위치,위치,223.60679774997897,0.09804642547824166,1.6724995169515886,1.7705459424298302,50.0,20.0,0.0354109188485966,10:1 통과,,1.0,"배율 industrial 100 ppm, seam 3개; mode area (csv)"
낙관,M49,area,diy,국소높이,높이,0.0,-0.0007655989364187096,0.8149598141083724,0.8157254130447911,5.0,2.0,0.16314508260895821,10:1 통과,,1.0,"배율 diy 500 ppm, seam 1개; mode area (csv)"
낙관,M49,area,diy,단차,높이(참고),-20.0,0.01356414794921875,0.11845259784822884,0.1320167457974476,5.0,2.0,0.02640334915948952,10:1 통과,,1.0,"배율 diy 500 ppm, seam 1개; mode area (csv)"
낙관,M49,area,diy,국소선폭,윤곽,40.0,-4.945312292952403,3.7410276707012984,8.686339963653701,10.0,4.0,0.8686339963653701,4:1 통과,,1.0,"배율 diy 500 ppm, seam 1개; mode area (csv)"
낙관,M49,area,diy,선폭,윤곽(참고),40.0,-5.0034033682867225,2.6395874103811594,7.6429907786678815,10.0,4.0,0.7642990778667882,4:1 통과,,1.0,"배율 diy 500 ppm, seam 1개; mode area (csv)"
낙관,M49,area,diy,구멍지름,치수,-100.0,-0.11100082718935482,3.455648645445254e-05,0.11103538367580927,25.0,10.0,0.0044414153470323705,10:1 통과,,1.0,"배율 diy 500 ppm, seam 1개; mode area (csv)"
낙관,M49,area,diy,길이40,치수,0.0,0.0,8.16496580927726,8.16496580927726,25.0,10.0,0.32659863237109044,10:1 통과,,1.0,"해석 계산; 배율 diy 500 ppm, seam 1개; mode area (csv)"
낙관,M49,area,diy,경계,윤곽(참고),50.0,0.05550041359467741,1.727824322722627e-05,0.055517691837904636,25.0,10.0,0.0022207076735161852,10:1 통과,,1.0,"배율 diy 500 ppm, seam 1개; mode area (csv)"
낙관,M49,area,diy,위치,위치,223.60679774997897,0.16315077158755464,3.1396235068897536,3.302774278477308,50.0,20.0,0.06605548556954616,10:1 통과,,1.0,"배율 diy 500 ppm, seam 1개; mode area (csv)"
낙관,M50,area,diy,국소높이,높이,0.0,0.008521327405821767,0.901716592248341,0.9102379196541628,5.0,2.0,0.18204758393083256,10:1 통과,,1.0,"배율 diy 500 ppm, seam 1개; mode area (csv)"
낙관,M50,area,diy,단차,높이(참고),-20.0,0.0046173095703125,0.1286760807225666,0.1332933902928791,5.0,2.0,0.02665867805857582,10:1 통과,,1.0,"배율 diy 500 ppm, seam 1개; mode area (csv)"
낙관,M50,area,diy,국소선폭,윤곽,40.0,-4.687139280887095,4.119217652936111,8.806356933823206,10.0,4.0,0.8806356933823206,4:1 통과,,1.0,"배율 diy 500 ppm, seam 1개; mode area (csv)"
낙관,M50,area,diy,선폭,윤곽(참고),40.0,-4.773795045853169,2.6855678820222915,7.4593629278754605,10.0,4.0,0.745936292787546,4:1 통과,,1.0,"배율 diy 500 ppm, seam 1개; mode area (csv)"
낙관,M50,area,diy,구멍지름,치수,-100.0,-0.11100125612781085,4.040244606622827e-05,0.11104165857387709,25.0,10.0,0.004441666342955083,10:1 통과,,1.0,"배율 diy 500 ppm, seam 1개; mode area (csv)"
낙관,M50,area,diy,길이40,치수,0.0,0.0,8.16496580927726,8.16496580927726,25.0,10.0,0.32659863237109044,10:1 통과,,1.0,"해석 계산; 배율 diy 500 ppm, seam 1개; mode area (csv)"
낙관,M50,area,diy,경계,윤곽(참고),50.0,0.055500628063905426,2.0201223033114135e-05,0.05552082928693854,25.0,10.0,0.0022208331714775415,10:1 통과,,1.0,"배율 diy 500 ppm, seam 1개; mode area (csv)"
낙관,M50,area,diy,위치,위치,223.60679774997897,0.22104466474637732,3.1229779485300173,3.344022613276395,50.0,20.0,0.0668804522655279,10:1 통과,,1.0,"배율 diy 500 ppm, seam 1개; mode area (csv)"
낙관,M51,area,diy,국소높이,높이,0.0,-0.00023545310987843423,1.2070208468300465,1.207256299939925,5.0,2.0,0.241451259987985,10:1 통과,,1.0,"배율 diy 500 ppm, seam 2개; mode area (csv)"
낙관,M51,area,diy,단차,높이(참고),-20.0,0.0096441650390625,0.15739635165576107,0.16704051669482356,5.0,2.0,0.03340810333896471,10:1 통과,,1.0,"배율 diy 500 ppm, seam 2개; mode area (csv)"
낙관,M51,area,diy,국소선폭,윤곽,40.0,-6.107036345242086,5.729057952879706,11.836094298121793,10.0,4.0,1.1836094298121793,불합격,경계,1.0,"배율 diy 500 ppm, seam 2개; mode area (csv)"
낙관,M51,area,diy,선폭,윤곽(참고),40.0,-6.1329835207301,4.352343496481332,10.485327017211432,10.0,4.0,1.0485327017211432,불합격,경계,1.0,"배율 diy 500 ppm, seam 2개; mode area (csv)"
낙관,M51,area,diy,구멍지름,치수,-100.0,-1.9786994946634604,3.5775309704971205e-05,1.9787352699731653,25.0,10.0,0.07914941079892661,10:1 통과,,1.0,"배율 diy 500 ppm, seam 2개; mode area (csv)"
낙관,M51,area,diy,길이40,치수,0.0,0.0,16.32993161855452,16.32993161855452,25.0,10.0,0.6531972647421809,4:1 통과,,1.0,"해석 계산; 배율 diy 500 ppm, seam 2개; mode area (csv)"
낙관,M51,area,diy,경계,윤곽(참고),50.0,0.9893497473317302,1.7887654852485602e-05,0.9893676349865826,25.0,10.0,0.039574705399463304,10:1 통과,,1.0,"배율 diy 500 ppm, seam 2개; mode area (csv)"
낙관,M51,area,diy,위치,위치,223.60679774997897,0.5360536684743294,6.370741896607519,6.906795565081848,50.0,20.0,0.13813591130163697,10:1 통과,,1.0,"배율 diy 500 ppm, seam 2개; mode area (csv)"
낙관,M52,area,diy,국소높이,높이,0.0,-0.022633254477504073,2.014608142723597,2.0372413972011008,5.0,2.0,0.40744827944022016,4:1 통과,,1.0,"배율 diy 500 ppm, seam 2개; mode area (csv)"
낙관,M52,area,diy,단차,높이(참고),-20.0,-0.00885528564453125,0.21529915194292737,0.22415443758745862,5.0,2.0,0.04483088751749172,10:1 통과,,1.0,"배율 diy 500 ppm, seam 2개; mode area (csv)"
낙관,M52,area,diy,국소선폭,윤곽,40.0,-11.7730474254541,4.626329051349758,16.39937647680386,10.0,4.0,1.639937647680386,불합격,,1.0,"배율 diy 500 ppm, seam 2개; mode area (csv)"
낙관,M52,area,diy,선폭,윤곽(참고),40.0,-11.733645661244209,1.775153295314771,13.50879895655898,10.0,4.0,1.350879895655898,불합격,,1.0,"배율 diy 500 ppm, seam 2개; mode area (csv)"
낙관,M52,area,diy,구멍지름,치수,-100.0,0.2313401522195818,1.6897316383464613,1.921071790566043,25.0,10.0,0.07684287162264172,10:1 통과,,1.0,"배율 diy 500 ppm, seam 2개; mode area (csv)"
낙관,M52,area,diy,길이40,치수,0.0,0.0,16.32993161855452,16.32993161855452,25.0,10.0,0.6531972647421809,4:1 통과,,1.0,"해석 계산; 배율 diy 500 ppm, seam 2개; mode area (csv)"
낙관,M52,area,diy,경계,윤곽(참고),50.0,-0.1156700761097909,0.8448658191732307,0.9605358952830215,25.0,10.0,0.03842143581132086,10:1 통과,,1.0,"배율 diy 500 ppm, seam 2개; mode area (csv)"
낙관,M52,area,diy,위치,위치,223.60679774997897,0.13419951881510725,6.02524793309496,6.159447451910067,50.0,20.0,0.12318894903820134,10:1 통과,,1.0,"배율 diy 500 ppm, seam 2개; mode area (csv)"
낙관,M53,area,diy,국소높이,높이,0.0,-0.006082239202588971,12.496178053528965,12.502260292731554,5.0,2.0,2.500452058546311,불합격,,1.0,"배율 diy 500 ppm, seam 1개; mode area (csv)"
낙관,M53,area,diy,단차,높이(참고),-20.0,-0.19427276611328126,1.8337103689429928,2.027983135056274,5.0,2.0,0.4055966270112548,4:1 통과,,1.0,"배율 diy 500 ppm, seam 1개; mode area (csv)"
낙관,M53,area,diy,국소선폭,윤곽,40.0,19.94287790900147,42.469198477341436,62.4120763863429,10.0,4.0,6.2412076386342905,불합격,,1.0,"배율 diy 500 ppm, seam 1개; mode area (csv)"
낙관,M53,area,diy,선폭,윤곽(참고),40.0,29.103084365344003,11.71008551491955,40.81316988026355,10.0,4.0,4.081316988026355,불합격,,1.0,"배율 diy 500 ppm, seam 1개; mode area (csv)"
낙관,M53,area,diy,구멍지름,치수,-100.0,-9.187083540774966,3.3223133061778735e-05,9.187116763908028,25.0,10.0,0.3674846705563211,10:1 통과,,1.0,"배율 diy 500 ppm, seam 1개; mode area (csv)"
낙관,M53,area,diy,길이40,치수,0.0,0.0,40.824829046386306,40.824829046386306,25.0,10.0,1.6329931618554523,불합격,,1.0,"해석 계산; 배율 diy 500 ppm, seam 1개; mode area (csv)"
낙관,M53,area,diy,경계,윤곽(참고),50.0,4.593541770387483,1.6611566530889367e-05,4.593558381954014,25.0,10.0,0.18374233527816056,10:1 통과,,1.0,"배율 diy 500 ppm, seam 1개; mode area (csv)"
낙관,M53,area,diy,위치,위치,223.60679774997897,0.6915606036283937,14.769513458752245,15.46107406238064,50.0,20.0,0.3092214812476128,10:1 통과,,1.0,"배율 diy 500 ppm, seam 1개; mode area (csv)"
낙관,M54,area,printer_axis,국소높이,높이,0.0,-0.02918979181831566,3.0275071631668657,3.0566969549851812,5.0,2.0,0.6113393909970363,4:1 통과,,1.0,"배율 printer_axis 500 ppm, seam 1개; mode area (csv)"
낙관,M54,area,printer_axis,단차,높이(참고),-20.0,0.00614105224609375,0.40535160664362146,0.4114926588897152,5.0,2.0,0.08229853177794304,10:1 통과,,1.0,"배율 printer_axis 500 ppm, seam 1개; mode area (csv)"
낙관,M54,area,printer_axis,국소선폭,윤곽,40.0,-2.6176902038390364,10.98698967602594,13.604679879864976,10.0,4.0,1.3604679879864976,불합격,,1.0,"배율 printer_axis 500 ppm, seam 1개; mode area (csv)"
낙관,M54,area,printer_axis,선폭,윤곽(참고),40.0,-1.9986330999510482,7.20544466833377,9.204077768284819,10.0,4.0,0.9204077768284818,4:1 통과,,1.0,"배율 printer_axis 500 ppm, seam 1개; mode area (csv)"
낙관,M54,area,printer_axis,구멍지름,치수,-100.0,-0.07438255759137974,0.5910380985217241,0.6654206561131037,25.0,10.0,0.02661682624452415,10:1 통과,,1.0,"배율 printer_axis 500 ppm, seam 1개; mode area (csv)"
낙관,M54,area,printer_axis,길이40,치수,0.0,0.0,16.32993161855452,16.32993161855452,25.0,10.0,0.6531972647421809,4:1 통과,,1.0,"해석 계산; 배율 printer_axis 500 ppm, seam 1개; mode area (csv)"
낙관,M54,area,printer_axis,경계,윤곽(참고),50.0,0.03719127879568987,0.29551904926086203,0.3327103280565519,25.0,10.0,0.013308413122262075,10:1 통과,,1.0,"배율 printer_axis 500 ppm, seam 1개; mode area (csv)"
낙관,M54,area,printer_axis,위치,위치,223.60679774997897,0.19970821930709426,6.696811047494641,6.896519266801736,50.0,20.0,0.13793038533603472,10:1 통과,,1.0,"배율 printer_axis 500 ppm, seam 1개; mode area (csv)"
낙관,M55,raster_point,printer_axis,국소높이,높이,0.0,0.0012431713926851422,0.6150825352018541,0.6163257065945392,5.0,2.0,0.12326514131890784,10:1 통과,,1.0,"프린터 축 래스터: seam 0, 샘플 XY 잡음 5 µm(보수); 배율 printer_axis 500 ppm, seam 0개; mode raster_point (csv)"
낙관,M55,raster_point,printer_axis,단차,높이(참고),-20.0,0.01333953857421875,0.08729405105401268,0.10063358962823143,5.0,2.0,0.020126717925646288,10:1 통과,,1.0,"프린터 축 래스터: seam 0, 샘플 XY 잡음 5 µm(보수); 배율 printer_axis 500 ppm, seam 0개; mode raster_point (csv)"
낙관,M55,raster_point,printer_axis,국소선폭,윤곽,40.0,-12.225822687379265,8.047533201929923,20.273355889309187,10.0,4.0,2.0273355889309186,불합격,,1.0,"프린터 축 래스터: seam 0, 샘플 XY 잡음 5 µm(보수); 배율 printer_axis 500 ppm, seam 0개; mode raster_point (csv)"
낙관,M55,raster_point,printer_axis,선폭,윤곽(참고),40.0,-12.223857554901818,7.989230861389657,20.213088416291477,10.0,4.0,2.0213088416291476,불합격,,1.0,"프린터 축 래스터: seam 0, 샘플 XY 잡음 5 µm(보수); 배율 printer_axis 500 ppm, seam 0개; mode raster_point (csv)"
낙관,M55,raster_point,printer_axis,구멍지름,치수,-100.0,-0.1010314979101895,0.7112280118576777,0.8122595097678672,25.0,10.0,0.03249038039071469,10:1 통과,,1.0,"프린터 축 래스터: seam 0, 샘플 XY 잡음 5 µm(보수); 배율 printer_axis 500 ppm, seam 0개; mode raster_point (csv)"
낙관,M55,raster_point,printer_axis,길이40,치수,0.0,0.0,16.32993161855452,16.32993161855452,25.0,10.0,0.6531972647421809,4:1 통과,,1.0,"해석 계산; 프린터 축 래스터: seam 0, 샘플 XY 잡음 5 µm(보수); 배율 printer_axis 500 ppm, seam 0개; mode raster_point (csv)"
낙관,M55,raster_point,printer_axis,경계,윤곽(참고),50.0,0.05051574895509475,0.35561400592883885,0.4061297548839336,25.0,10.0,0.016245190195357345,10:1 통과,,1.0,"프린터 축 래스터: seam 0, 샘플 XY 잡음 5 µm(보수); 배율 printer_axis 500 ppm, seam 0개; mode raster_point (csv)"
낙관,M55,raster_point,printer_axis,위치,위치,223.60679774997897,0.03507795000228775,0.6892431413753217,0.7243210913776095,50.0,20.0,0.01448642182755219,10:1 통과,,1.0,"프린터 축 래스터: seam 0, 샘플 XY 잡음 5 µm(보수); 배율 printer_axis 500 ppm, seam 0개; mode raster_point (csv)"
낙관,M56,raster_point,printer_axis,국소높이,높이,0.0,0.0014913645443934544,0.19548988245073956,0.196981246995133,5.0,2.0,0.0393962493990266,10:1 통과,,1.0,"프린터 축 래스터: seam 0, 샘플 XY 잡음 5 µm(보수); 배율 printer_axis 500 ppm, seam 0개; mode raster_point (csv)"
낙관,M56,raster_point,printer_axis,단차,높이(참고),-20.0,0.0007135009765625,0.027851297175442435,0.028564798152004935,5.0,2.0,0.005712959630400987,10:1 통과,,1.0,"프린터 축 래스터: seam 0, 샘플 XY 잡음 5 µm(보수); 배율 printer_axis 500 ppm, seam 0개; mode raster_point (csv)"
낙관,M56,raster_point,printer_axis,국소선폭,윤곽,40.0,-62.38496624262481,6.981754490091467,69.36672073271627,10.0,4.0,6.936672073271628,불합격,,1.0,"프린터 축 래스터: seam 0, 샘플 XY 잡음 5 µm(보수); 배율 printer_axis 500 ppm, seam 0개; mode raster_point (csv)"
낙관,M56,raster_point,printer_axis,선폭,윤곽(참고),40.0,-62.38111322734376,7.035878359885599,69.41699158722936,10.0,4.0,6.941699158722936,불합격,,1.0,"프린터 축 래스터: seam 0, 샘플 XY 잡음 5 µm(보수); 배율 printer_axis 500 ppm, seam 0개; mode raster_point (csv)"
낙관,M56,raster_point,printer_axis,구멍지름,치수,-100.0,-0.05277317134982695,0.5365045498979125,0.5892777212477395,25.0,10.0,0.02357110884990958,10:1 통과,,1.0,"프린터 축 래스터: seam 0, 샘플 XY 잡음 5 µm(보수); 배율 printer_axis 500 ppm, seam 0개; mode raster_point (csv)"
낙관,M56,raster_point,printer_axis,길이40,치수,0.0,0.0,16.32993161855452,16.32993161855452,25.0,10.0,0.6531972647421809,4:1 통과,,1.0,"해석 계산; 프린터 축 래스터: seam 0, 샘플 XY 잡음 5 µm(보수); 배율 printer_axis 500 ppm, seam 0개; mode raster_point (csv)"
낙관,M56,raster_point,printer_axis,경계,윤곽(참고),50.0,0.026386585674913476,0.26825227494895626,0.29463886062386974,25.0,10.0,0.01178555442495479,10:1 통과,,1.0,"프린터 축 래스터: seam 0, 샘플 XY 잡음 5 µm(보수); 배율 printer_axis 500 ppm, seam 0개; mode raster_point (csv)"
낙관,M56,raster_point,printer_axis,위치,위치,223.60679774997897,0.0583196842599664,0.6200242942130688,0.6783439784730352,50.0,20.0,0.013566879569460703,10:1 통과,,1.0,"프린터 축 래스터: seam 0, 샘플 XY 잡음 5 µm(보수); 배율 printer_axis 500 ppm, seam 0개; mode raster_point (csv)"
낙관,M57,raster_point,printer_axis,국소높이,높이,0.0,-0.002099600609442946,0.20023207127944312,0.20233167188888607,5.0,2.0,0.04046633437777721,10:1 통과,,1.0,"프린터 축 래스터: seam 0, 샘플 XY 잡음 5 µm(보수); 배율 printer_axis 500 ppm, seam 0개; mode raster_point (csv)"
낙관,M57,raster_point,printer_axis,단차,높이(참고),-20.0,-0.0006500244140625,0.021868879779980793,0.02251890419404329,5.0,2.0,0.004503780838808659,10:1 통과,,1.0,"프린터 축 래스터: seam 0, 샘플 XY 잡음 5 µm(보수); 배율 printer_axis 500 ppm, seam 0개; mode raster_point (csv)"
낙관,M57,raster_point,printer_axis,국소선폭,윤곽,40.0,-64.85235355021779,7.786934099723915,72.6392876499417,10.0,4.0,7.263928764994171,불합격,,1.0,"프린터 축 래스터: seam 0, 샘플 XY 잡음 5 µm(보수); 배율 printer_axis 500 ppm, seam 0개; mode raster_point (csv)"
낙관,M57,raster_point,printer_axis,선폭,윤곽(참고),40.0,-64.85315098176865,7.844962381150676,72.69811336291933,10.0,4.0,7.269811336291933,불합격,,1.0,"프린터 축 래스터: seam 0, 샘플 XY 잡음 5 µm(보수); 배율 printer_axis 500 ppm, seam 0개; mode raster_point (csv)"
낙관,M57,raster_point,printer_axis,구멍지름,치수,-100.0,0.09373240768328288,0.5016868407750654,0.5954192484583483,25.0,10.0,0.02381676993833393,10:1 통과,,1.0,"프린터 축 래스터: seam 0, 샘플 XY 잡음 5 µm(보수); 배율 printer_axis 500 ppm, seam 0개; mode raster_point (csv)"
낙관,M57,raster_point,printer_axis,길이40,치수,0.0,0.0,16.32993161855452,16.32993161855452,25.0,10.0,0.6531972647421809,4:1 통과,,1.0,"해석 계산; 프린터 축 래스터: seam 0, 샘플 XY 잡음 5 µm(보수); 배율 printer_axis 500 ppm, seam 0개; mode raster_point (csv)"
낙관,M57,raster_point,printer_axis,경계,윤곽(참고),50.0,-0.04686620384164144,0.2508434203875327,0.29770962422917413,25.0,10.0,0.011908384969166965,10:1 통과,,1.0,"프린터 축 래스터: seam 0, 샘플 XY 잡음 5 µm(보수); 배율 printer_axis 500 ppm, seam 0개; mode raster_point (csv)"
낙관,M57,raster_point,printer_axis,위치,위치,223.60679774997897,0.08403910153915589,1.2693531290207305,1.3533922305598864,50.0,20.0,0.02706784461119773,10:1 통과,,1.0,"프린터 축 래스터: seam 0, 샘플 XY 잡음 5 µm(보수); 배율 printer_axis 500 ppm, seam 0개; mode raster_point (csv)"
낙관,M58,raster_point,printer_axis,국소높이,높이,0.0,0.04869919984885983,7.4867658147662155,7.535465014615076,5.0,2.0,1.5070930029230152,불합격,,1.0,"프린터 축 래스터: seam 0, 샘플 XY 잡음 5 µm(보수); 배율 printer_axis 500 ppm, seam 0개; mode raster_point (csv)"
낙관,M58,raster_point,printer_axis,단차,높이(참고),-20.0,0.0170709228515625,1.189872579974682,1.2069435028262445,5.0,2.0,0.24138870056524891,10:1 통과,,1.0,"프린터 축 래스터: seam 0, 샘플 XY 잡음 5 µm(보수); 배율 printer_axis 500 ppm, seam 0개; mode raster_point (csv)"
낙관,M58,raster_point,printer_axis,국소선폭,윤곽,40.0,3.0145088908589366,28.60883838387798,31.62334727473692,10.0,4.0,3.162334727473692,불합격,,1.0,"프린터 축 래스터: seam 0, 샘플 XY 잡음 5 µm(보수); 배율 printer_axis 500 ppm, seam 0개; mode raster_point (csv)"
낙관,M58,raster_point,printer_axis,선폭,윤곽(참고),40.0,5.705117702077734,23.619132248989278,29.32424995106701,10.0,4.0,2.932424995106701,불합격,,1.0,"프린터 축 래스터: seam 0, 샘플 XY 잡음 5 µm(보수); 배율 printer_axis 500 ppm, seam 0개; mode raster_point (csv)"
낙관,M58,raster_point,printer_axis,구멍지름,치수,-100.0,0.13253941075135117,2.4199150536187446,2.5524544643700957,25.0,10.0,0.10209817857480383,10:1 통과,,1.0,"프린터 축 래스터: seam 0, 샘플 XY 잡음 5 µm(보수); 배율 printer_axis 500 ppm, seam 0개; mode raster_point (csv)"
낙관,M58,raster_point,printer_axis,길이40,치수,0.0,0.0,40.824829046386306,40.824829046386306,25.0,10.0,1.6329931618554523,불합격,,1.0,"해석 계산; 프린터 축 래스터: seam 0, 샘플 XY 잡음 5 µm(보수); 배율 printer_axis 500 ppm, seam 0개; mode raster_point (csv)"
낙관,M58,raster_point,printer_axis,경계,윤곽(참고),50.0,-0.06626970537567559,1.2099575268093723,1.2762272321850479,25.0,10.0,0.051049089287401914,10:1 통과,,1.0,"프린터 축 래스터: seam 0, 샘플 XY 잡음 5 µm(보수); 배율 printer_axis 500 ppm, seam 0개; mode raster_point (csv)"
낙관,M58,raster_point,printer_axis,위치,위치,223.60679774997897,0.25043194229957333,1.835838184180646,2.086270126480219,50.0,20.0,0.04172540252960438,10:1 통과,,1.0,"프린터 축 래스터: seam 0, 샘플 XY 잡음 5 µm(보수); 배율 printer_axis 500 ppm, seam 0개; mode raster_point (csv)"
낙관,M59,raster_point,printer_axis,국소높이,높이,0.0,-0.0003813994935447029,0.3047035853255179,0.3050849848190626,5.0,2.0,0.06101699696381252,10:1 통과,,1.0,"프린터 축 래스터: seam 0, 샘플 XY 잡음 5 µm(보수); 배율 printer_axis 500 ppm, seam 0개; mode raster_point (csv)"
낙관,M59,raster_point,printer_axis,단차,높이(참고),-20.0,-0.0033978271484375,0.03949354072602039,0.04289136787445789,5.0,2.0,0.008578273574891578,10:1 통과,,1.0,"프린터 축 래스터: seam 0, 샘플 XY 잡음 5 µm(보수); 배율 printer_axis 500 ppm, seam 0개; mode raster_point (csv)"
낙관,M59,raster_point,printer_axis,국소선폭,윤곽,40.0,-61.8370143890992,3.000868457470646,64.83788284656985,10.0,4.0,6.483788284656986,불합격,,1.0,"프린터 축 래스터: seam 0, 샘플 XY 잡음 5 µm(보수); 배율 printer_axis 500 ppm, seam 0개; mode raster_point (csv)"
낙관,M59,raster_point,printer_axis,선폭,윤곽(참고),40.0,-61.83895392784956,2.963455179123034,64.80240910697259,10.0,4.0,6.480240910697259,불합격,,1.0,"프린터 축 래스터: seam 0, 샘플 XY 잡음 5 µm(보수); 배율 printer_axis 500 ppm, seam 0개; mode raster_point (csv)"
낙관,M59,raster_point,printer_axis,구멍지름,치수,-100.0,0.025387629600427317,0.7066423029719344,0.7320299325723617,25.0,10.0,0.02928119730289447,10:1 통과,,1.0,"프린터 축 래스터: seam 0, 샘플 XY 잡음 5 µm(보수); 배율 printer_axis 500 ppm, seam 0개; mode raster_point (csv)"
낙관,M59,raster_point,printer_axis,길이40,치수,0.0,0.0,16.32993161855452,16.32993161855452,25.0,10.0,0.6531972647421809,4:1 통과,,1.0,"해석 계산; 프린터 축 래스터: seam 0, 샘플 XY 잡음 5 µm(보수); 배율 printer_axis 500 ppm, seam 0개; mode raster_point (csv)"
낙관,M59,raster_point,printer_axis,경계,윤곽(참고),50.0,-0.012693814800213659,0.3533211514859672,0.36601496628618085,25.0,10.0,0.014640598651447234,10:1 통과,,1.0,"프린터 축 래스터: seam 0, 샘플 XY 잡음 5 µm(보수); 배율 printer_axis 500 ppm, seam 0개; mode raster_point (csv)"
낙관,M59,raster_point,printer_axis,위치,위치,223.60679774997897,0.10602826308917987,0.6564524743116689,0.7624807374008488,50.0,20.0,0.015249614748016975,10:1 통과,,1.0,"프린터 축 래스터: seam 0, 샘플 XY 잡음 5 µm(보수); 배율 printer_axis 500 ppm, seam 0개; mode raster_point (csv)"
낙관,M60,raster_point,printer_axis,국소높이,높이,0.0,0.0007175170037350405,0.20124891744698814,0.20196643445072318,5.0,2.0,0.04039328689014464,10:1 통과,,1.0,"프린터 축 래스터: seam 0, 샘플 XY 잡음 5 µm(보수); 배율 printer_axis 500 ppm, seam 0개; mode raster_point (csv)"
낙관,M60,raster_point,printer_axis,단차,높이(참고),-20.0,0.00192626953125,0.02923447949082871,0.031160749022078712,5.0,2.0,0.0062321498044157425,10:1 통과,,1.0,"프린터 축 래스터: seam 0, 샘플 XY 잡음 5 µm(보수); 배율 printer_axis 500 ppm, seam 0개; mode raster_point (csv)"
낙관,M60,raster_point,printer_axis,국소선폭,윤곽,40.0,-48.15262861035012,3.710231100204767,51.862859710554886,10.0,4.0,5.186285971055488,불합격,,1.0,"프린터 축 래스터: seam 0, 샘플 XY 잡음 5 µm(보수); 배율 printer_axis 500 ppm, seam 0개; mode raster_point (csv)"
낙관,M60,raster_point,printer_axis,선폭,윤곽(참고),40.0,-48.152322969960785,3.7260102633586736,51.87833323331946,10.0,4.0,5.187833323331946,불합격,,1.0,"프린터 축 래스터: seam 0, 샘플 XY 잡음 5 µm(보수); 배율 printer_axis 500 ppm, seam 0개; mode raster_point (csv)"
낙관,M60,raster_point,printer_axis,구멍지름,치수,-100.0,-0.035578756890954535,0.5174762943039392,0.5530550511948937,25.0,10.0,0.02212220204779575,10:1 통과,,1.0,"프린터 축 래스터: seam 0, 샘플 XY 잡음 5 µm(보수); 배율 printer_axis 500 ppm, seam 0개; mode raster_point (csv)"
낙관,M60,raster_point,printer_axis,길이40,치수,0.0,0.0,16.32993161855452,16.32993161855452,25.0,10.0,0.6531972647421809,4:1 통과,,1.0,"해석 계산; 프린터 축 래스터: seam 0, 샘플 XY 잡음 5 µm(보수); 배율 printer_axis 500 ppm, seam 0개; mode raster_point (csv)"
낙관,M60,raster_point,printer_axis,경계,윤곽(참고),50.0,0.017789378445477268,0.2587381471519696,0.27652752559744687,25.0,10.0,0.011061101023897875,10:1 통과,,1.0,"프린터 축 래스터: seam 0, 샘플 XY 잡음 5 µm(보수); 배율 printer_axis 500 ppm, seam 0개; mode raster_point (csv)"
낙관,M60,raster_point,printer_axis,위치,위치,223.60679774997897,0.058013416276955374,0.690607225217371,0.7486206414943263,50.0,20.0,0.014972412829886525,10:1 통과,,1.0,"프린터 축 래스터: seam 0, 샘플 XY 잡음 5 µm(보수); 배율 printer_axis 500 ppm, seam 0개; mode raster_point (csv)"
낙관,M61,raster_point,printer_axis,국소높이,높이,0.0,0.004951970420359132,1.0104027166929574,1.0153546871133166,5.0,2.0,0.2030709374226633,10:1 통과,,1.0,"프린터 축 래스터: seam 0, 샘플 XY 잡음 5 µm(보수); 배율 printer_axis 500 ppm, seam 0개; mode raster_point (csv)"
낙관,M61,raster_point,printer_axis,단차,높이(참고),-20.0,0.0080908203125,0.1416696661945352,0.1497604865070352,5.0,2.0,0.02995209730140704,10:1 통과,,1.0,"프린터 축 래스터: seam 0, 샘플 XY 잡음 5 µm(보수); 배율 printer_axis 500 ppm, seam 0개; mode raster_point (csv)"
낙관,M61,raster_point,printer_axis,국소선폭,윤곽,40.0,-7.439199046494052,7.256514551663007,14.69571359815706,10.0,4.0,1.4695713598157059,불합격,,1.0,"프린터 축 래스터: seam 0, 샘플 XY 잡음 5 µm(보수); 배율 printer_axis 500 ppm, seam 0개; mode raster_point (csv)"
낙관,M61,raster_point,printer_axis,선폭,윤곽(참고),40.0,-7.431737698205965,7.131656382359711,14.563394080565676,10.0,4.0,1.4563394080565675,불합격,,1.0,"프린터 축 래스터: seam 0, 샘플 XY 잡음 5 µm(보수); 배율 printer_axis 500 ppm, seam 0개; mode raster_point (csv)"
낙관,M61,raster_point,printer_axis,구멍지름,치수,-100.0,-0.07223002951383023,0.8562704691436627,0.928500498657493,25.0,10.0,0.037140019946299715,10:1 통과,,1.0,"프린터 축 래스터: seam 0, 샘플 XY 잡음 5 µm(보수); 배율 printer_axis 500 ppm, seam 0개; mode raster_point (csv)"
낙관,M61,raster_point,printer_axis,길이40,치수,0.0,0.0,20.412414523193153,20.412414523193153,25.0,10.0,0.8164965809277261,4:1 통과,,1.0,"해석 계산; 프린터 축 래스터: seam 0, 샘플 XY 잡음 5 µm(보수); 배율 printer_axis 500 ppm, seam 0개; mode raster_point (csv)"
낙관,M61,raster_point,printer_axis,경계,윤곽(참고),50.0,0.036115014756915115,0.42813523457183134,0.4642502493287465,25.0,10.0,0.018570009973149858,10:1 통과,,1.0,"프린터 축 래스터: seam 0, 샘플 XY 잡음 5 µm(보수); 배율 printer_axis 500 ppm, seam 0개; mode raster_point (csv)"
낙관,M61,raster_point,printer_axis,위치,위치,223.60679774997897,0.028164423679412097,0.8636452603102399,0.891809683989652,50.0,20.0,0.01783619367979304,10:1 통과,,1.0,"프린터 축 래스터: seam 0, 샘플 XY 잡음 5 µm(보수); 배율 printer_axis 500 ppm, seam 0개; mode raster_point (csv)"
낙관,M62,raster_point,printer_axis,국소높이,높이,0.0,-0.004270860448199587,0.7960032690921298,0.8002741295403294,5.0,2.0,0.16005482590806588,10:1 통과,,1.0,"프린터 축 래스터: seam 0, 샘플 XY 잡음 5 µm(보수); 배율 printer_axis 500 ppm, seam 0개; mode raster_point (csv)"
낙관,M62,raster_point,printer_axis,단차,높이(참고),-20.0,-0.0076934814453125,0.10815105731252868,0.11584453875784118,5.0,2.0,0.023168907751568234,10:1 통과,,1.0,"프린터 축 래스터: seam 0, 샘플 XY 잡음 5 µm(보수); 배율 printer_axis 500 ppm, seam 0개; mode raster_point (csv)"
낙관,M62,raster_point,printer_axis,국소선폭,윤곽,40.0,-101.56652745658616,28.618618647072548,130.1851461036587,10.0,4.0,13.01851461036587,불합격,,1.0,"프린터 축 래스터: seam 0, 샘플 XY 잡음 5 µm(보수); 배율 printer_axis 500 ppm, seam 0개; mode raster_point (csv)"
낙관,M62,raster_point,printer_axis,선폭,윤곽(참고),40.0,-101.52310124970049,28.763448898028347,130.28655014772883,10.0,4.0,13.028655014772884,불합격,,1.0,"프린터 축 래스터: seam 0, 샘플 XY 잡음 5 µm(보수); 배율 printer_axis 500 ppm, seam 0개; mode raster_point (csv)"
낙관,M62,raster_point,printer_axis,구멍지름,치수,-100.0,-0.23243854190609453,1.5779770729648852,1.8104156148709798,25.0,10.0,0.07241662459483919,10:1 통과,,1.0,"프린터 축 래스터: seam 0, 샘플 XY 잡음 5 µm(보수); 배율 printer_axis 500 ppm, seam 0개; mode raster_point (csv)"
낙관,M62,raster_point,printer_axis,길이40,치수,0.0,0.0,32.65986323710904,32.65986323710904,25.0,10.0,1.3063945294843617,불합격,,1.0,"해석 계산; 프린터 축 래스터: seam 0, 샘플 XY 잡음 5 µm(보수); 배율 printer_axis 500 ppm, seam 0개; mode raster_point (csv)"
낙관,M62,raster_point,printer_axis,경계,윤곽(참고),50.0,0.11621927095304727,0.7889885364824426,0.9052078074354899,25.0,10.0,0.036208312297419595,10:1 통과,,1.0,"프린터 축 래스터: seam 0, 샘플 XY 잡음 5 µm(보수); 배율 printer_axis 500 ppm, seam 0개; mode raster_point (csv)"
낙관,M62,raster_point,printer_axis,위치,위치,223.60679774997897,0.224724891481039,1.8118831263990416,2.0366080178800807,50.0,20.0,0.04073216035760161,10:1 통과,,1.0,"프린터 축 래스터: seam 0, 샘플 XY 잡음 5 µm(보수); 배율 printer_axis 500 ppm, seam 0개; mode raster_point (csv)"
낙관,M63,raster_point,printer_axis,국소높이,높이,0.0,0.0007457113174823107,0.39709467374069535,0.39784038505817765,5.0,2.0,0.07956807701163553,10:1 통과,,1.0,"프린터 축 래스터: seam 0, 샘플 XY 잡음 5 µm(보수); 배율 printer_axis 500 ppm, seam 0개; mode raster_point (csv)"
낙관,M63,raster_point,printer_axis,단차,높이(참고),-20.0,-0.0002197265625,0.04961234438905792,0.04983207095155792,5.0,2.0,0.009966414190311584,10:1 통과,,1.0,"프린터 축 래스터: seam 0, 샘플 XY 잡음 5 µm(보수); 배율 printer_axis 500 ppm, seam 0개; mode raster_point (csv)"
낙관,M63,raster_point,printer_axis,국소선폭,윤곽,40.0,-149.33080309861728,8.108056070476001,157.4388591690933,10.0,4.0,15.74388591690933,불합격,,1.0,"프린터 축 래스터: seam 0, 샘플 XY 잡음 5 µm(보수); 배율 printer_axis 500 ppm, seam 0개; mode raster_point (csv)"
낙관,M63,raster_point,printer_axis,선폭,윤곽(참고),40.0,-149.31485352921987,8.214346443806942,157.5291999730268,10.0,4.0,15.75291999730268,불합격,,1.0,"프린터 축 래스터: seam 0, 샘플 XY 잡음 5 µm(보수); 배율 printer_axis 500 ppm, seam 0개; mode raster_point (csv)"
낙관,M63,raster_point,printer_axis,구멍지름,치수,-100.0,0.033500287422348264,0.7285287968242724,0.7620290842466206,25.0,10.0,0.030481163369864825,10:1 통과,,1.0,"프린터 축 래스터: seam 0, 샘플 XY 잡음 5 µm(보수); 배율 printer_axis 500 ppm, seam 0개; mode raster_point (csv)"
낙관,M63,raster_point,printer_axis,길이40,치수,0.0,0.0,16.32993161855452,16.32993161855452,25.0,10.0,0.6531972647421809,4:1 통과,,1.0,"해석 계산; 프린터 축 래스터: seam 0, 샘플 XY 잡음 5 µm(보수); 배율 printer_axis 500 ppm, seam 0개; mode raster_point (csv)"
낙관,M63,raster_point,printer_axis,경계,윤곽(참고),50.0,-0.016750143711174132,0.3642643984121362,0.3810145421233103,25.0,10.0,0.015240581684932412,10:1 통과,,1.0,"프린터 축 래스터: seam 0, 샘플 XY 잡음 5 µm(보수); 배율 printer_axis 500 ppm, seam 0개; mode raster_point (csv)"
낙관,M63,raster_point,printer_axis,위치,위치,223.60679774997897,0.04179257752986546,0.5658570269727162,0.6076496045025817,50.0,20.0,0.012152992090051632,10:1 통과,,1.0,"프린터 축 래스터: seam 0, 샘플 XY 잡음 5 µm(보수); 배율 printer_axis 500 ppm, seam 0개; mode raster_point (csv)"
낙관,M64,area,printer_axis,국소높이,높이,0.0,0.0011093896718856562,0.2008346117385585,0.20194400141044413,5.0,2.0,0.04038880028208883,10:1 통과,,1.0,"배율 printer_axis 500 ppm, seam 3개; mode area (csv)"
낙관,M64,area,printer_axis,단차,높이(참고),-20.0,-0.0008441162109375,0.02820015195864832,0.02904426816958582,5.0,2.0,0.005808853633917164,10:1 통과,,1.0,"배율 printer_axis 500 ppm, seam 3개; mode area (csv)"
낙관,M64,area,printer_axis,국소선폭,윤곽,40.0,-53.1048465839711,3.6082580235962354,56.71310460756734,10.0,4.0,5.671310460756734,불합격,,1.0,"배율 printer_axis 500 ppm, seam 3개; mode area (csv)"
낙관,M64,area,printer_axis,선폭,윤곽(참고),40.0,-53.106039522231505,3.6095920020710937,56.7156315243026,10.0,4.0,5.67156315243026,불합격,,1.0,"배율 printer_axis 500 ppm, seam 3개; mode area (csv)"
낙관,M64,area,printer_axis,구멍지름,치수,-100.0,-0.020271746344042184,0.2737755800840883,0.2940473264281305,25.0,10.0,0.011761893057125218,10:1 통과,,1.0,"배율 printer_axis 500 ppm, seam 3개; mode area (csv)"
낙관,M64,area,printer_axis,길이40,치수,0.0,0.0,8.16496580927726,8.16496580927726,25.0,10.0,0.32659863237109044,10:1 통과,,1.0,"해석 계산; 배율 printer_axis 500 ppm, seam 3개; mode area (csv)"
낙관,M64,area,printer_axis,경계,윤곽(참고),50.0,0.010135873172021092,0.13688779004204416,0.14702366321406524,25.0,10.0,0.005880946528562609,10:1 통과,,1.0,"배율 printer_axis 500 ppm, seam 3개; mode area (csv)"
낙관,M64,area,printer_axis,위치,위치,223.60679774997897,0.09333653786460154,1.2146087574547109,1.3079452953193125,50.0,20.0,0.02615890590638625,10:1 통과,,1.0,"배율 printer_axis 500 ppm, seam 3개; mode area (csv)"
낙관,M65,line_profiler,industrial,국소높이,높이,0.0,-0.00024554687700072006,0.03659653015910126,0.03684207703610198,5.0,2.0,0.007368415407220397,10:1 통과,,1.0,"배율 industrial 100 ppm, seam 9개; 선 단면 장비(면 측정은 래스터 가정, 면 래스터 37,940 분); mode line_profiler (csv)"
낙관,M65,line_profiler,industrial,단차,높이(참고),-20.0,0.0002215576171875,0.004668765029047207,0.004890322646234707,5.0,2.0,0.0009780645292469415,10:1 통과,,1.0,"배율 industrial 100 ppm, seam 9개; 선 단면 장비(면 측정은 래스터 가정, 면 래스터 37,940 분); mode line_profiler (csv)"
낙관,M65,line_profiler,industrial,국소선폭,윤곽,40.0,-44.7510934457268,1.8648245858538166,46.61591803158062,10.0,4.0,4.661591803158062,불합격,,1.0,"배율 industrial 100 ppm, seam 9개; 선 단면 장비(면 측정은 래스터 가정, 면 래스터 37,940 분); mode line_profiler (csv)"
낙관,M65,line_profiler,industrial,선폭,윤곽(참고),40.0,-44.75136411230428,1.8778839259268942,46.629248038231175,10.0,4.0,4.662924803823118,불합격,,1.0,"배율 industrial 100 ppm, seam 9개; 선 단면 장비(면 측정은 래스터 가정, 면 래스터 37,940 분); mode line_profiler (csv)"
낙관,M65,line_profiler,industrial,구멍지름,치수,-100.0,0.017588447339667256,0.11307991321428239,0.13066836055394965,25.0,10.0,0.005226734422157986,10:1 통과,,1.0,"배율 industrial 100 ppm, seam 9개; 선 단면 장비(면 측정은 래스터 가정, 면 래스터 37,940 분); mode line_profiler (csv)"
낙관,M65,line_profiler,industrial,길이40,치수,0.0,0.0,3.0128723836233093,3.0128723836233093,25.0,10.0,0.12051489534493237,10:1 통과,,1.0,"해석 계산; 배율 industrial 100 ppm, seam 9개; 선 단면 장비(면 측정은 래스터 가정, 면 래스터 37,940 분); mode line_profiler (csv)"
낙관,M65,line_profiler,industrial,경계,윤곽(참고),50.0,-0.008794223669833628,0.056539956607141194,0.06533418027697482,25.0,10.0,0.002613367211078993,10:1 통과,,1.0,"배율 industrial 100 ppm, seam 9개; 선 단면 장비(면 측정은 래스터 가정, 면 래스터 37,940 분); mode line_profiler (csv)"
낙관,M65,line_profiler,industrial,위치,위치,223.60679774997897,0.016572056203731707,0.10063491859469938,0.11720697479843109,50.0,20.0,0.002344139495968622,10:1 통과,,1.0,"배율 industrial 100 ppm, seam 9개; 선 단면 장비(면 측정은 래스터 가정, 면 래스터 37,940 분); mode line_profiler (csv)"
낙관,M66,area,calibrated,국소높이,높이,0.0,-0.00040723156644213276,0.17597883256219987,0.176386064128642,5.0,2.0,0.0352772128257284,10:1 통과,,1.0,"배율 calibrated 20 ppm, seam 2개; mode area (csv)"
낙관,M66,area,calibrated,단차,높이(참고),-20.0,-0.00107025146484375,0.024772777909822238,0.02584302937466599,5.0,2.0,0.005168605874933198,10:1 통과,,1.0,"배율 calibrated 20 ppm, seam 2개; mode area (csv)"
낙관,M66,area,calibrated,국소선폭,윤곽,40.0,-7.984714167602458,3.0846976553220466,11.069411822924504,10.0,4.0,1.1069411822924504,불합격,경계,1.0,"배율 calibrated 20 ppm, seam 2개; mode area (csv)"
낙관,M66,area,calibrated,선폭,윤곽(참고),40.0,-7.98665384020521,3.087807103395536,11.074460943600746,10.0,4.0,1.1074460943600746,불합격,경계,1.0,"배율 calibrated 20 ppm, seam 2개; mode area (csv)"
낙관,M66,area,calibrated,구멍지름,치수,-100.0,-0.007459703303002243,0.37059198379278535,0.37805168709578757,25.0,10.0,0.015122067483831502,10:1 통과,,1.0,"배율 calibrated 20 ppm, seam 2개; mode area (csv)"
낙관,M66,area,calibrated,길이40,치수,0.0,0.0,9.553009996854394,9.553009996854394,25.0,10.0,0.3821203998741758,10:1 통과,,1.0,"해석 계산; 배율 calibrated 20 ppm, seam 2개; mode area (csv)"
낙관,M66,area,calibrated,경계,윤곽(참고),50.0,0.0037298516515011215,0.18529599189639268,0.18902584354789378,25.0,10.0,0.007561033741915751,10:1 통과,,1.0,"배율 calibrated 20 ppm, seam 2개; mode area (csv)"
낙관,M66,area,calibrated,위치,위치,223.60679774997897,0.018099013761036332,0.16534599396651783,0.18344500772755418,50.0,20.0,0.0036689001545510834,10:1 통과,,1.0,"배율 calibrated 20 ppm, seam 2개; mode area (csv)"
낙관,M67,area,industrial,국소높이,높이,0.0,0.0014881556301996081,0.23460920132870167,0.23609735695890127,5.0,2.0,0.04721947139178025,10:1 통과,,1.0,"배율 industrial 100 ppm, seam 2개; mode area (csv)"
낙관,M67,area,industrial,단차,높이(참고),-20.0,-0.0016339111328125,0.03564454129597237,0.03727845242878487,5.0,2.0,0.007455690485756975,10:1 통과,,1.0,"배율 industrial 100 ppm, seam 2개; mode area (csv)"
낙관,M67,area,industrial,국소선폭,윤곽,40.0,-8.306554044305518,3.438994702995672,11.74554874730119,10.0,4.0,1.1745548747301189,불합격,경계,1.0,"배율 industrial 100 ppm, seam 2개; mode area (csv)"
낙관,M67,area,industrial,선폭,윤곽(참고),40.0,-8.308803839145076,3.4264478059879515,11.735251645133028,10.0,4.0,1.1735251645133027,불합격,경계,1.0,"배율 industrial 100 ppm, seam 2개; mode area (csv)"
낙관,M67,area,industrial,구멍지름,치수,-100.0,-0.025960493368675088,0.40273503911918873,0.4286955324878638,25.0,10.0,0.017147821299514553,10:1 통과,,1.0,"배율 industrial 100 ppm, seam 2개; mode area (csv)"
낙관,M67,area,industrial,길이40,치수,0.0,0.0,9.553009996854394,9.553009996854394,25.0,10.0,0.3821203998741758,10:1 통과,,1.0,"해석 계산; 배율 industrial 100 ppm, seam 2개; mode area (csv)"
낙관,M67,area,industrial,경계,윤곽(참고),50.0,0.012980246684337544,0.20136751955959437,0.2143477662439319,25.0,10.0,0.008573910649757276,10:1 통과,,1.0,"배율 industrial 100 ppm, seam 2개; mode area (csv)"
낙관,M67,area,industrial,위치,위치,223.60679774997897,0.018505256474698015,0.16775380683695182,0.18625906331164982,50.0,20.0,0.0037251812662329963,10:1 통과,,1.0,"배율 industrial 100 ppm, seam 2개; mode area (csv)"
낙관,M68,area,industrial,국소높이,높이,0.0,7.901814000021785e-05,0.13801997074974098,0.1380989888897412,5.0,2.0,0.027619797777948242,10:1 통과,,1.0,"배율 industrial 100 ppm, seam 3개; mode area (csv)"
낙관,M68,area,industrial,단차,높이(참고),-20.0,-0.00031219482421875,0.015146080836101222,0.015458275660319973,5.0,2.0,0.0030916551320639947,10:1 통과,,1.0,"배율 industrial 100 ppm, seam 3개; mode area (csv)"
낙관,M68,area,industrial,국소선폭,윤곽,40.0,-5.835424368661511,2.379669965596691,8.215094334258202,10.0,4.0,0.8215094334258202,4:1 통과,,1.0,"배율 industrial 100 ppm, seam 3개; mode area (csv)"
낙관,M68,area,industrial,선폭,윤곽(참고),40.0,-5.837312121226509,2.3735798300063444,8.210891951232853,10.0,4.0,0.8210891951232853,4:1 통과,,1.0,"배율 industrial 100 ppm, seam 3개; mode area (csv)"
낙관,M68,area,industrial,구멍지름,치수,-100.0,0.0632839303347282,0.28425311097848444,0.3475370413132126,25.0,10.0,0.013901481652528504,10:1 통과,,1.0,"배율 industrial 100 ppm, seam 3개; mode area (csv)"
낙관,M68,area,industrial,길이40,치수,0.0,0.0,5.715476066494083,5.715476066494083,25.0,10.0,0.22861904265976332,10:1 통과,,1.0,"해석 계산; 배율 industrial 100 ppm, seam 3개; mode area (csv)"
낙관,M68,area,industrial,경계,윤곽(참고),50.0,-0.0316419651673641,0.14212655548924222,0.1737685206566063,25.0,10.0,0.006950740826264252,10:1 통과,,1.0,"배율 industrial 100 ppm, seam 3개; mode area (csv)"
낙관,M68,area,industrial,위치,위치,223.60679774997897,0.018585090371662616,0.11860280574257959,0.1371878961142422,50.0,20.0,0.002743757922284844,10:1 통과,,1.0,"배율 industrial 100 ppm, seam 3개; mode area (csv)"
낙관,M69,area,industrial,국소높이,높이,0.0,-0.08820623496463523,67.38806458332209,67.47627081828672,5.0,2.0,13.495254163657345,불합격,,1.0,"배율 industrial 100 ppm, seam 0개; mode area (csv)"
낙관,M69,area,industrial,단차,높이(참고),-20.0,0.2234619140625,9.75673510317221,9.98019701723471,5.0,2.0,1.996039403446942,불합격,,1.0,"배율 industrial 100 ppm, seam 0개; mode area (csv)"
낙관,M69,area,industrial,국소선폭,윤곽,40.0,-213.69377984481523,877.3669667661212,1091.0607466109363,10.0,4.0,109.10607466109363,불합격,,1.0,"배율 industrial 100 ppm, seam 0개; mode area (csv)"
낙관,M69,area,industrial,선폭,윤곽(참고),40.0,-242.415206999149,446.90423205900584,689.3194390581548,10.0,4.0,68.93194390581547,불합격,,0.9,"배율 industrial 100 ppm, seam 0개; mode area (csv)"
낙관,M69,area,industrial,구멍지름,치수,-100.0,-0.5111835159978818,8.85241597069437,9.363599486692252,25.0,10.0,0.3745439794676901,10:1 통과,,1.0,"배율 industrial 100 ppm, seam 0개; mode area (csv)"
낙관,M69,area,industrial,길이40,치수,0.0,0.0,99.61258287318257,99.61258287318257,25.0,10.0,3.984503314927303,불합격,,1.0,"해석 계산; 배율 industrial 100 ppm, seam 0개; mode area (csv)"
낙관,M69,area,industrial,경계,윤곽(참고),50.0,0.2555917579989409,4.426207985347185,4.681799743346126,25.0,10.0,0.18727198973384504,10:1 통과,,1.0,"배율 industrial 100 ppm, seam 0개; mode area (csv)"
낙관,M69,area,industrial,위치,위치,223.60679774997897,0.17938303695115532,3.2202571322378595,3.3996401691890146,50.0,20.0,0.06799280338378029,10:1 통과,,1.0,"배율 industrial 100 ppm, seam 0개; mode area (csv)"
낙관,M70,area,industrial,국소높이,높이,0.0,1.630698588167783,147.31631239157878,148.94701097974655,5.0,2.0,29.78940219594931,불합격,,1.0,"배율 industrial 100 ppm, seam 0개; mode area (csv)"
낙관,M70,area,industrial,단차,높이(참고),-20.0,-0.8858953857421875,20.32905643226401,21.2149518180062,5.0,2.0,4.24299036360124,불합격,,1.0,"배율 industrial 100 ppm, seam 0개; mode area (csv)"
낙관,M70,area,industrial,국소선폭,윤곽,40.0,-133.34633872700553,1393.840767541707,1527.1871062687126,10.0,4.0,152.71871062687126,불합격,,1.0,"배율 industrial 100 ppm, seam 0개; mode area (csv)"
낙관,M70,area,industrial,선폭,윤곽(참고),40.0,-150.9128210646344,996.4544829261439,1147.3673039907783,10.0,4.0,114.73673039907783,불합격,,0.9,"배율 industrial 100 ppm, seam 0개; mode area (csv)"
낙관,M70,area,industrial,구멍지름,치수,-100.0,-6.357989978955575,28.721096365162317,35.07908634411789,25.0,10.0,1.4031634537647155,불합격,,1.0,"배율 industrial 100 ppm, seam 0개; mode area (csv)"
낙관,M70,area,industrial,길이40,치수,0.0,0.0,142.07040508142435,142.07040508142435,25.0,10.0,5.682816203256974,불합격,,1.0,"해석 계산; 배율 industrial 100 ppm, seam 0개; mode area (csv)"
낙관,M70,area,industrial,경계,윤곽(참고),50.0,3.1789949894777876,14.360548182581159,17.539543172058945,25.0,10.0,0.7015817268823578,4:1 통과,,1.0,"배율 industrial 100 ppm, seam 0개; mode area (csv)"
낙관,M70,area,industrial,위치,위치,223.60679774997897,1.2161258496329475,9.972979568391661,11.189105418024608,50.0,20.0,0.22378210836049217,10:1 통과,,1.0,"배율 industrial 100 ppm, seam 0개; mode area (csv)"
낙관,M71,area,industrial,국소높이,높이,0.0,-0.2862155632385926,74.34279607281543,74.62901163605403,5.0,2.0,14.925802327210807,불합격,,1.0,"배율 industrial 100 ppm, seam 0개; mode area (csv)"
낙관,M71,area,industrial,단차,높이(참고),-20.0,0.0238177490234375,9.623744750597726,9.647562499621165,5.0,2.0,1.929512499924233,불합격,,1.0,"배율 industrial 100 ppm, seam 0개; mode area (csv)"
낙관,M71,area,industrial,국소선폭,윤곽,40.0,83.03395664854948,214.8760407630109,297.90999741156037,10.0,4.0,29.790999741156035,불합격,,1.0,"배율 industrial 100 ppm, seam 0개; mode area (csv)"
낙관,M71,area,industrial,선폭,윤곽(참고),40.0,77.8374248266628,97.32859730673066,175.16602213339345,10.0,4.0,17.516602213339347,불합격,,1.0,"배율 industrial 100 ppm, seam 0개; mode area (csv)"
낙관,M71,area,industrial,구멍지름,치수,-100.0,-4.618130236565194,39.72189117002747,44.34002140659266,25.0,10.0,1.7736008562637064,불합격,,1.0,"배율 industrial 100 ppm, seam 0개; mode area (csv)"
낙관,M71,area,industrial,길이40,치수,0.0,0.0,138.80441875771342,138.80441875771342,25.0,10.0,5.552176750308536,불합격,,1.0,"해석 계산; 배율 industrial 100 ppm, seam 0개; mode area (csv)"
낙관,M71,area,industrial,경계,윤곽(참고),50.0,2.309065118282597,19.860945585013734,22.17001070329633,25.0,10.0,0.8868004281318532,4:1 통과,,1.0,"배율 industrial 100 ppm, seam 0개; mode area (csv)"
낙관,M71,area,industrial,위치,위치,223.60679774997897,0.47918139799324594,8.015582625591692,8.494764023584938,50.0,20.0,0.16989528047169877,10:1 통과,,1.0,"배율 industrial 100 ppm, seam 0개; mode area (csv)"
낙관,M72,area,industrial,국소높이,높이,0.0,0.015357121978587839,4.067080382236816,4.082437504215404,5.0,2.0,0.8164875008430809,4:1 통과,,1.0,"배율 industrial 100 ppm, seam 0개; mode area (csv)"
낙관,M72,area,industrial,단차,높이(참고),-20.0,0.06754791259765625,0.5904554101296996,0.6580033227273558,5.0,2.0,0.13160066454547117,10:1 통과,,1.0,"배율 industrial 100 ppm, seam 0개; mode area (csv)"
낙관,M72,area,industrial,국소선폭,윤곽,40.0,-6.526082849086152,12.08939313757815,18.6154759866643,10.0,4.0,1.86154759866643,불합격,,1.0,"배율 industrial 100 ppm, seam 0개; mode area (csv)"
낙관,M72,area,industrial,선폭,윤곽(참고),40.0,-5.787805799996498,9.113066287325426,14.900872087321924,10.0,4.0,1.4900872087321924,불합격,,1.0,"배율 industrial 100 ppm, seam 0개; mode area (csv)"
낙관,M72,area,industrial,구멍지름,치수,-100.0,-1.1348707864474181,4.225990452433223,5.360861238880641,25.0,10.0,0.21443444955522564,10:1 통과,,1.0,"배율 industrial 100 ppm, seam 0개; mode area (csv)"
낙관,M72,area,industrial,길이40,치수,0.0,0.0,40.824829046386306,40.824829046386306,25.0,10.0,1.6329931618554523,불합격,,1.0,"해석 계산; 배율 industrial 100 ppm, seam 0개; mode area (csv)"
낙관,M72,area,industrial,경계,윤곽(참고),50.0,0.5674353932237091,2.1129952262166114,2.6804306194403207,25.0,10.0,0.10721722477761282,10:1 통과,,1.0,"배율 industrial 100 ppm, seam 0개; mode area (csv)"
낙관,M72,area,industrial,위치,위치,223.60679774997897,0.09806405502275306,3.464690113178495,3.562754168201248,50.0,20.0,0.07125508336402496,10:1 통과,,1.0,"배율 industrial 100 ppm, seam 0개; mode area (csv)"
낙관,M73,area,calibrated,국소높이,높이,0.0,-0.012308451447187034,0.9013348783255629,0.91364332977275,5.0,2.0,0.18272866595455,10:1 통과,,1.0,"배율 calibrated 20 ppm, seam 0개; mode area (csv)"
낙관,M73,area,calibrated,단차,높이(참고),-20.0,-0.00295318603515625,0.11176546519277657,0.11471865122793282,5.0,2.0,0.022943730245586564,10:1 통과,,1.0,"배율 calibrated 20 ppm, seam 0개; mode area (csv)"
낙관,M73,area,calibrated,국소선폭,윤곽,40.0,-10.826905323917195,4.547780164982307,15.374685488899502,10.0,4.0,1.5374685488899502,불합격,,1.0,"배율 calibrated 20 ppm, seam 0개; mode area (csv)"
낙관,M73,area,calibrated,선폭,윤곽(참고),40.0,-10.822778044301167,4.268661223838576,15.091439268139743,10.0,4.0,1.5091439268139744,불합격,,1.0,"배율 calibrated 20 ppm, seam 0개; mode area (csv)"
낙관,M73,area,calibrated,구멍지름,치수,-100.0,-0.26713732345961033,1.3256805360757338,1.5928178595353442,25.0,10.0,0.06371271438141377,10:1 통과,,1.0,"배율 calibrated 20 ppm, seam 0개; mode area (csv)"
낙관,M73,area,calibrated,길이40,치수,0.0,0.0,24.494897427831784,24.494897427831784,25.0,10.0,0.9797958971132714,4:1 통과,,1.0,"해석 계산; 배율 calibrated 20 ppm, seam 0개; mode area (csv)"
낙관,M73,area,calibrated,경계,윤곽(참고),50.0,0.13356866172980517,0.6628402680378669,0.7964089297676721,25.0,10.0,0.03185635719070688,10:1 통과,,1.0,"배율 calibrated 20 ppm, seam 0개; mode area (csv)"
낙관,M73,area,calibrated,위치,위치,223.60679774997897,0.10928126206521167,1.2764184542423211,1.3856997163075329,50.0,20.0,0.027713994326150657,10:1 통과,,1.0,"배율 calibrated 20 ppm, seam 0개; mode area (csv)"
낙관,M74,area,calibrated,국소높이,높이,0.0,-0.08830500934767346,6.233694096326239,6.321999105673913,5.0,2.0,1.2643998211347827,불합격,경계,1.0,"배율 calibrated 20 ppm, seam 0개; mode area (csv)"
낙관,M74,area,calibrated,단차,높이(참고),-20.0,0.05540130615234375,0.6590861199243572,0.7144874260767009,5.0,2.0,0.14289748521534018,10:1 통과,,1.0,"배율 calibrated 20 ppm, seam 0개; mode area (csv)"
낙관,M74,area,calibrated,국소선폭,윤곽,40.0,8.287448052562384,24.8809986415645,33.168446694126885,10.0,4.0,3.3168446694126885,불합격,,1.0,"배율 calibrated 20 ppm, seam 0개; mode area (csv)"
낙관,M74,area,calibrated,선폭,윤곽(참고),40.0,14.519857618799492,13.587645445042853,28.107503063842344,10.0,4.0,2.8107503063842345,불합격,,1.0,"배율 calibrated 20 ppm, seam 0개; mode area (csv)"
낙관,M74,area,calibrated,구멍지름,치수,-100.0,-0.41184999249013343,1.1825494740015798,1.5943994664917134,25.0,10.0,0.06377597865966854,10:1 통과,,1.0,"배율 calibrated 20 ppm, seam 0개; mode area (csv)"
낙관,M74,area,calibrated,길이40,치수,0.0,0.0,20.412414523193153,20.412414523193153,25.0,10.0,0.8164965809277261,4:1 통과,,1.0,"해석 계산; 배율 calibrated 20 ppm, seam 0개; mode area (csv)"
낙관,M74,area,calibrated,경계,윤곽(참고),50.0,0.20592499624506672,0.5912747370007899,0.7971997332458567,25.0,10.0,0.03188798932983427,10:1 통과,,1.0,"배율 calibrated 20 ppm, seam 0개; mode area (csv)"
낙관,M74,area,calibrated,위치,위치,223.60679774997897,0.1283862825377768,7.651000852113221,7.779387134650998,50.0,20.0,0.15558774269301995,10:1 통과,,1.0,"배율 calibrated 20 ppm, seam 0개; mode area (csv)"
낙관,M75,area,industrial,국소높이,높이,0.0,-0.06040528019985401,4.978192239389595,5.038597519589449,5.0,2.0,1.00771950391789,불합격,경계,1.0,"배율 industrial 100 ppm, seam 0개; mode area (csv)"
낙관,M75,area,industrial,단차,높이(참고),-20.0,0.01543304443359375,0.6320458491477811,0.6474788935813748,5.0,2.0,0.12949577871627496,10:1 통과,,1.0,"배율 industrial 100 ppm, seam 0개; mode area (csv)"
낙관,M75,area,industrial,국소선폭,윤곽,40.0,-4.999057486041544,18.33038349826409,23.329440984305634,10.0,4.0,2.3329440984305636,불합격,,1.0,"배율 industrial 100 ppm, seam 0개; mode area (csv)"
낙관,M75,area,industrial,선폭,윤곽(참고),40.0,-0.17415054129062468,8.410375174563686,8.58452571585431,10.0,4.0,0.858452571585431,4:1 통과,,1.0,"배율 industrial 100 ppm, seam 0개; mode area (csv)"
낙관,M75,area,industrial,구멍지름,치수,-100.0,-0.25431968937476995,3.296550044322394e-05,0.2543526548752132,25.0,10.0,0.010174106195008527,10:1 통과,,1.0,"배율 industrial 100 ppm, seam 0개; mode area (csv)"
낙관,M75,area,industrial,길이40,치수,0.0,0.0,16.32993161855452,16.32993161855452,25.0,10.0,0.6531972647421809,4:1 통과,,1.0,"해석 계산; 배율 industrial 100 ppm, seam 0개; mode area (csv)"
낙관,M75,area,industrial,경계,윤곽(참고),50.0,0.12715984468738498,1.648275022161197e-05,0.1271763274376066,25.0,10.0,0.005087053097504264,10:1 통과,,1.0,"배율 industrial 100 ppm, seam 0개; mode area (csv)"
낙관,M75,area,industrial,위치,위치,223.60679774997897,0.6339307481927465,6.4692502739270505,7.103181022119797,50.0,20.0,0.14206362044239593,10:1 통과,,1.0,"배율 industrial 100 ppm, seam 0개; mode area (csv)"
낙관,M76,area,industrial,국소높이,높이,0.0,-0.007682547727146883,4.032570739586973,4.04025328731412,5.0,2.0,0.808050657462824,4:1 통과,,1.0,"배율 industrial 100 ppm, seam 0개; mode area (csv)"
낙관,M76,area,industrial,단차,높이(참고),-20.0,-0.0401470947265625,0.48249445929341794,0.5226415540199805,5.0,2.0,0.10452831080399609,10:1 통과,,1.0,"배율 industrial 100 ppm, seam 0개; mode area (csv)"
낙관,M76,area,industrial,국소선폭,윤곽,40.0,-7.592106580501475,11.34858491680267,18.940691497304144,10.0,4.0,1.8940691497304143,불합격,,1.0,"배율 industrial 100 ppm, seam 0개; mode area (csv)"
낙관,M76,area,industrial,선폭,윤곽(참고),40.0,-6.7752442397225465,8.170543527424844,14.94578776714739,10.0,4.0,1.494578776714739,불합격,,1.0,"배율 industrial 100 ppm, seam 0개; mode area (csv)"
낙관,M76,area,industrial,구멍지름,치수,-100.0,-0.22737453337555052,3.010581872997051,3.2379564063726014,25.0,10.0,0.12951825625490407,10:1 통과,,1.0,"배율 industrial 100 ppm, seam 0개; mode area (csv)"
낙관,M76,area,industrial,길이40,치수,0.0,0.0,32.65986323710904,32.65986323710904,25.0,10.0,1.3063945294843617,불합격,,1.0,"해석 계산; 배율 industrial 100 ppm, seam 0개; mode area (csv)"
낙관,M76,area,industrial,경계,윤곽(참고),50.0,0.11368726668777526,1.5052909364985254,1.6189782031863007,25.0,10.0,0.06475912812745203,10:1 통과,,1.0,"배율 industrial 100 ppm, seam 0개; mode area (csv)"
낙관,M76,area,industrial,위치,위치,223.60679774997897,0.10425501740747191,2.8270937891027024,2.9313488065101745,50.0,20.0,0.05862697613020349,10:1 통과,,1.0,"배율 industrial 100 ppm, seam 0개; mode area (csv)"
낙관,M77,area,industrial,국소높이,높이,0.0,-0.026215536453038958,3.9650224978816038,3.9912380343346427,5.0,2.0,0.7982476068669285,4:1 통과,,1.0,"배율 industrial 100 ppm, seam 0개; mode area (csv)"
낙관,M77,area,industrial,단차,높이(참고),-20.0,-0.00714111328125,0.5750112801569658,0.5821523934382158,5.0,2.0,0.11643047868764315,10:1 통과,,1.0,"배율 industrial 100 ppm, seam 0개; mode area (csv)"
낙관,M77,area,industrial,국소선폭,윤곽,40.0,-8.668097149957632,10.885863764413884,19.553960914371515,10.0,4.0,1.9553960914371515,불합격,,1.0,"배율 industrial 100 ppm, seam 0개; mode area (csv)"
낙관,M77,area,industrial,선폭,윤곽(참고),40.0,-7.8771700245563325,7.12136121504553,14.998531239601864,10.0,4.0,1.4998531239601864,불합격,,1.0,"배율 industrial 100 ppm, seam 0개; mode area (csv)"
낙관,M77,area,industrial,구멍지름,치수,-100.0,-0.4887760576919118,2.6447121657105783,3.13348822340249,25.0,10.0,0.1253395289360996,10:1 통과,,1.0,"배율 industrial 100 ppm, seam 0개; mode area (csv)"
낙관,M77,area,industrial,길이40,치수,0.0,0.0,32.65986323710904,32.65986323710904,25.0,10.0,1.3063945294843617,불합격,,1.0,"해석 계산; 배율 industrial 100 ppm, seam 0개; mode area (csv)"
낙관,M77,area,industrial,경계,윤곽(참고),50.0,0.2443880288459559,1.3223560828552892,1.566744111701245,25.0,10.0,0.0626697644680498,10:1 통과,,1.0,"배율 industrial 100 ppm, seam 0개; mode area (csv)"
낙관,M77,area,industrial,위치,위치,223.60679774997897,0.17760696677278734,2.970204774785239,3.1478117415580265,50.0,20.0,0.06295623483116053,10:1 통과,,1.0,"배율 industrial 100 ppm, seam 0개; mode area (csv)"
낙관,M78,area,industrial,국소높이,높이,0.0,-0.0523876033601151,30.765890660824116,30.81827826418423,5.0,2.0,6.163655652836846,불합격,,1.0,"배율 industrial 100 ppm, seam 0개; mode area (csv)"
낙관,M78,area,industrial,단차,높이(참고),-20.0,-0.43227569580078123,3.8831058077029494,4.315381503503731,5.0,2.0,0.8630763007007461,4:1 통과,,1.0,"배율 industrial 100 ppm, seam 0개; mode area (csv)"
낙관,M78,area,industrial,국소선폭,윤곽,40.0,12.166505946487069,71.09492368296779,83.26142962945485,10.0,4.0,8.326142962945486,불합격,,1.0,"배율 industrial 100 ppm, seam 0개; mode area (csv)"
낙관,M78,area,industrial,선폭,윤곽(참고),40.0,21.732186237620063,35.49828167163654,57.2304679092566,10.0,4.0,5.72304679092566,불합격,,1.0,"배율 industrial 100 ppm, seam 0개; mode area (csv)"
낙관,M78,area,industrial,구멍지름,치수,-100.0,-1.2172520336702746,12.207502378946087,13.42475441261636,25.0,10.0,0.5369901765046544,4:1 통과,,1.0,"배율 industrial 100 ppm, seam 0개; mode area (csv)"
낙관,M78,area,industrial,길이40,치수,0.0,0.0,69.40220937885671,69.40220937885671,25.0,10.0,2.776088375154268,불합격,,1.0,"해석 계산; 배율 industrial 100 ppm, seam 0개; mode area (csv)"
낙관,M78,area,industrial,경계,윤곽(참고),50.0,0.6086260168351373,6.103751189473043,6.71237720630818,25.0,10.0,0.2684950882523272,10:1 통과,,1.0,"배율 industrial 100 ppm, seam 0개; mode area (csv)"
낙관,M78,area,industrial,위치,위치,223.60679774997897,0.2673409971016029,4.9976058607263605,5.2649468578279635,50.0,20.0,0.10529893715655927,10:1 통과,,1.0,"배율 industrial 100 ppm, seam 0개; mode area (csv)"
낙관,M79,area,calibrated,국소높이,높이,0.0,-0.008924848825191185,1.2225161666040627,1.2314410154292539,5.0,2.0,0.24628820308585078,10:1 통과,,1.0,"배율 calibrated 20 ppm, seam 0개; mode area (csv)"
낙관,M79,area,calibrated,단차,높이(참고),-20.0,-0.01816680908203125,0.15309301743619014,0.1712598265182214,5.0,2.0,0.03425196530364428,10:1 통과,,1.0,"배율 calibrated 20 ppm, seam 0개; mode area (csv)"
낙관,M79,area,calibrated,국소선폭,윤곽,40.0,-5.400947269871644,11.329207347259219,16.730154617130864,10.0,4.0,1.6730154617130863,불합격,,1.0,"배율 calibrated 20 ppm, seam 0개; mode area (csv)"
낙관,M79,area,calibrated,선폭,윤곽(참고),40.0,-5.403655625415082,11.093310408313545,16.496966033728626,10.0,4.0,1.6496966033728626,불합격,,1.0,"배율 calibrated 20 ppm, seam 0개; mode area (csv)"
낙관,M79,area,calibrated,구멍지름,치수,-100.0,0.030581109740269313,1.252574308111835,1.2831554178521043,25.0,10.0,0.051326216714084175,10:1 통과,,1.0,"배율 calibrated 20 ppm, seam 0개; mode area (csv)"
낙관,M79,area,calibrated,길이40,치수,0.0,0.0,20.412414523193153,20.412414523193153,25.0,10.0,0.8164965809277261,4:1 통과,,1.0,"해석 계산; 배율 calibrated 20 ppm, seam 0개; mode area (csv)"
낙관,M79,area,calibrated,경계,윤곽(참고),50.0,-0.015290554870134657,0.6262871540559175,0.6415777089260521,25.0,10.0,0.025663108357042087,10:1 통과,,1.0,"배율 calibrated 20 ppm, seam 0개; mode area (csv)"
낙관,M79,area,calibrated,위치,위치,223.60679774997897,0.08820524072550108,0.9158204528710057,1.0040256935965068,50.0,20.0,0.020080513871930137,10:1 통과,,1.0,"배율 calibrated 20 ppm, seam 0개; mode area (csv)"
낙관,M80,area,calibrated,국소높이,높이,0.0,-0.0002462212518570167,0.020141090775982848,0.020387312027839864,5.0,2.0,0.004077462405567973,10:1 통과,,1.0,"xy_step 1.38 < 2 µm → 2 µm 로 처리; 배율 calibrated 20 ppm, seam 14개; mode area (csv)"
낙관,M80,area,calibrated,단차,높이(참고),-20.0,7.415771484375e-05,0.002302310212991993,0.0023764679278357433,5.0,2.0,0.00047529358556714865,10:1 통과,,1.0,"xy_step 1.38 < 2 µm → 2 µm 로 처리; 배율 calibrated 20 ppm, seam 14개; mode area (csv)"
낙관,M80,area,calibrated,국소선폭,윤곽,40.0,-18.026515148755102,1.0056226444269296,19.03213779318203,10.0,4.0,1.9032137793182031,불합격,,1.0,"xy_step 1.38 < 2 µm → 2 µm 로 처리; 배율 calibrated 20 ppm, seam 14개; mode area (csv)"
낙관,M80,area,calibrated,선폭,윤곽(참고),40.0,-18.02673763655878,1.0122046827961644,19.038942319354945,10.0,4.0,1.9038942319354946,불합격,,1.0,"xy_step 1.38 < 2 µm → 2 µm 로 처리; 배율 calibrated 20 ppm, seam 14개; mode area (csv)"
낙관,M80,area,calibrated,구멍지름,치수,-100.0,-0.03381245945894989,3.2760054787620294e-05,0.03384521951373751,25.0,10.0,0.0013538087805495002,10:1 통과,,1.0,"xy_step 1.38 < 2 µm → 2 µm 로 처리; 배율 calibrated 20 ppm, seam 14개; mode area (csv)"
낙관,M80,area,calibrated,길이40,치수,0.0,0.0,1.6329931618554523,1.6329931618554523,25.0,10.0,0.06531972647421809,10:1 통과,,1.0,"해석 계산; xy_step 1.38 < 2 µm → 2 µm 로 처리; 배율 calibrated 20 ppm, seam 14개; mode area (csv)"
낙관,M80,area,calibrated,경계,윤곽(참고),50.0,0.016906229729474944,1.6380027393810147e-05,0.016922609756868753,25.0,10.0,0.0006769043902747501,10:1 통과,,1.0,"xy_step 1.38 < 2 µm → 2 µm 로 처리; 배율 calibrated 20 ppm, seam 14개; mode area (csv)"
낙관,M80,area,calibrated,위치,위치,223.60679774997897,0.13783884700707918,1.1410196366275966,1.278858483634676,50.0,20.0,0.02557716967269352,10:1 통과,,1.0,"xy_step 1.38 < 2 µm → 2 µm 로 처리; 배율 calibrated 20 ppm, seam 14개; mode area (csv)"
낙관,M81,area,calibrated,국소높이,높이,0.0,-3.706058713055391e-05,0.005140378211708307,0.005177438798838861,5.0,2.0,0.0010354877597677722,10:1 통과,,1.0,"배율 calibrated 20 ppm, seam 15개; mode area (csv)"
낙관,M81,area,calibrated,단차,높이(참고),-20.0,-5.645751953125e-05,0.0007815888215082851,0.0008380463410395351,5.0,2.0,0.00016760926820790702,10:1 통과,,1.0,"배율 calibrated 20 ppm, seam 15개; mode area (csv)"
낙관,M81,area,calibrated,국소선폭,윤곽,40.0,-84.86552870864347,1.4079264212572344,86.2734551299007,10.0,4.0,8.62734551299007,불합격,,1.0,"배율 calibrated 20 ppm, seam 15개; mode area (csv)"
낙관,M81,area,calibrated,선폭,윤곽(참고),40.0,-84.86558823075869,1.4212122876358346,86.28680051839453,10.0,4.0,8.628680051839453,불합격,,1.0,"배율 calibrated 20 ppm, seam 15개; mode area (csv)"
낙관,M81,area,calibrated,구멍지름,치수,-100.0,0.024024744490498053,0.05325617766305343,0.07728092215355148,25.0,10.0,0.0030912368861420593,10:1 통과,,1.0,"배율 calibrated 20 ppm, seam 15개; mode area (csv)"
낙관,M81,area,calibrated,길이40,치수,0.0,0.0,2.1228911104120876,2.1228911104120876,25.0,10.0,0.0849156444164835,10:1 통과,,1.0,"해석 계산; 배율 calibrated 20 ppm, seam 15개; mode area (csv)"
낙관,M81,area,calibrated,경계,윤곽(참고),50.0,-0.012012372245249026,0.026628088831526717,0.03864046107677574,25.0,10.0,0.0015456184430710296,10:1 통과,,1.0,"배율 calibrated 20 ppm, seam 15개; mode area (csv)"
낙관,M81,area,calibrated,위치,위치,223.60679774997897,0.0016126127484290959,0.13155900739302234,0.13317162014145145,50.0,20.0,0.002663432402829029,10:1 통과,,1.0,"배율 calibrated 20 ppm, seam 15개; mode area (csv)"
낙관,M82,area,industrial,국소높이,높이,0.0,-0.0002802207067549757,0.059730130073386165,0.06001035078014114,5.0,2.0,0.012002070156028229,10:1 통과,,1.0,"xy_step 1.06 < 2 µm → 2 µm 로 처리; 배율 industrial 100 ppm, seam 17개; mode area (csv)"
낙관,M82,area,industrial,단차,높이(참고),-20.0,0.0010040283203125,0.010137599021686037,0.011141627341998537,5.0,2.0,0.0022283254683997072,10:1 통과,,1.0,"xy_step 1.06 < 2 µm → 2 µm 로 처리; 배율 industrial 100 ppm, seam 17개; mode area (csv)"
낙관,M82,area,industrial,국소선폭,윤곽,40.0,-0.07101699264277897,0.3335386680930836,0.4045556607358626,10.0,4.0,0.04045556607358626,10:1 통과,,1.0,"xy_step 1.06 < 2 µm → 2 µm 로 처리; 배율 industrial 100 ppm, seam 17개; mode area (csv)"
낙관,M82,area,industrial,선폭,윤곽(참고),40.0,-0.07232923380636862,0.0861908574512688,0.1585200912576374,10.0,4.0,0.01585200912576374,10:1 통과,,1.0,"xy_step 1.06 < 2 µm → 2 µm 로 처리; 배율 industrial 100 ppm, seam 17개; mode area (csv)"
낙관,M82,area,industrial,구멍지름,치수,-100.0,0.02495607526890126,3.786035005988955e-05,0.024993935618961148,25.0,10.0,0.0009997574247584459,10:1 통과,,1.0,"xy_step 1.06 < 2 µm → 2 µm 로 처리; 배율 industrial 100 ppm, seam 17개; mode area (csv)"
낙관,M82,area,industrial,길이40,치수,0.0,0.0,1.6329931618554523,1.6329931618554523,25.0,10.0,0.06531972647421809,10:1 통과,,1.0,"해석 계산; xy_step 1.06 < 2 µm → 2 µm 로 처리; 배율 industrial 100 ppm, seam 17개; mode area (csv)"
낙관,M82,area,industrial,경계,윤곽(참고),50.0,-0.01247803763445063,1.8930175029944775e-05,0.012496967809480574,25.0,10.0,0.0004998787123792229,10:1 통과,,1.0,"xy_step 1.06 < 2 µm → 2 µm 로 처리; 배율 industrial 100 ppm, seam 17개; mode area (csv)"
낙관,M82,area,industrial,위치,위치,223.60679774997897,0.051649260896800726,1.066052708119953,1.1177019690167536,50.0,20.0,0.02235403938033507,10:1 통과,,1.0,"xy_step 1.06 < 2 µm → 2 µm 로 처리; 배율 industrial 100 ppm, seam 17개; mode area (csv)"
낙관,M83,area,industrial,국소높이,높이,0.0,-0.00028638750853686207,0.04058144662841762,0.04086783413695448,5.0,2.0,0.008173566827390896,10:1 통과,,1.0,"xy_step 1.6 < 2 µm → 2 µm 로 처리; 배율 industrial 100 ppm, seam 20개; mode area (csv)"
낙관,M83,area,industrial,단차,높이(참고),-20.0,-0.00035614013671875,0.007026709092611032,0.007382849229329781,5.0,2.0,0.0014765698458659563,10:1 통과,,1.0,"xy_step 1.6 < 2 µm → 2 µm 로 처리; 배율 industrial 100 ppm, seam 20개; mode area (csv)"
낙관,M83,area,industrial,국소선폭,윤곽,40.0,-0.04105452017722952,0.21952696869753965,0.2605814888747692,10.0,4.0,0.026058148887476918,10:1 통과,,1.0,"xy_step 1.6 < 2 µm → 2 µm 로 처리; 배율 industrial 100 ppm, seam 20개; mode area (csv)"
낙관,M83,area,industrial,선폭,윤곽(참고),40.0,-0.04219230752264593,0.050184908211993194,0.09237721573463913,10.0,4.0,0.009237721573463913,10:1 통과,,1.0,"xy_step 1.6 < 2 µm → 2 µm 로 처리; 배율 industrial 100 ppm, seam 20개; mode area (csv)"
낙관,M83,area,industrial,구멍지름,치수,-100.0,0.026182047851416427,3.434400785529983e-05,0.026216391859271725,25.0,10.0,0.001048655674370869,10:1 통과,,1.0,"xy_step 1.6 < 2 µm → 2 µm 로 처리; 배율 industrial 100 ppm, seam 20개; mode area (csv)"
낙관,M83,area,industrial,길이40,치수,0.0,0.0,1.6329931618554523,1.6329931618554523,25.0,10.0,0.06531972647421809,10:1 통과,,1.0,"해석 계산; xy_step 1.6 < 2 µm → 2 µm 로 처리; 배율 industrial 100 ppm, seam 20개; mode area (csv)"
낙관,M83,area,industrial,경계,윤곽(참고),50.0,-0.013091023925708213,1.7172003927649914e-05,0.013108195929635863,25.0,10.0,0.0005243278371854345,10:1 통과,,1.0,"xy_step 1.6 < 2 µm → 2 µm 로 처리; 배율 industrial 100 ppm, seam 20개; mode area (csv)"
낙관,M83,area,industrial,위치,위치,223.60679774997897,0.28157245437271955,1.0755748288053912,1.3571472831781108,50.0,20.0,0.027142945663562217,10:1 통과,,1.0,"xy_step 1.6 < 2 µm → 2 µm 로 처리; 배율 industrial 100 ppm, seam 20개; mode area (csv)"
낙관,M84,area,calibrated,국소높이,높이,0.0,3.2880304068267435e-05,0.01855691102948691,0.018589791333555174,5.0,2.0,0.0037179582667110347,10:1 통과,,1.0,"배율 calibrated 20 ppm, seam 10개; mode area (csv)"
낙관,M84,area,calibrated,단차,높이(참고),-20.0,-4.302978515625e-05,0.0025422554510551015,0.0025852852362113514,5.0,2.0,0.0005170570472422702,10:1 통과,,1.0,"배율 calibrated 20 ppm, seam 10개; mode area (csv)"
낙관,M84,area,calibrated,국소선폭,윤곽,40.0,-84.8710291375225,0.3323316141825319,85.20336075170503,10.0,4.0,8.520336075170503,불합격,,1.0,"배율 calibrated 20 ppm, seam 10개; mode area (csv)"
낙관,M84,area,calibrated,선폭,윤곽(참고),40.0,-84.87112582956433,0.3255347238419078,85.19666055340625,10.0,4.0,8.519666055340625,불합격,,1.0,"배율 calibrated 20 ppm, seam 10개; mode area (csv)"
낙관,M84,area,calibrated,구멍지름,치수,-100.0,-0.03591003685048236,0.07596645546700849,0.11187649231749085,25.0,10.0,0.004475059692699634,10:1 통과,,1.0,"배율 calibrated 20 ppm, seam 10개; mode area (csv)"
낙관,M84,area,calibrated,길이40,치수,0.0,0.0,2.5556342983037825,2.5556342983037825,25.0,10.0,0.1022253719321513,10:1 통과,,1.0,"해석 계산; 배율 calibrated 20 ppm, seam 10개; mode area (csv)"
낙관,M84,area,calibrated,경계,윤곽(참고),50.0,0.01795501842524118,0.037983227733504245,0.055938246158745424,25.0,10.0,0.002237529846349817,10:1 통과,,1.0,"배율 calibrated 20 ppm, seam 10개; mode area (csv)"
낙관,M84,area,calibrated,위치,위치,223.60679774997897,0.0019909200201595465,0.028433300815725253,0.0304242208358848,50.0,20.0,0.000608484416717696,10:1 통과,,1.0,"배율 calibrated 20 ppm, seam 10개; mode area (csv)"
낙관,M85,area,calibrated,국소높이,높이,0.0,-0.00037643569726299777,0.04985468755796004,0.05023112325522304,5.0,2.0,0.010046224651044608,10:1 통과,,1.0,"배율 calibrated 20 ppm, seam 0개; mode area (csv)"
낙관,M85,area,calibrated,단차,높이(참고),-20.0,-0.00025848388671875,0.006597498895007168,0.0068559827817259176,5.0,2.0,0.0013711965563451836,10:1 통과,,1.0,"배율 calibrated 20 ppm, seam 0개; mode area (csv)"
낙관,M85,area,calibrated,국소선폭,윤곽,40.0,-0.6764004282867632,0.7963141985278377,1.472714626814601,10.0,4.0,0.1472714626814601,10:1 통과,,1.0,"배율 calibrated 20 ppm, seam 0개; mode area (csv)"
낙관,M85,area,calibrated,선폭,윤곽(참고),40.0,-0.6763252567644724,0.7964157255926616,1.472740982357134,10.0,4.0,0.1472740982357134,10:1 통과,,1.0,"배율 calibrated 20 ppm, seam 0개; mode area (csv)"
낙관,M85,area,calibrated,구멍지름,치수,-100.0,-0.04291672148407088,0.290472064211356,0.3333887856954269,25.0,10.0,0.013335551427817076,10:1 통과,,1.0,"배율 calibrated 20 ppm, seam 0개; mode area (csv)"
낙관,M85,area,calibrated,길이40,치수,0.0,0.0,8.16496580927726,8.16496580927726,25.0,10.0,0.32659863237109044,10:1 통과,,1.0,"해석 계산; 배율 calibrated 20 ppm, seam 0개; mode area (csv)"
낙관,M85,area,calibrated,경계,윤곽(참고),50.0,0.02145836074203544,0.145236032105678,0.16669439284771345,25.0,10.0,0.006667775713908538,10:1 통과,,1.0,"배율 calibrated 20 ppm, seam 0개; mode area (csv)"
낙관,M85,area,calibrated,위치,위치,223.60679774997897,0.12215845177394441,1.2519119581630396,1.374070409936984,50.0,20.0,0.02748140819873968,10:1 통과,,1.0,"배율 calibrated 20 ppm, seam 0개; mode area (csv)"
낙관,M86,area,calibrated,국소높이,높이,0.0,0.00037557049671699694,0.050491200521696554,0.050866771018413554,5.0,2.0,0.01017335420368271,10:1 통과,,1.0,"배율 calibrated 20 ppm, seam 0개; mode area (csv)"
낙관,M86,area,calibrated,단차,높이(참고),-20.0,0.000728759765625,0.006416991794726411,0.007145751560351411,5.0,2.0,0.001429150312070282,10:1 통과,,1.0,"배율 calibrated 20 ppm, seam 0개; mode area (csv)"
낙관,M86,area,calibrated,국소선폭,윤곽,40.0,-0.7339725861045024,0.7955620430521866,1.529534629156689,10.0,4.0,0.1529534629156689,10:1 통과,,1.0,"배율 calibrated 20 ppm, seam 0개; mode area (csv)"
낙관,M86,area,calibrated,선폭,윤곽(참고),40.0,-0.7343501382086549,0.7932582151780843,1.5276083533867393,10.0,4.0,0.15276083533867393,10:1 통과,,1.0,"배율 calibrated 20 ppm, seam 0개; mode area (csv)"
낙관,M86,area,calibrated,구멍지름,치수,-100.0,0.02422724881095746,0.17750235442670056,0.20172960323765804,25.0,10.0,0.008069184129506322,10:1 통과,,1.0,"배율 calibrated 20 ppm, seam 0개; mode area (csv)"
낙관,M86,area,calibrated,길이40,치수,0.0,0.0,8.16496580927726,8.16496580927726,25.0,10.0,0.32659863237109044,10:1 통과,,1.0,"해석 계산; 배율 calibrated 20 ppm, seam 0개; mode area (csv)"
낙관,M86,area,calibrated,경계,윤곽(참고),50.0,-0.01211362440547873,0.08875117721335028,0.10086480161882902,25.0,10.0,0.004034592064753161,10:1 통과,,1.0,"배율 calibrated 20 ppm, seam 0개; mode area (csv)"
낙관,M86,area,calibrated,위치,위치,223.60679774997897,0.15767384135943563,1.218767082873793,1.3764409242332287,50.0,20.0,0.027528818484664576,10:1 통과,,1.0,"배율 calibrated 20 ppm, seam 0개; mode area (csv)"
낙관,M87,area,calibrated,국소높이,높이,0.0,1.909729560288108e-05,0.003980377335500423,0.0039994746311033036,5.0,2.0,0.0007998949262206607,10:1 통과,,1.0,"xy_step 1.6 < 2 µm → 2 µm 로 처리; 배율 calibrated 20 ppm, seam 12개; mode area (csv)"
낙관,M87,area,calibrated,단차,높이(참고),-20.0,2.288818359375e-05,0.0005215301604371584,0.0005444183440309084,5.0,2.0,0.00010888366880618168,10:1 통과,,1.0,"xy_step 1.6 < 2 µm → 2 µm 로 처리; 배율 calibrated 20 ppm, seam 12개; mode area (csv)"
낙관,M87,area,calibrated,국소선폭,윤곽,40.0,-67.8384316111664,0.10890042932304664,67.94733204048944,10.0,4.0,6.794733204048944,불합격,,1.0,"xy_step 1.6 < 2 µm → 2 µm 로 처리; 배율 calibrated 20 ppm, seam 12개; mode area (csv)"
낙관,M87,area,calibrated,선폭,윤곽(참고),40.0,-67.83850243293135,0.10778213460864498,67.94628456753999,10.0,4.0,6.794628456753999,불합격,,1.0,"xy_step 1.6 < 2 µm → 2 µm 로 처리; 배율 calibrated 20 ppm, seam 12개; mode area (csv)"
낙관,M87,area,calibrated,구멍지름,치수,-100.0,0.025024515458926543,3.228539437909381e-05,0.02505680085330564,25.0,10.0,0.0010022720341322255,10:1 통과,,1.0,"xy_step 1.6 < 2 µm → 2 µm 로 처리; 배율 calibrated 20 ppm, seam 12개; mode area (csv)"
낙관,M87,area,calibrated,길이40,치수,0.0,0.0,1.6329931618554523,1.6329931618554523,25.0,10.0,0.06531972647421809,10:1 통과,,1.0,"해석 계산; xy_step 1.6 < 2 µm → 2 µm 로 처리; 배율 calibrated 20 ppm, seam 12개; mode area (csv)"
낙관,M87,area,calibrated,경계,윤곽(참고),50.0,-0.012512257729463272,1.6142697189546904e-05,0.01252840042665282,25.0,10.0,0.0005011360170661127,10:1 통과,,1.0,"xy_step 1.6 < 2 µm → 2 µm 로 처리; 배율 calibrated 20 ppm, seam 12개; mode area (csv)"
낙관,M87,area,calibrated,위치,위치,223.60679774997897,0.10719249420382307,1.243360535116438,1.3505530293202612,50.0,20.0,0.027011060586405223,10:1 통과,,1.0,"xy_step 1.6 < 2 µm → 2 µm 로 처리; 배율 calibrated 20 ppm, seam 12개; mode area (csv)"
낙관,M88,area,industrial,국소높이,높이,0.0,0.00010668022421973222,0.01850364564129418,0.01861032586551391,5.0,2.0,0.003722065173102782,10:1 통과,,1.0,"배율 industrial 100 ppm, seam 11개; mode area (csv)"
낙관,M88,area,industrial,단차,높이(참고),-20.0,0.00031646728515625,0.0024634383870637336,0.0027799056722199837,5.0,2.0,0.0005559811344439967,10:1 통과,,1.0,"배율 industrial 100 ppm, seam 11개; mode area (csv)"
낙관,M88,area,industrial,국소선폭,윤곽,40.0,-80.17201536202413,3.4223946041055133,83.59440996612965,10.0,4.0,8.359440996612964,불합격,,1.0,"배율 industrial 100 ppm, seam 11개; mode area (csv)"
낙관,M88,area,industrial,선폭,윤곽(참고),40.0,-80.1721094295781,3.454534626764753,83.62664405634285,10.0,4.0,8.362664405634286,불합격,,1.0,"배율 industrial 100 ppm, seam 11개; mode area (csv)"
낙관,M88,area,industrial,구멍지름,치수,-100.0,-0.04684375994686889,0.12956606456430533,0.1764098245111742,25.0,10.0,0.007056392980446968,10:1 통과,,1.0,"배율 industrial 100 ppm, seam 11개; mode area (csv)"
낙관,M88,area,industrial,길이40,치수,0.0,0.0,5.062278801751902,5.062278801751902,25.0,10.0,0.2024911520700761,10:1 통과,,1.0,"해석 계산; 배율 industrial 100 ppm, seam 11개; mode area (csv)"
낙관,M88,area,industrial,경계,윤곽(참고),50.0,0.023421879973434444,0.06478303228215267,0.0882049122555871,25.0,10.0,0.003528196490223484,10:1 통과,,1.0,"배율 industrial 100 ppm, seam 11개; mode area (csv)"
낙관,M88,area,industrial,위치,위치,223.60679774997897,0.008479602012623816,0.14336666401901105,0.15184626603163487,50.0,20.0,0.0030369253206326973,10:1 통과,,1.0,"배율 industrial 100 ppm, seam 11개; mode area (csv)"
낙관,M89,area,diy,국소높이,높이,0.0,-0.10049638061147681,18.56706924556127,18.66756562617275,5.0,2.0,3.7335131252345497,불합격,,1.0,"배율 diy 500 ppm, seam 0개; mode area (csv)"
낙관,M89,area,diy,단차,높이(참고),-20.0,0.1638739013671875,2.411954445082194,2.5758283464493816,5.0,2.0,0.5151656692898763,4:1 통과,,1.0,"배율 diy 500 ppm, seam 0개; mode area (csv)"
낙관,M89,area,diy,국소선폭,윤곽,40.0,-15.7454640129006,45.89505811058175,61.64052212348235,10.0,4.0,6.164052212348235,불합격,,1.0,"배율 diy 500 ppm, seam 0개; mode area (csv)"
낙관,M89,area,diy,선폭,윤곽(참고),40.0,-0.453921456589801,15.85830594668782,16.31222740327762,10.0,4.0,1.6312227403277622,불합격,,1.0,"배율 diy 500 ppm, seam 0개; mode area (csv)"
낙관,M89,area,diy,구멍지름,치수,-100.0,0.08797085803075788,3.3402575743574037,3.4282284323881616,25.0,10.0,0.13712913729552645,10:1 통과,,1.0,"배율 diy 500 ppm, seam 0개; mode area (csv)"
낙관,M89,area,diy,길이40,치수,0.0,0.0,30.210373494325864,30.210373494325864,25.0,10.0,1.2084149397730346,불합격,경계,1.0,"해석 계산; 배율 diy 500 ppm, seam 0개; mode area (csv)"
낙관,M89,area,diy,경계,윤곽(참고),50.0,-0.04398542901537894,1.6701287871787018,1.7141142161940808,25.0,10.0,0.06856456864776322,10:1 통과,,1.0,"배율 diy 500 ppm, seam 0개; mode area (csv)"
낙관,M89,area,diy,위치,위치,223.60679774997897,0.098613127452328,1.0325999419317402,1.1312130693840683,50.0,20.0,0.022624261387681366,10:1 통과,,1.0,"배율 diy 500 ppm, seam 0개; mode area (csv)"
낙관,M90,area,diy,국소높이,높이,0.0,-4.262294443246075e-05,0.16687117368959511,0.16691379663402758,5.0,2.0,0.03338275932680552,10:1 통과,,1.0,"배율 diy 500 ppm, seam 6개; mode area (csv)"
낙관,M90,area,diy,단차,높이(참고),-20.0,0.001856689453125,0.02276219279488479,0.02461888224800979,5.0,2.0,0.0049237764496019585,10:1 통과,,1.0,"배율 diy 500 ppm, seam 6개; mode area (csv)"
낙관,M90,area,diy,국소선폭,윤곽,40.0,-10.790604340640456,0.6565621634792138,11.44716650411967,10.0,4.0,1.144716650411967,불합격,경계,1.0,"배율 diy 500 ppm, seam 6개; mode area (csv)"
낙관,M90,area,diy,선폭,윤곽(참고),40.0,-10.79670765309274,0.23974093191093976,11.03644858500368,10.0,4.0,1.103644858500368,불합격,경계,1.0,"배율 diy 500 ppm, seam 6개; mode area (csv)"
낙관,M90,area,diy,구멍지름,치수,-100.0,0.029786813541986704,0.0610403293628322,0.0908271429048189,25.0,10.0,0.003633085716192756,10:1 통과,,1.0,"배율 diy 500 ppm, seam 6개; mode area (csv)"
낙관,M90,area,diy,길이40,치수,0.0,0.0,2.694438717061496,2.694438717061496,25.0,10.0,0.10777754868245984,10:1 통과,,1.0,"해석 계산; 배율 diy 500 ppm, seam 6개; mode area (csv)"
낙관,M90,area,diy,경계,윤곽(참고),50.0,-0.014893406770993352,0.0305201646814161,0.04541357145240945,25.0,10.0,0.001816542858096378,10:1 통과,,1.0,"배율 diy 500 ppm, seam 6개; mode area (csv)"
낙관,M90,area,diy,위치,위치,223.60679774997897,0.0027009820690770845,0.08071089237519836,0.08341187444427545,50.0,20.0,0.0016682374888855088,10:1 통과,,1.0,"배율 diy 500 ppm, seam 6개; mode area (csv)"
낙관,M91,area,diy,국소높이,높이,0.0,-0.020726930026881495,1.8161572240776367,1.8368841541045182,5.0,2.0,0.36737683082090367,10:1 통과,,1.0,"배율 diy 500 ppm, seam 1개; mode area (csv)"
낙관,M91,area,diy,단차,높이(참고),-20.0,0.024217529296875,0.2942061526610808,0.3184236819579558,5.0,2.0,0.06368473639159115,10:1 통과,,1.0,"배율 diy 500 ppm, seam 1개; mode area (csv)"
낙관,M91,area,diy,국소선폭,윤곽,40.0,12.018908315103985,8.640674697385881,20.65958301248987,10.0,4.0,2.065958301248987,불합격,,1.0,"배율 diy 500 ppm, seam 1개; mode area (csv)"
낙관,M91,area,diy,선폭,윤곽(참고),40.0,11.959389593249302,6.060673165530892,18.020062758780192,10.0,4.0,1.802006275878019,불합격,,1.0,"배율 diy 500 ppm, seam 1개; mode area (csv)"
낙관,M91,area,diy,구멍지름,치수,-100.0,-0.15124582834409012,2.971672985844867e-05,0.15127554507394855,25.0,10.0,0.0060510218029579425,10:1 통과,,1.0,"배율 diy 500 ppm, seam 1개; mode area (csv)"
낙관,M91,area,diy,길이40,치수,0.0,0.0,14.696938456699069,14.696938456699069,25.0,10.0,0.5878775382679627,4:1 통과,,1.0,"해석 계산; 배율 diy 500 ppm, seam 1개; mode area (csv)"
낙관,M91,area,diy,경계,윤곽(참고),50.0,0.07562291417204506,1.4858364929224335e-05,0.07563777253697428,25.0,10.0,0.0030255109014789713,10:1 통과,,1.0,"배율 diy 500 ppm, seam 1개; mode area (csv)"
낙관,M91,area,diy,위치,위치,223.60679774997897,0.12015736122618817,1.6697196564628562,1.7898770176890444,50.0,20.0,0.03579754035378089,10:1 통과,,1.0,"배율 diy 500 ppm, seam 1개; mode area (csv)"
낙관,M92,area,diy,국소높이,높이,0.0,0.001751940863522511,0.4879713695135093,0.4897233103770318,5.0,2.0,0.09794466207540636,10:1 통과,,1.0,"배율 diy 500 ppm, seam 3개; mode area (csv)"
낙관,M92,area,diy,단차,높이(참고),-20.0,0.00100830078125,0.06868525444985239,0.06969355523110239,5.0,2.0,0.013938711046220478,10:1 통과,,1.0,"배율 diy 500 ppm, seam 3개; mode area (csv)"
낙관,M92,area,diy,국소선폭,윤곽,40.0,-19.38073185195332,2.223935328249048,21.60466718020237,10.0,4.0,2.160466718020237,불합격,,1.0,"배율 diy 500 ppm, seam 3개; mode area (csv)"
낙관,M92,area,diy,선폭,윤곽(참고),40.0,-19.4242983388216,1.3560666091264182,20.78036494794802,10.0,4.0,2.078036494794802,불합격,,1.0,"배율 diy 500 ppm, seam 3개; mode area (csv)"
낙관,M92,area,diy,구멍지름,치수,-100.0,-0.17787434617148393,0.18087030687584923,0.35874465304733316,25.0,10.0,0.014349786121893327,10:1 통과,,1.0,"배율 diy 500 ppm, seam 3개; mode area (csv)"
낙관,M92,area,diy,길이40,치수,0.0,0.0,4.0008332465458585,4.0008332465458585,25.0,10.0,0.16003332986183433,10:1 통과,,1.0,"해석 계산; 배율 diy 500 ppm, seam 3개; mode area (csv)"
낙관,M92,area,diy,경계,윤곽(참고),50.0,0.08893717308574196,0.09043515343792462,0.17937232652366658,25.0,10.0,0.007174893060946663,10:1 통과,,1.0,"배율 diy 500 ppm, seam 3개; mode area (csv)"
낙관,M92,area,diy,위치,위치,223.60679774997897,0.01926475116958295,1.270677132189049,1.289941883358632,50.0,20.0,0.02579883766717264,10:1 통과,,1.0,"배율 diy 500 ppm, seam 3개; mode area (csv)"
낙관,M93,area,calibrated,국소높이,높이,0.0,,,,5.0,2.0,,측정 불가,,0.0,"국소높이 패치 높이 1000 µm > depth 200 µm; 단차 패치 높이 400 µm > depth 200 µm; 구멍지름 패치 높이 1000 µm > depth 200 µm; 위치 패치 높이 1000 µm > depth 200 µm; 배율 calibrated 20 ppm, seam 7개; mode area (csv)"
낙관,M93,area,calibrated,단차,높이(참고),-20.0,,,,5.0,2.0,,측정 불가,,0.0,"국소높이 패치 높이 1000 µm > depth 200 µm; 단차 패치 높이 400 µm > depth 200 µm; 구멍지름 패치 높이 1000 µm > depth 200 µm; 위치 패치 높이 1000 µm > depth 200 µm; 배율 calibrated 20 ppm, seam 7개; mode area (csv)"
낙관,M93,area,calibrated,국소선폭,윤곽,40.0,-110.1103744821221,5.704116387289083,115.81449086941117,10.0,4.0,11.581449086941117,불합격,,1.0,"국소높이 패치 높이 1000 µm > depth 200 µm; 단차 패치 높이 400 µm > depth 200 µm; 구멍지름 패치 높이 1000 µm > depth 200 µm; 위치 패치 높이 1000 µm > depth 200 µm; 배율 calibrated 20 ppm, seam 7개; mode area (csv)"
낙관,M93,area,calibrated,선폭,윤곽(참고),40.0,-110.10530094237438,2.9616905357244487,113.06699147809883,10.0,4.0,11.306699147809883,불합격,,1.0,"국소높이 패치 높이 1000 µm > depth 200 µm; 단차 패치 높이 400 µm > depth 200 µm; 구멍지름 패치 높이 1000 µm > depth 200 µm; 위치 패치 높이 1000 µm > depth 200 µm; 배율 calibrated 20 ppm, seam 7개; mode area (csv)"
낙관,M93,area,calibrated,구멍지름,치수,-100.0,,,,25.0,10.0,,측정 불가,,0.0,"국소높이 패치 높이 1000 µm > depth 200 µm; 단차 패치 높이 400 µm > depth 200 µm; 구멍지름 패치 높이 1000 µm > depth 200 µm; 위치 패치 높이 1000 µm > depth 200 µm; 배율 calibrated 20 ppm, seam 7개; mode area (csv)"
낙관,M93,area,calibrated,길이40,치수,0.0,0.0,4.0008332465458585,4.0008332465458585,25.0,10.0,0.16003332986183433,10:1 통과,,1.0,"해석 계산; 국소높이 패치 높이 1000 µm > depth 200 µm; 단차 패치 높이 400 µm > depth 200 µm; 구멍지름 패치 높이 1000 µm > depth 200 µm; 위치 패치 높이 1000 µm > depth 200 µm; 배율 calibrated 20 ppm, seam 7개; mode area (csv)"
낙관,M93,area,calibrated,경계,윤곽(참고),50.0,,,,25.0,10.0,,측정 불가,,0.0,"국소높이 패치 높이 1000 µm > depth 200 µm; 단차 패치 높이 400 µm > depth 200 µm; 구멍지름 패치 높이 1000 µm > depth 200 µm; 위치 패치 높이 1000 µm > depth 200 µm; 배율 calibrated 20 ppm, seam 7개; mode area (csv)"
낙관,M93,area,calibrated,위치,위치,223.60679774997897,,,,50.0,20.0,,측정 불가,,0.0,"국소높이 패치 높이 1000 µm > depth 200 µm; 단차 패치 높이 400 µm > depth 200 µm; 구멍지름 패치 높이 1000 µm > depth 200 µm; 위치 패치 높이 1000 µm > depth 200 µm; 배율 calibrated 20 ppm, seam 7개; mode area (csv)"
낙관,M94,area,industrial,국소높이,높이,0.0,0.007592048095329932,6.94497115427527,6.9525632023706,5.0,2.0,1.39051264047412,불합격,,1.0,"배율 industrial 100 ppm, seam 1개; mode area (csv)"
낙관,M94,area,industrial,단차,높이(참고),-20.0,0.09664337158203125,1.126582342751377,1.2232257143334082,5.0,2.0,0.24464514286668165,10:1 통과,,1.0,"배율 industrial 100 ppm, seam 1개; mode area (csv)"
낙관,M94,area,industrial,국소선폭,윤곽,40.0,-16.59016141616127,18.017983328084465,34.608144744245735,10.0,4.0,3.4608144744245735,불합격,,1.0,"배율 industrial 100 ppm, seam 1개; mode area (csv)"
낙관,M94,area,industrial,선폭,윤곽(참고),40.0,-8.172153807041479,5.753773327016648,13.925927134058128,10.0,4.0,1.3925927134058127,불합격,,1.0,"배율 industrial 100 ppm, seam 1개; mode area (csv)"
낙관,M94,area,industrial,구멍지름,치수,-100.0,0.18527680418872478,0.9933413523127574,1.1786181565014822,25.0,10.0,0.047144726260059285,10:1 통과,,1.0,"배율 industrial 100 ppm, seam 1개; mode area (csv)"
낙관,M94,area,industrial,길이40,치수,0.0,0.0,11.430952132988166,11.430952132988166,25.0,10.0,0.45723808531952664,4:1 통과,,1.0,"해석 계산; 배율 industrial 100 ppm, seam 1개; mode area (csv)"
낙관,M94,area,industrial,경계,윤곽(참고),50.0,-0.09263840209436239,0.4966706761563787,0.5893090782507411,25.0,10.0,0.023572363130029642,10:1 통과,,1.0,"배율 industrial 100 ppm, seam 1개; mode area (csv)"
낙관,M94,area,industrial,위치,위치,223.60679774997897,0.026847151115939362,0.4778886782795062,0.5047358293954456,50.0,20.0,0.010094716587908913,10:1 통과,,1.0,"배율 industrial 100 ppm, seam 1개; mode area (csv)"
낙관,M95,area,diy,국소높이,높이,0.0,0.027079658564936757,3.605092763715547,3.632172422280484,5.0,2.0,0.7264344844560968,4:1 통과,,1.0,"배율 diy 500 ppm, seam 0개; mode area (csv)"
낙관,M95,area,diy,단차,높이(참고),-20.0,-0.0605914306640625,0.45960220597733864,0.5201936366414012,5.0,2.0,0.10403872732828023,10:1 통과,,1.0,"배율 diy 500 ppm, seam 0개; mode area (csv)"
낙관,M95,area,diy,국소선폭,윤곽,40.0,-65.98828389515552,13.350741099098443,79.33902499425396,10.0,4.0,7.933902499425396,불합격,,1.0,"배율 diy 500 ppm, seam 0개; mode area (csv)"
낙관,M95,area,diy,선폭,윤곽(참고),40.0,-63.72952471627479,5.009158122239741,68.73868283851453,10.0,4.0,6.873868283851453,불합격,,1.0,"배율 diy 500 ppm, seam 0개; mode area (csv)"
낙관,M95,area,diy,구멍지름,치수,-100.0,0.2971707580825296,0.8897223562893839,1.1868931143719135,25.0,10.0,0.04747572457487654,10:1 통과,,1.0,"배율 diy 500 ppm, seam 0개; mode area (csv)"
낙관,M95,area,diy,길이40,치수,0.0,0.0,14.696938456699069,14.696938456699069,25.0,10.0,0.5878775382679627,4:1 통과,,1.0,"해석 계산; 배율 diy 500 ppm, seam 0개; mode area (csv)"
낙관,M95,area,diy,경계,윤곽(참고),50.0,-0.1485853790412648,0.44486117814469195,0.5934465571859567,25.0,10.0,0.02373786228743827,10:1 통과,,1.0,"배율 diy 500 ppm, seam 0개; mode area (csv)"
낙관,M95,area,diy,위치,위치,223.60679774997897,0.010212660947290298,0.17739082618848998,0.18760348713578026,50.0,20.0,0.0037520697427156054,10:1 통과,,1.0,"배율 diy 500 ppm, seam 0개; mode area (csv)"
낙관,M96,area,printer_axis,국소높이,높이,0.0,-0.002110199590850293,0.5033900593328968,0.5055002589237472,5.0,2.0,0.10110005178474943,10:1 통과,,1.0,"배율 printer_axis 500 ppm, seam 4개; mode area (csv)"
낙관,M96,area,printer_axis,단차,높이(참고),-20.0,0.00111846923828125,0.06182060886932787,0.06293907810760913,5.0,2.0,0.012587815621521826,10:1 통과,,1.0,"배율 printer_axis 500 ppm, seam 4개; mode area (csv)"
낙관,M96,area,printer_axis,국소선폭,윤곽,40.0,-15.87493945871146,2.5542613015215667,18.429200760233027,10.0,4.0,1.8429200760233027,불합격,,1.0,"배율 printer_axis 500 ppm, seam 4개; mode area (csv)"
낙관,M96,area,printer_axis,선폭,윤곽(참고),40.0,-15.994345630572997,0.618455717634292,16.612801348207288,10.0,4.0,1.661280134820729,불합격,,1.0,"배율 printer_axis 500 ppm, seam 4개; mode area (csv)"
낙관,M96,area,printer_axis,구멍지름,치수,-100.0,-0.03595862961047715,3.4612678776763034e-05,0.03599324228925391,25.0,10.0,0.0014397296915701562,10:1 통과,,1.0,"배율 printer_axis 500 ppm, seam 4개; mode area (csv)"
낙관,M96,area,printer_axis,길이40,치수,0.0,0.0,1.6329931618554523,1.6329931618554523,25.0,10.0,0.06531972647421809,10:1 통과,,1.0,"해석 계산; 배율 printer_axis 500 ppm, seam 4개; mode area (csv)"
낙관,M96,area,printer_axis,경계,윤곽(참고),50.0,0.017979314805238573,1.7306339388381517e-05,0.017996621144626954,25.0,10.0,0.0007198648457850781,10:1 통과,,1.0,"배율 printer_axis 500 ppm, seam 4개; mode area (csv)"
낙관,M96,area,printer_axis,위치,위치,223.60679774997897,0.09089565578414997,1.1080610940978055,1.1989567498819556,50.0,20.0,0.02397913499763911,10:1 통과,,1.0,"배율 printer_axis 500 ppm, seam 4개; mode area (csv)"
낙관,M97,line_profiler,diy,국소높이,높이,0.0,-0.00782707577661202,1.5121538408600543,1.5199809166366665,5.0,2.0,0.3039961833273333,10:1 통과,,1.0,"배율 diy 500 ppm, seam 0개; 선 단면 장비(면 측정은 래스터 가정, 면 래스터 7,447 분); mode line_profiler (csv)"
낙관,M97,line_profiler,diy,단차,높이(참고),-20.0,0.01307098388671875,0.18106625662878015,0.1941372405154989,5.0,2.0,0.03882744810309978,10:1 통과,,1.0,"배율 diy 500 ppm, seam 0개; 선 단면 장비(면 측정은 래스터 가정, 면 래스터 7,447 분); mode line_profiler (csv)"
낙관,M97,line_profiler,diy,국소선폭,윤곽,40.0,-318.1901199435269,1987.0054724966042,2305.195592440131,10.0,4.0,230.5195592440131,불합격,,1.0,"배율 diy 500 ppm, seam 0개; 선 단면 장비(면 측정은 래스터 가정, 면 래스터 7,447 분); mode line_profiler (csv)"
낙관,M97,line_profiler,diy,선폭,윤곽(참고),40.0,-418.193260315801,13.117935130262186,431.3111954460632,10.0,4.0,43.13111954460632,불합격,,1.0,"배율 diy 500 ppm, seam 0개; 선 단면 장비(면 측정은 래스터 가정, 면 래스터 7,447 분); mode line_profiler (csv)"
낙관,M97,line_profiler,diy,구멍지름,치수,-100.0,0.17168666115075212,0.7541698135040548,0.9258564746548069,25.0,10.0,0.037034258986192274,10:1 통과,,1.0,"배율 diy 500 ppm, seam 0개; 선 단면 장비(면 측정은 래스터 가정, 면 래스터 7,447 분); mode line_profiler (csv)"
낙관,M97,line_profiler,diy,길이40,치수,0.0,0.0,15.350135721441251,15.350135721441251,25.0,10.0,0.6140054288576501,4:1 통과,,1.0,"해석 계산; 배율 diy 500 ppm, seam 0개; 선 단면 장비(면 측정은 래스터 가정, 면 래스터 7,447 분); mode line_profiler (csv)"
낙관,M97,line_profiler,diy,경계,윤곽(참고),50.0,-0.08584333057537606,0.3770849067520274,0.46292823732740346,25.0,10.0,0.018517129493096137,10:1 통과,,1.0,"배율 diy 500 ppm, seam 0개; 선 단면 장비(면 측정은 래스터 가정, 면 래스터 7,447 분); mode line_profiler (csv)"
낙관,M97,line_profiler,diy,위치,위치,223.60679774997897,0.02214982969628515,0.3126771794609742,0.3348270091572593,50.0,20.0,0.0066965401831451865,10:1 통과,,1.0,"배율 diy 500 ppm, seam 0개; 선 단면 장비(면 측정은 래스터 가정, 면 래스터 7,447 분); mode line_profiler (csv)"
낙관,M98,area,printer_axis,국소높이,높이,0.0,,,,5.0,2.0,,측정 불가,,0.0,"국소높이 패치 높이 1000 µm > depth 600 µm; 구멍지름 패치 높이 1000 µm > depth 600 µm; 위치 패치 높이 1000 µm > depth 600 µm; 배율 printer_axis 500 ppm, seam 2개; mode area (csv)"
낙관,M98,area,printer_axis,단차,높이(참고),-20.0,-0.00407958984375,0.13436059692411742,0.13844018676786743,5.0,2.0,0.027688037353573485,10:1 통과,,1.0,"국소높이 패치 높이 1000 µm > depth 600 µm; 구멍지름 패치 높이 1000 µm > depth 600 µm; 위치 패치 높이 1000 µm > depth 600 µm; 배율 printer_axis 500 ppm, seam 2개; mode area (csv)"
낙관,M98,area,printer_axis,국소선폭,윤곽,40.0,-36.83630283480095,4.983141714869068,41.81944454967002,10.0,4.0,4.1819444549670015,불합격,,1.0,"국소높이 패치 높이 1000 µm > depth 600 µm; 구멍지름 패치 높이 1000 µm > depth 600 µm; 위치 패치 높이 1000 µm > depth 600 µm; 배율 printer_axis 500 ppm, seam 2개; mode area (csv)"
낙관,M98,area,printer_axis,선폭,윤곽(참고),40.0,-36.961997157578764,3.675974142063957,40.63797129964272,10.0,4.0,4.063797129964272,불합격,,1.0,"국소높이 패치 높이 1000 µm > depth 600 µm; 구멍지름 패치 높이 1000 µm > depth 600 µm; 위치 패치 높이 1000 µm > depth 600 µm; 배율 printer_axis 500 ppm, seam 2개; mode area (csv)"
낙관,M98,area,printer_axis,구멍지름,치수,-100.0,,,,25.0,10.0,,측정 불가,,0.0,"국소높이 패치 높이 1000 µm > depth 600 µm; 구멍지름 패치 높이 1000 µm > depth 600 µm; 위치 패치 높이 1000 µm > depth 600 µm; 배율 printer_axis 500 ppm, seam 2개; mode area (csv)"
낙관,M98,area,printer_axis,길이40,치수,0.0,0.0,5.63382640840131,5.63382640840131,25.0,10.0,0.2253530563360524,10:1 통과,,1.0,"해석 계산; 국소높이 패치 높이 1000 µm > depth 600 µm; 구멍지름 패치 높이 1000 µm > depth 600 µm; 위치 패치 높이 1000 µm > depth 600 µm; 배율 printer_axis 500 ppm, seam 2개; mode area (csv)"
낙관,M98,area,printer_axis,경계,윤곽(참고),50.0,,,,25.0,10.0,,측정 불가,,0.0,"국소높이 패치 높이 1000 µm > depth 600 µm; 구멍지름 패치 높이 1000 µm > depth 600 µm; 위치 패치 높이 1000 µm > depth 600 µm; 배율 printer_axis 500 ppm, seam 2개; mode area (csv)"
낙관,M98,area,printer_axis,위치,위치,223.60679774997897,,,,50.0,20.0,,측정 불가,,0.0,"국소높이 패치 높이 1000 µm > depth 600 µm; 구멍지름 패치 높이 1000 µm > depth 600 µm; 위치 패치 높이 1000 µm > depth 600 µm; 배율 printer_axis 500 ppm, seam 2개; mode area (csv)"
낙관,M99,2d,diy,국소높이,높이,0.0,,,,5.0,2.0,,측정 불가,,0.0,"배율 diy 500 ppm, seam 0개; mode 2d (csv)"
낙관,M99,2d,diy,단차,높이(참고),-20.0,,,,5.0,2.0,,측정 불가,,0.0,"배율 diy 500 ppm, seam 0개; mode 2d (csv)"
낙관,M99,2d,diy,국소선폭,윤곽,40.0,0.17473198151656674,2.75549203841138,2.930224019927947,10.0,4.0,0.29302240199279467,10:1 통과,,1.0,"배율 diy 500 ppm, seam 0개; mode 2d (csv)"
낙관,M99,2d,diy,선폭,윤곽(참고),40.0,0.17473198151656674,2.781920493589447,2.9566524751060137,10.0,4.0,0.29566524751060136,10:1 통과,,1.0,"배율 diy 500 ppm, seam 0개; mode 2d (csv)"
낙관,M99,2d,diy,구멍지름,치수,-100.0,-0.016778659317997154,0.12109355325324214,0.1378722125712393,25.0,10.0,0.005514888502849572,10:1 통과,,1.0,"배율 diy 500 ppm, seam 0개; mode 2d (csv)"
낙관,M99,2d,diy,길이40,치수,0.0,0.0,4.327431878916949,4.327431878916949,25.0,10.0,0.17309727515667794,10:1 통과,,1.0,"해석 계산; 배율 diy 500 ppm, seam 0개; mode 2d (csv)"
낙관,M99,2d,diy,경계,윤곽(참고),50.0,0.008389329658998577,0.06054677662662107,0.06893610628561965,25.0,10.0,0.002757444251424786,10:1 통과,,1.0,"배율 diy 500 ppm, seam 0개; mode 2d (csv)"
낙관,M99,2d,diy,위치,위치,223.60679774997897,0.014551391217396141,0.12630880572174275,0.1408601969391389,50.0,20.0,0.002817203938782778,10:1 통과,,1.0,"배율 diy 500 ppm, seam 0개; mode 2d (csv)"
낙관,M100,2d,printer_axis,국소높이,높이,0.0,,,,5.0,2.0,,측정 불가,,0.0,"배율 printer_axis 500 ppm, seam 0개; mode 2d (csv)"
낙관,M100,2d,printer_axis,단차,높이(참고),-20.0,,,,5.0,2.0,,측정 불가,,0.0,"배율 printer_axis 500 ppm, seam 0개; mode 2d (csv)"
낙관,M100,2d,printer_axis,국소선폭,윤곽,40.0,0.2665306743177143,3.599759725018361,3.8662903993360755,10.0,4.0,0.38662903993360753,10:1 통과,,1.0,"배율 printer_axis 500 ppm, seam 0개; mode 2d (csv)"
낙관,M100,2d,printer_axis,선폭,윤곽(참고),40.0,0.2665306743177143,3.6342857142857112,3.9008163886034257,10.0,4.0,0.3900816388603426,10:1 통과,,1.0,"배율 printer_axis 500 ppm, seam 0개; mode 2d (csv)"
낙관,M100,2d,printer_axis,구멍지름,치수,-100.0,-0.177837092627542,0.4090733124031461,0.5869104050306881,25.0,10.0,0.023476416201227524,10:1 통과,,1.0,"배율 printer_axis 500 ppm, seam 0개; mode 2d (csv)"
낙관,M100,2d,printer_axis,길이40,치수,0.0,0.0,8.654863757833898,8.654863757833898,25.0,10.0,0.3461945503133559,10:1 통과,,1.0,"해석 계산; 배율 printer_axis 500 ppm, seam 0개; mode 2d (csv)"
낙관,M100,2d,printer_axis,경계,윤곽(참고),50.0,0.088918546313771,0.20453665620157305,0.29345520251534407,25.0,10.0,0.011738208100613762,10:1 통과,,1.0,"배율 printer_axis 500 ppm, seam 0개; mode 2d (csv)"
낙관,M100,2d,printer_axis,위치,위치,223.60679774997897,0.006972632390415731,0.19654716117182527,0.203519793562241,50.0,20.0,0.00407039587124482,10:1 통과,,1.0,"배율 printer_axis 500 ppm, seam 0개; mode 2d (csv)"
낙관,M101,2d,printer_axis,국소높이,높이,0.0,,,,5.0,2.0,,측정 불가,,0.0,"배율 printer_axis 500 ppm, seam 0개; mode 2d (csv)"
낙관,M101,2d,printer_axis,단차,높이(참고),-20.0,,,,5.0,2.0,,측정 불가,,0.0,"배율 printer_axis 500 ppm, seam 0개; mode 2d (csv)"
낙관,M101,2d,printer_axis,국소선폭,윤곽,40.0,0.11411020325167896,6.658021832907638,6.7721320361593165,10.0,4.0,0.6772132036159316,4:1 통과,,1.0,"배율 printer_axis 500 ppm, seam 0개; mode 2d (csv)"
낙관,M101,2d,printer_axis,선폭,윤곽(참고),40.0,0.11411020325167896,6.72188020343918,6.835990406690859,10.0,4.0,0.6835990406690858,4:1 통과,,1.0,"배율 printer_axis 500 ppm, seam 0개; mode 2d (csv)"
낙관,M101,2d,printer_axis,구멍지름,치수,-100.0,-0.03492880056753165,0.32107536307942774,0.3560041636469594,25.0,10.0,0.014240166545878376,10:1 통과,,1.0,"배율 printer_axis 500 ppm, seam 0개; mode 2d (csv)"
낙관,M101,2d,printer_axis,길이40,치수,0.0,0.0,8.16496580927726,8.16496580927726,25.0,10.0,0.32659863237109044,10:1 통과,,1.0,"해석 계산; 배율 printer_axis 500 ppm, seam 0개; mode 2d (csv)"
낙관,M101,2d,printer_axis,경계,윤곽(참고),50.0,0.017464400283765825,0.16053768153971387,0.1780020818234797,25.0,10.0,0.007120083272939188,10:1 통과,,1.0,"배율 printer_axis 500 ppm, seam 0개; mode 2d (csv)"
낙관,M101,2d,printer_axis,위치,위치,223.60679774997897,0.04305310117873459,0.345291021832727,0.3883441230114616,50.0,20.0,0.007766882460229232,10:1 통과,,1.0,"배율 printer_axis 500 ppm, seam 0개; mode 2d (csv)"
낙관,M102,2d,diy,국소높이,높이,0.0,,,,5.0,2.0,,측정 불가,,0.0,"xy_step 1.7 < 2 µm → 2 µm 로 처리; 배율 diy 500 ppm, seam 9개; mode 2d (csv)"
낙관,M102,2d,diy,단차,높이(참고),-20.0,,,,5.0,2.0,,측정 불가,,0.0,"xy_step 1.7 < 2 µm → 2 µm 로 처리; 배율 diy 500 ppm, seam 9개; mode 2d (csv)"
낙관,M102,2d,diy,국소선폭,윤곽,40.0,-0.02445386135379749,0.48524388097809745,0.5096977423318949,10.0,4.0,0.05096977423318949,10:1 통과,,1.0,"xy_step 1.7 < 2 µm → 2 µm 로 처리; 배율 diy 500 ppm, seam 9개; mode 2d (csv)"
낙관,M102,2d,diy,선폭,윤곽(참고),40.0,-0.02445386135379749,0.48989794855662494,0.5143518099104224,10.0,4.0,0.05143518099104224,10:1 통과,,1.0,"xy_step 1.7 < 2 µm → 2 µm 로 처리; 배율 diy 500 ppm, seam 9개; mode 2d (csv)"
낙관,M102,2d,diy,구멍지름,치수,-100.0,0.003229251295069844,0.025913079334062814,0.029142330629132657,25.0,10.0,0.0011656932251653063,10:1 통과,,1.0,"xy_step 1.7 < 2 µm → 2 µm 로 처리; 배율 diy 500 ppm, seam 9개; mode 2d (csv)"
낙관,M102,2d,diy,길이40,치수,0.0,0.0,1.6329931618554523,1.6329931618554523,25.0,10.0,0.06531972647421809,10:1 통과,,1.0,"해석 계산; xy_step 1.7 < 2 µm → 2 µm 로 처리; 배율 diy 500 ppm, seam 9개; mode 2d (csv)"
낙관,M102,2d,diy,경계,윤곽(참고),50.0,-0.001614625647534922,0.012956539667031407,0.014571165314566328,25.0,10.0,0.0005828466125826532,10:1 통과,,1.0,"xy_step 1.7 < 2 µm → 2 µm 로 처리; 배율 diy 500 ppm, seam 9개; mode 2d (csv)"
낙관,M102,2d,diy,위치,위치,223.60679774997897,0.0024620832684011267,0.07503946406273855,0.07750154733113968,50.0,20.0,0.0015500309466227936,10:1 통과,,1.0,"xy_step 1.7 < 2 µm → 2 µm 로 처리; 배율 diy 500 ppm, seam 9개; mode 2d (csv)"
낙관,M103,2d,diy,국소높이,높이,0.0,,,,5.0,2.0,,측정 불가,,0.0,"배율 diy 500 ppm, seam 0개; mode 2d (csv)"
낙관,M103,2d,diy,단차,높이(참고),-20.0,,,,5.0,2.0,,측정 불가,,0.0,"배율 diy 500 ppm, seam 0개; mode 2d (csv)"
낙관,M103,2d,diy,국소선폭,윤곽,40.0,0.8415715424306041,10.264124807528217,11.105696349958821,10.0,4.0,1.110569634995882,불합격,경계,1.0,"배율 diy 500 ppm, seam 0개; mode 2d (csv)"
낙관,M103,2d,diy,선폭,윤곽(참고),40.0,0.8415715424306041,10.362570006656513,11.204141549087117,10.0,4.0,1.1204141549087117,불합격,경계,1.0,"배율 diy 500 ppm, seam 0개; mode 2d (csv)"
낙관,M103,2d,diy,구멍지름,치수,-100.0,-0.14400720856703628,0.5215090118489353,0.6655162204159716,25.0,10.0,0.026620648816638864,10:1 통과,,1.0,"배율 diy 500 ppm, seam 0개; mode 2d (csv)"
낙관,M103,2d,diy,길이40,치수,0.0,0.0,9.797958971132713,9.797958971132713,25.0,10.0,0.3919183588453085,10:1 통과,,1.0,"해석 계산; 배율 diy 500 ppm, seam 0개; mode 2d (csv)"
낙관,M103,2d,diy,경계,윤곽(참고),50.0,0.07200360428351814,0.26075450592446764,0.3327581102079858,25.0,10.0,0.013310324408319432,10:1 통과,,1.0,"배율 diy 500 ppm, seam 0개; mode 2d (csv)"
낙관,M103,2d,diy,위치,위치,223.60679774997897,0.046492755837810186,0.37147409673754683,0.41796685257535704,50.0,20.0,0.00835933705150714,10:1 통과,,1.0,"배율 diy 500 ppm, seam 0개; mode 2d (csv)"
낙관,M104,2d,diy,국소높이,높이,0.0,,,,5.0,2.0,,측정 불가,,0.0,"배율 diy 500 ppm, seam 0개; mode 2d (csv)"
낙관,M104,2d,diy,단차,높이(참고),-20.0,,,,5.0,2.0,,측정 불가,,0.0,"배율 diy 500 ppm, seam 0개; mode 2d (csv)"
낙관,M104,2d,diy,국소선폭,윤곽,40.0,0.8311792375851849,5.929241951747116,6.760421189332301,10.0,4.0,0.6760421189332301,4:1 통과,,1.0,"배율 diy 500 ppm, seam 0개; mode 2d (csv)"
낙관,M104,2d,diy,선폭,윤곽(참고),40.0,0.8311792375851849,5.986110453988191,6.817289691573376,10.0,4.0,0.6817289691573376,4:1 통과,,1.0,"배율 diy 500 ppm, seam 0개; mode 2d (csv)"
낙관,M104,2d,diy,구멍지름,치수,-100.0,-0.0031098964714510657,0.22315847027123092,0.226268366742682,25.0,10.0,0.00905073466970728,10:1 통과,,1.0,"배율 diy 500 ppm, seam 0개; mode 2d (csv)"
낙관,M104,2d,diy,길이40,치수,0.0,0.0,6.368673331236264,6.368673331236264,25.0,10.0,0.2547469332494505,10:1 통과,,1.0,"해석 계산; 배율 diy 500 ppm, seam 0개; mode 2d (csv)"
낙관,M104,2d,diy,경계,윤곽(참고),50.0,0.0015549482357255329,0.11157923513561546,0.113134183371341,25.0,10.0,0.00452536733485364,10:1 통과,,1.0,"배율 diy 500 ppm, seam 0개; mode 2d (csv)"
낙관,M104,2d,diy,위치,위치,223.60679774997897,0.0064980165193750045,0.09430334399239358,0.10080136051176859,50.0,20.0,0.0020160272102353717,10:1 통과,,1.0,"배율 diy 500 ppm, seam 0개; mode 2d (csv)"
낙관,M105,2d,diy,국소높이,높이,0.0,,,,5.0,2.0,,측정 불가,,0.0,"배율 diy 500 ppm, seam 1개; mode 2d (csv)"
낙관,M105,2d,diy,단차,높이(참고),-20.0,,,,5.0,2.0,,측정 불가,,0.0,"배율 diy 500 ppm, seam 1개; mode 2d (csv)"
낙관,M105,2d,diy,국소선폭,윤곽,40.0,-0.007133353278100003,2.223666815096316,2.230800168374416,10.0,4.0,0.2230800168374416,10:1 통과,,1.0,"배율 diy 500 ppm, seam 1개; mode 2d (csv)"
낙관,M105,2d,diy,선폭,윤곽(참고),40.0,-0.007133353278100003,2.2449944320643582,2.2521277853424584,10.0,4.0,0.22521277853424584,10:1 통과,,1.0,"배율 diy 500 ppm, seam 1개; mode 2d (csv)"
낙관,M105,2d,diy,구멍지름,치수,-100.0,-0.0019075512644940319,0.04478843267354221,0.04669598393803624,25.0,10.0,0.0018678393575214498,10:1 통과,,1.0,"배율 diy 500 ppm, seam 1개; mode 2d (csv)"
낙관,M105,2d,diy,길이40,치수,0.0,0.0,2.8577380332470415,2.8577380332470415,25.0,10.0,0.11430952132988166,10:1 통과,,1.0,"해석 계산; 배율 diy 500 ppm, seam 1개; mode 2d (csv)"
낙관,M105,2d,diy,경계,윤곽(참고),50.0,0.0009537756322470159,0.022394216336771106,0.02334799196901812,25.0,10.0,0.0009339196787607249,10:1 통과,,1.0,"배율 diy 500 ppm, seam 1개; mode 2d (csv)"
낙관,M105,2d,diy,위치,위치,223.60679774997897,0.002836380741364557,0.019567521541870678,0.022403902283235234,50.0,20.0,0.0004480780456647047,10:1 통과,,1.0,"배율 diy 500 ppm, seam 1개; mode 2d (csv)"
낙관,M106,2d,industrial,국소높이,높이,0.0,,,,5.0,2.0,,측정 불가,,0.0,"배율 industrial 100 ppm, seam 0개; mode 2d (csv)"
낙관,M106,2d,industrial,단차,높이(참고),-20.0,,,,5.0,2.0,,측정 불가,,0.0,"배율 industrial 100 ppm, seam 0개; mode 2d (csv)"
낙관,M106,2d,industrial,국소선폭,윤곽,40.0,1.6383149139123032,14.647648032396821,16.285962946309123,10.0,4.0,1.6285962946309123,불합격,,1.0,"배율 industrial 100 ppm, seam 0개; mode 2d (csv)"
낙관,M106,2d,industrial,선폭,윤곽(참고),40.0,1.6383149139123032,14.788136447566215,16.426451361478517,10.0,4.0,1.6426451361478516,불합격,,1.0,"배율 industrial 100 ppm, seam 0개; mode 2d (csv)"
낙관,M106,2d,industrial,구멍지름,치수,-100.0,-0.14326526803488376,0.7951550839160656,0.9384203519509493,25.0,10.0,0.037536814078037974,10:1 통과,,1.0,"배율 industrial 100 ppm, seam 0개; mode 2d (csv)"
낙관,M106,2d,industrial,길이40,치수,0.0,0.0,17.962924780409974,17.962924780409974,25.0,10.0,0.718516991216399,4:1 통과,,1.0,"해석 계산; 배율 industrial 100 ppm, seam 0개; mode 2d (csv)"
낙관,M106,2d,industrial,경계,윤곽(참고),50.0,0.07163263401744188,0.3975775419580328,0.46921017597547465,25.0,10.0,0.018768407039018987,10:1 통과,,1.0,"배율 industrial 100 ppm, seam 0개; mode 2d (csv)"
낙관,M106,2d,industrial,위치,위치,223.60679774997897,0.0024269553488037218,0.20080361089362725,0.20323056624243097,50.0,20.0,0.0040646113248486195,10:1 통과,,1.0,"배율 industrial 100 ppm, seam 0개; mode 2d (csv)"
낙관,M107,line_profiler,industrial,국소높이,높이,0.0,,,,5.0,2.0,,측정 불가,,0.0,"xy_step 1 < 2 µm → 2 µm 로 처리; 국소높이 패치 높이 1000 µm > depth 100 µm; 단차 패치 높이 400 µm > depth 100 µm; 선폭 패치 높이 200 µm > depth 100 µm; 구멍지름 패치 높이 1000 µm > depth 100 µm; 위치 패치 높이 1000 µm > depth 100 µm; 배율 industrial 100 ppm, seam 28개; 선 단면 장비(면 측정은 래스터 가정, 면 래스터 140,000 분); mode line_profiler (csv)"
낙관,M107,line_profiler,industrial,단차,높이(참고),-20.0,,,,5.0,2.0,,측정 불가,,0.0,"xy_step 1 < 2 µm → 2 µm 로 처리; 국소높이 패치 높이 1000 µm > depth 100 µm; 단차 패치 높이 400 µm > depth 100 µm; 선폭 패치 높이 200 µm > depth 100 µm; 구멍지름 패치 높이 1000 µm > depth 100 µm; 위치 패치 높이 1000 µm > depth 100 µm; 배율 industrial 100 ppm, seam 28개; 선 단면 장비(면 측정은 래스터 가정, 면 래스터 140,000 분); mode line_profiler (csv)"
낙관,M107,line_profiler,industrial,국소선폭,윤곽,40.0,,,,10.0,4.0,,측정 불가,,0.0,"xy_step 1 < 2 µm → 2 µm 로 처리; 국소높이 패치 높이 1000 µm > depth 100 µm; 단차 패치 높이 400 µm > depth 100 µm; 선폭 패치 높이 200 µm > depth 100 µm; 구멍지름 패치 높이 1000 µm > depth 100 µm; 위치 패치 높이 1000 µm > depth 100 µm; 배율 industrial 100 ppm, seam 28개; 선 단면 장비(면 측정은 래스터 가정, 면 래스터 140,000 분); mode line_profiler (csv)"
낙관,M107,line_profiler,industrial,선폭,윤곽(참고),40.0,,,,10.0,4.0,,측정 불가,,0.0,"xy_step 1 < 2 µm → 2 µm 로 처리; 국소높이 패치 높이 1000 µm > depth 100 µm; 단차 패치 높이 400 µm > depth 100 µm; 선폭 패치 높이 200 µm > depth 100 µm; 구멍지름 패치 높이 1000 µm > depth 100 µm; 위치 패치 높이 1000 µm > depth 100 µm; 배율 industrial 100 ppm, seam 28개; 선 단면 장비(면 측정은 래스터 가정, 면 래스터 140,000 분); mode line_profiler (csv)"
낙관,M107,line_profiler,industrial,구멍지름,치수,-100.0,,,,25.0,10.0,,측정 불가,,0.0,"xy_step 1 < 2 µm → 2 µm 로 처리; 국소높이 패치 높이 1000 µm > depth 100 µm; 단차 패치 높이 400 µm > depth 100 µm; 선폭 패치 높이 200 µm > depth 100 µm; 구멍지름 패치 높이 1000 µm > depth 100 µm; 위치 패치 높이 1000 µm > depth 100 µm; 배율 industrial 100 ppm, seam 28개; 선 단면 장비(면 측정은 래스터 가정, 면 래스터 140,000 분); mode line_profiler (csv)"
낙관,M107,line_profiler,industrial,길이40,치수,0.0,0.0,1.6329931618554523,1.6329931618554523,25.0,10.0,0.06531972647421809,10:1 통과,,1.0,"해석 계산; xy_step 1 < 2 µm → 2 µm 로 처리; 국소높이 패치 높이 1000 µm > depth 100 µm; 단차 패치 높이 400 µm > depth 100 µm; 선폭 패치 높이 200 µm > depth 100 µm; 구멍지름 패치 높이 1000 µm > depth 100 µm; 위치 패치 높이 1000 µm > depth 100 µm; 배율 industrial 100 ppm, seam 28개; 선 단면 장비(면 측정은 래스터 가정, 면 래스터 140,000 분); mode line_profiler (csv)"
낙관,M107,line_profiler,industrial,경계,윤곽(참고),50.0,,,,25.0,10.0,,측정 불가,,0.0,"xy_step 1 < 2 µm → 2 µm 로 처리; 국소높이 패치 높이 1000 µm > depth 100 µm; 단차 패치 높이 400 µm > depth 100 µm; 선폭 패치 높이 200 µm > depth 100 µm; 구멍지름 패치 높이 1000 µm > depth 100 µm; 위치 패치 높이 1000 µm > depth 100 µm; 배율 industrial 100 ppm, seam 28개; 선 단면 장비(면 측정은 래스터 가정, 면 래스터 140,000 분); mode line_profiler (csv)"
낙관,M107,line_profiler,industrial,위치,위치,223.60679774997897,,,,50.0,20.0,,측정 불가,,0.0,"xy_step 1 < 2 µm → 2 µm 로 처리; 국소높이 패치 높이 1000 µm > depth 100 µm; 단차 패치 높이 400 µm > depth 100 µm; 선폭 패치 높이 200 µm > depth 100 µm; 구멍지름 패치 높이 1000 µm > depth 100 µm; 위치 패치 높이 1000 µm > depth 100 µm; 배율 industrial 100 ppm, seam 28개; 선 단면 장비(면 측정은 래스터 가정, 면 래스터 140,000 분); mode line_profiler (csv)"
낙관,M108,2d,diy,국소높이,높이,0.0,,,,5.0,2.0,,측정 불가,,0.0,"배율 diy 500 ppm, seam 0개; mode 2d (csv)"
낙관,M108,2d,diy,단차,높이(참고),-20.0,,,,5.0,2.0,,측정 불가,,0.0,"배율 diy 500 ppm, seam 0개; mode 2d (csv)"
낙관,M108,2d,diy,국소선폭,윤곽,40.0,-0.47478707132174125,4.414799662758386,4.889586734080128,10.0,4.0,0.4889586734080128,4:1 통과,,1.0,"배율 diy 500 ppm, seam 0개; mode 2d (csv)"
낙관,M108,2d,diy,선폭,윤곽(참고),40.0,-0.47478707132174125,4.4571428571428715,4.931929928464613,10.0,4.0,0.4931929928464613,4:1 통과,,1.0,"배율 diy 500 ppm, seam 0개; mode 2d (csv)"
낙관,M108,2d,diy,구멍지름,치수,-100.0,-0.14262688824633188,0.47990532555990595,0.6225322138062378,25.0,10.0,0.02490128855224951,10:1 통과,,1.0,"배율 diy 500 ppm, seam 0개; mode 2d (csv)"
낙관,M108,2d,diy,길이40,치수,0.0,0.0,10.614455552060438,10.614455552060438,25.0,10.0,0.4245782220824175,4:1 통과,,1.0,"해석 계산; 배율 diy 500 ppm, seam 0개; mode 2d (csv)"
낙관,M108,2d,diy,경계,윤곽(참고),50.0,0.07131344412316594,0.23995266277995297,0.3112661069031189,25.0,10.0,0.012450644276124755,10:1 통과,,1.0,"배율 diy 500 ppm, seam 0개; mode 2d (csv)"
낙관,M108,2d,diy,위치,위치,223.60679774997897,0.006861159572653657,0.11049843321275778,0.11735959278541143,50.0,20.0,0.0023471918557082284,10:1 통과,,1.0,"배율 diy 500 ppm, seam 0개; mode 2d (csv)"
낙관,M109,raster_point,printer_axis,국소높이,높이,0.0,-0.08940829604986938,10.033677528362864,10.123085824412733,5.0,2.0,2.024617164882547,불합격,,1.0,"프린터 축 래스터: seam 0, 샘플 XY 잡음 5 µm(보수); 배율 printer_axis 500 ppm, seam 0개; mode raster_point (csv)"
낙관,M109,raster_point,printer_axis,단차,높이(참고),-20.0,-0.0451678466796875,1.432769700587634,1.4779375472673215,5.0,2.0,0.2955875094534643,10:1 통과,,1.0,"프린터 축 래스터: seam 0, 샘플 XY 잡음 5 µm(보수); 배율 printer_axis 500 ppm, seam 0개; mode raster_point (csv)"
낙관,M109,raster_point,printer_axis,국소선폭,윤곽,40.0,29.650320324134707,34.22469341480964,63.87501373894435,10.0,4.0,6.387501373894435,불합격,,1.0,"프린터 축 래스터: seam 0, 샘플 XY 잡음 5 µm(보수); 배율 printer_axis 500 ppm, seam 0개; mode raster_point (csv)"
낙관,M109,raster_point,printer_axis,선폭,윤곽(참고),40.0,30.624915258723476,28.56819948805556,59.19311474677903,10.0,4.0,5.919311474677903,불합격,,1.0,"프린터 축 래스터: seam 0, 샘플 XY 잡음 5 µm(보수); 배율 printer_axis 500 ppm, seam 0개; mode raster_point (csv)"
낙관,M109,raster_point,printer_axis,구멍지름,치수,-100.0,2.6338952417017936,5.6275763432285695,8.261471584930362,25.0,10.0,0.3304588633972145,10:1 통과,,1.0,"프린터 축 래스터: seam 0, 샘플 XY 잡음 5 µm(보수); 배율 printer_axis 500 ppm, seam 0개; mode raster_point (csv)"
낙관,M109,raster_point,printer_axis,길이40,치수,0.0,0.0,81.64965809277261,81.64965809277261,25.0,10.0,3.2659863237109046,불합격,,1.0,"해석 계산; 프린터 축 래스터: seam 0, 샘플 XY 잡음 5 µm(보수); 배율 printer_axis 500 ppm, seam 0개; mode raster_point (csv)"
낙관,M109,raster_point,printer_axis,경계,윤곽(참고),50.0,-1.3169476208508968,2.8137881716142847,4.130735792465181,25.0,10.0,0.16522943169860724,10:1 통과,,1.0,"프린터 축 래스터: seam 0, 샘플 XY 잡음 5 µm(보수); 배율 printer_axis 500 ppm, seam 0개; mode raster_point (csv)"
낙관,M109,raster_point,printer_axis,위치,위치,223.60679774997897,0.5596977887071632,4.917105460331486,5.47680324903865,50.0,20.0,0.10953606498077299,10:1 통과,,1.0,"프린터 축 래스터: seam 0, 샘플 XY 잡음 5 µm(보수); 배율 printer_axis 500 ppm, seam 0개; mode raster_point (csv)"
낙관,M110,raster_point,printer_axis,국소높이,높이,0.0,-0.006125017634577034,2.004244854915751,2.010369872550328,5.0,2.0,0.40207397451006555,4:1 통과,,1.0,"프린터 축 래스터: seam 0, 샘플 XY 잡음 5 µm(보수); 배율 printer_axis 500 ppm, seam 0개; mode raster_point (csv)"
낙관,M110,raster_point,printer_axis,단차,높이(참고),-20.0,0.00682769775390625,0.3151741622297648,0.32200185998367103,5.0,2.0,0.06440037199673421,10:1 통과,,1.0,"프린터 축 래스터: seam 0, 샘플 XY 잡음 5 µm(보수); 배율 printer_axis 500 ppm, seam 0개; mode raster_point (csv)"
낙관,M110,raster_point,printer_axis,국소선폭,윤곽,40.0,4.638887858141907,21.045417429731618,25.684305287873524,10.0,4.0,2.5684305287873523,불합격,,1.0,"프린터 축 래스터: seam 0, 샘플 XY 잡음 5 µm(보수); 배율 printer_axis 500 ppm, seam 0개; mode raster_point (csv)"
낙관,M110,raster_point,printer_axis,선폭,윤곽(참고),40.0,4.8283049600798655,20.77575803381501,25.604062993894875,10.0,4.0,2.5604062993894874,불합격,,1.0,"프린터 축 래스터: seam 0, 샘플 XY 잡음 5 µm(보수); 배율 printer_axis 500 ppm, seam 0개; mode raster_point (csv)"
낙관,M110,raster_point,printer_axis,구멍지름,치수,-100.0,0.4565591139492335,1.76192322693084,2.2184823408800733,25.0,10.0,0.08873929363520293,10:1 통과,,1.0,"프린터 축 래스터: seam 0, 샘플 XY 잡음 5 µm(보수); 배율 printer_axis 500 ppm, seam 0개; mode raster_point (csv)"
낙관,M110,raster_point,printer_axis,길이40,치수,0.0,0.0,40.824829046386306,40.824829046386306,25.0,10.0,1.6329931618554523,불합격,,1.0,"해석 계산; 프린터 축 래스터: seam 0, 샘플 XY 잡음 5 µm(보수); 배율 printer_axis 500 ppm, seam 0개; mode raster_point (csv)"
낙관,M110,raster_point,printer_axis,경계,윤곽(참고),50.0,-0.22827955697461674,0.88096161346542,1.1092411704400367,25.0,10.0,0.044369646817601464,10:1 통과,,1.0,"프린터 축 래스터: seam 0, 샘플 XY 잡음 5 µm(보수); 배율 printer_axis 500 ppm, seam 0개; mode raster_point (csv)"
낙관,M110,raster_point,printer_axis,위치,위치,223.60679774997897,0.13880359349359156,2.6967120479535587,2.83551564144715,50.0,20.0,0.056710312828943,10:1 통과,,1.0,"프린터 축 래스터: seam 0, 샘플 XY 잡음 5 µm(보수); 배율 printer_axis 500 ppm, seam 0개; mode raster_point (csv)"
낙관,M111,2d,industrial,국소높이,높이,0.0,,,,5.0,2.0,,측정 불가,,0.0,"배율 industrial 100 ppm, seam 0개; mode 2d (csv)"
낙관,M111,2d,industrial,단차,높이(참고),-20.0,,,,5.0,2.0,,측정 불가,,0.0,"배율 industrial 100 ppm, seam 0개; mode 2d (csv)"
낙관,M111,2d,industrial,국소선폭,윤곽,40.0,12.065260775476935,93.5827484743494,105.64800924982633,10.0,4.0,10.564800924982633,불합격,,1.0,"배율 industrial 100 ppm, seam 0개; mode 2d (csv)"
낙관,M111,2d,industrial,선폭,윤곽(참고),40.0,12.065260775476936,94.48031865020828,106.54557942568522,10.0,4.0,10.654557942568522,불합격,,1.0,"배율 industrial 100 ppm, seam 0개; mode 2d (csv)"
낙관,M111,2d,industrial,구멍지름,치수,-100.0,-9.741697816922105,30.071268495836375,39.812966312758476,25.0,10.0,1.592518652510339,불합격,,1.0,"배율 industrial 100 ppm, seam 0개; mode 2d (csv)"
낙관,M111,2d,industrial,길이40,치수,0.0,0.0,146.9693845669907,146.9693845669907,25.0,10.0,5.878775382679628,불합격,,1.0,"해석 계산; 배율 industrial 100 ppm, seam 0개; mode 2d (csv)"
낙관,M111,2d,industrial,경계,윤곽(참고),50.0,4.870848908461053,15.035634247918187,19.906483156379238,25.0,10.0,0.7962593262551695,4:1 통과,,1.0,"배율 industrial 100 ppm, seam 0개; mode 2d (csv)"
낙관,M111,2d,industrial,위치,위치,223.60679774997897,0.7047846518016709,3.960546299265527,4.665330951067197,50.0,20.0,0.09330661902134395,10:1 통과,,1.0,"배율 industrial 100 ppm, seam 0개; mode 2d (csv)"
낙관,M112,2d,diy,국소높이,높이,0.0,,,,5.0,2.0,,측정 불가,,0.0,"배율 diy 500 ppm, seam 2개; mode 2d (csv)"
낙관,M112,2d,diy,단차,높이(참고),-20.0,,,,5.0,2.0,,측정 불가,,0.0,"배율 diy 500 ppm, seam 2개; mode 2d (csv)"
낙관,M112,2d,diy,국소선폭,윤곽,40.0,0.2873152840085754,4.04204818178766,4.329363465796235,10.0,4.0,0.43293634657962354,4:1 통과,,1.0,"배율 diy 500 ppm, seam 2개; mode 2d (csv)"
낙관,M112,2d,diy,선폭,윤곽(참고),40.0,0.2873152840085754,4.080816244881593,4.368131528890168,10.0,4.0,0.4368131528890168,4:1 통과,,1.0,"배율 diy 500 ppm, seam 2개; mode 2d (csv)"
낙관,M112,2d,diy,구멍지름,치수,-100.0,-0.07838723483732793,0.0826713895927161,0.16105862443004404,25.0,10.0,0.006442344977201761,10:1 통과,,1.0,"배율 diy 500 ppm, seam 2개; mode 2d (csv)"
낙관,M112,2d,diy,길이40,치수,0.0,0.0,4.08248290463863,4.08248290463863,25.0,10.0,0.16329931618554522,10:1 통과,,1.0,"해석 계산; 배율 diy 500 ppm, seam 2개; mode 2d (csv)"
낙관,M112,2d,diy,경계,윤곽(참고),50.0,0.039193617418663965,0.04133569479635805,0.08052931221502202,25.0,10.0,0.0032211724886008807,10:1 통과,,1.0,"배율 diy 500 ppm, seam 2개; mode 2d (csv)"
낙관,M112,2d,diy,위치,위치,223.60679774997897,0.016004829856464717,0.09317890111257293,0.10918373096903765,50.0,20.0,0.002183674619380753,10:1 통과,,1.0,"배율 diy 500 ppm, seam 2개; mode 2d (csv)"
낙관,M113,area,diy,국소높이,높이,0.0,0.007514426481819375,1.8110654238919774,1.8185798503737969,5.0,2.0,0.36371597007475936,10:1 통과,,1.0,"배율 diy 500 ppm, seam 1개; mode area (csv)"
낙관,M113,area,diy,단차,높이(참고),-20.0,-0.01383056640625,0.26243546064556167,0.2762660270518117,5.0,2.0,0.05525320541036234,10:1 통과,,1.0,"배율 diy 500 ppm, seam 1개; mode area (csv)"
낙관,M113,area,diy,국소선폭,윤곽,40.0,-3.573679673869378,8.586917440186637,12.160597114056015,10.0,4.0,1.2160597114056015,불합격,경계,1.0,"배율 diy 500 ppm, seam 1개; mode area (csv)"
낙관,M113,area,diy,선폭,윤곽(참고),40.0,-3.605103506505533,6.531370272552134,10.136473779057667,10.0,4.0,1.0136473779057666,불합격,경계,1.0,"배율 diy 500 ppm, seam 1개; mode area (csv)"
낙관,M113,area,diy,구멍지름,치수,-100.0,-0.018901593413611407,0.46283523294010304,0.48173682635371445,25.0,10.0,0.019269473054148577,10:1 통과,,1.0,"배율 diy 500 ppm, seam 1개; mode area (csv)"
낙관,M113,area,diy,길이40,치수,0.0,0.0,9.797958971132713,9.797958971132713,25.0,10.0,0.3919183588453085,10:1 통과,,1.0,"해석 계산; 배율 diy 500 ppm, seam 1개; mode area (csv)"
낙관,M113,area,diy,경계,윤곽(참고),50.0,0.009450796706805703,0.23141761647005152,0.24086841317685723,25.0,10.0,0.009634736527074288,10:1 통과,,1.0,"배율 diy 500 ppm, seam 1개; mode area (csv)"
낙관,M113,area,diy,위치,위치,223.60679774997897,0.3499895831064833,3.3883692735773874,3.738358856683871,50.0,20.0,0.07476717713367742,10:1 통과,,1.0,"배율 diy 500 ppm, seam 1개; mode area (csv)"
낙관,M114,indirect,,국소높이,높이,0.0,,,,5.0,2.0,,측정 불가,,0.0,"간접 지표 (형상을 재지 않음) → 모든 지표 측정 불가, 시뮬레이션 생략; mode indirect (csv)"
낙관,M114,indirect,,단차,높이(참고),-20.0,,,,5.0,2.0,,측정 불가,,0.0,"간접 지표 (형상을 재지 않음) → 모든 지표 측정 불가, 시뮬레이션 생략; mode indirect (csv)"
낙관,M114,indirect,,국소선폭,윤곽,40.0,,,,10.0,4.0,,측정 불가,,0.0,"간접 지표 (형상을 재지 않음) → 모든 지표 측정 불가, 시뮬레이션 생략; mode indirect (csv)"
낙관,M114,indirect,,선폭,윤곽(참고),40.0,,,,10.0,4.0,,측정 불가,,0.0,"간접 지표 (형상을 재지 않음) → 모든 지표 측정 불가, 시뮬레이션 생략; mode indirect (csv)"
낙관,M114,indirect,,구멍지름,치수,-100.0,,,,25.0,10.0,,측정 불가,,0.0,"간접 지표 (형상을 재지 않음) → 모든 지표 측정 불가, 시뮬레이션 생략; mode indirect (csv)"
낙관,M114,indirect,,길이40,치수,0.0,,,,25.0,10.0,,측정 불가,,0.0,"간접 지표 (형상을 재지 않음) → 모든 지표 측정 불가, 시뮬레이션 생략; mode indirect (csv)"
낙관,M114,indirect,,경계,윤곽(참고),50.0,,,,25.0,10.0,,측정 불가,,0.0,"간접 지표 (형상을 재지 않음) → 모든 지표 측정 불가, 시뮬레이션 생략; mode indirect (csv)"
낙관,M114,indirect,,위치,위치,223.60679774997897,,,,50.0,20.0,,측정 불가,,0.0,"간접 지표 (형상을 재지 않음) → 모든 지표 측정 불가, 시뮬레이션 생략; mode indirect (csv)"
낙관,M115,area,calibrated,국소높이,높이,0.0,-0.00031900689431218734,0.049269089169443364,0.049588096063755555,5.0,2.0,0.009917619212751111,10:1 통과,,1.0,"배율 calibrated 20 ppm, seam 1개; mode area (csv)"
낙관,M115,area,calibrated,단차,높이(참고),-20.0,-0.0001458740234375,0.007301318536510608,0.007447192559948108,5.0,2.0,0.0014894385119896215,10:1 통과,,1.0,"배율 calibrated 20 ppm, seam 1개; mode area (csv)"
낙관,M115,area,calibrated,국소선폭,윤곽,40.0,-0.3932730388710106,0.18725852281326555,0.5805315616842761,10.0,4.0,0.058053156168427614,10:1 통과,,1.0,"배율 calibrated 20 ppm, seam 1개; mode area (csv)"
낙관,M115,area,calibrated,선폭,윤곽(참고),40.0,-0.3941370951285603,0.09114661709878116,0.48528371222734146,10.0,4.0,0.048528371222734144,10:1 통과,,1.0,"배율 calibrated 20 ppm, seam 1개; mode area (csv)"
낙관,M115,area,calibrated,구멍지름,치수,-100.0,0.03905684719203237,0.12195916233650017,0.16101600952853254,25.0,10.0,0.006440640381141302,10:1 통과,,1.0,"배율 calibrated 20 ppm, seam 1개; mode area (csv)"
낙관,M115,area,calibrated,길이40,치수,0.0,0.0,4.08248290463863,4.08248290463863,25.0,10.0,0.16329931618554522,10:1 통과,,1.0,"해석 계산; 배율 calibrated 20 ppm, seam 1개; mode area (csv)"
낙관,M115,area,calibrated,경계,윤곽(참고),50.0,-0.019528423596016184,0.060979581168250085,0.08050800476426627,25.0,10.0,0.003220320190570651,10:1 통과,,1.0,"배율 calibrated 20 ppm, seam 1개; mode area (csv)"
낙관,M115,area,calibrated,위치,위치,223.60679774997897,0.004331938433658736,0.10151057038797706,0.1058425088216358,50.0,20.0,0.002116850176432716,10:1 통과,,1.0,"배율 calibrated 20 ppm, seam 1개; mode area (csv)"
낙관,M116,line_profiler,calibrated,국소높이,높이,0.0,0.0006934914430912592,0.030241880174741696,0.030935371617832955,5.0,2.0,0.006187074323566591,10:1 통과,,1.0,"xy_step 0.35 < 2 µm → 2 µm 로 처리; 배율 calibrated 20 ppm, seam 44개; 선 단면 장비(면 측정은 래스터 가정, 면 래스터 400,000 분); mode line_profiler (csv)"
낙관,M116,line_profiler,calibrated,단차,높이(참고),-20.0,-0.00028961181640625,0.004025108222184083,0.004314720038590333,5.0,2.0,0.0008629440077180667,10:1 통과,,1.0,"xy_step 0.35 < 2 µm → 2 µm 로 처리; 배율 calibrated 20 ppm, seam 44개; 선 단면 장비(면 측정은 래스터 가정, 면 래스터 400,000 분); mode line_profiler (csv)"
낙관,M116,line_profiler,calibrated,국소선폭,윤곽,40.0,-0.14203608439304388,0.2435126535986436,0.3855487379916875,10.0,4.0,0.03855487379916875,10:1 통과,,1.0,"xy_step 0.35 < 2 µm → 2 µm 로 처리; 배율 calibrated 20 ppm, seam 44개; 선 단면 장비(면 측정은 래스터 가정, 면 래스터 400,000 분); mode line_profiler (csv)"
낙관,M116,line_profiler,calibrated,선폭,윤곽(참고),40.0,-0.14301428354908807,0.2011206224123509,0.344134905961439,10.0,4.0,0.034413490596143896,10:1 통과,,1.0,"xy_step 0.35 < 2 µm → 2 µm 로 처리; 배율 calibrated 20 ppm, seam 44개; 선 단면 장비(면 측정은 래스터 가정, 면 래스터 400,000 분); mode line_profiler (csv)"
낙관,M116,line_profiler,calibrated,구멍지름,치수,-100.0,0.025030048346479816,3.475203450254523e-05,0.025064800380982362,25.0,10.0,0.0010025920152392945,10:1 통과,,1.0,"xy_step 0.35 < 2 µm → 2 µm 로 처리; 배율 calibrated 20 ppm, seam 44개; 선 단면 장비(면 측정은 래스터 가정, 면 래스터 400,000 분); mode line_profiler (csv)"
낙관,M116,line_profiler,calibrated,길이40,치수,0.0,0.0,1.6329931618554523,1.6329931618554523,25.0,10.0,0.06531972647421809,10:1 통과,,1.0,"해석 계산; xy_step 0.35 < 2 µm → 2 µm 로 처리; 배율 calibrated 20 ppm, seam 44개; 선 단면 장비(면 측정은 래스터 가정, 면 래스터 400,000 분); mode line_profiler (csv)"
낙관,M116,line_profiler,calibrated,경계,윤곽(참고),50.0,-0.012515024173239908,1.7376017251272616e-05,0.012532400190491181,25.0,10.0,0.0005012960076196472,10:1 통과,,1.0,"xy_step 0.35 < 2 µm → 2 µm 로 처리; 배율 calibrated 20 ppm, seam 44개; 선 단면 장비(면 측정은 래스터 가정, 면 래스터 400,000 분); mode line_profiler (csv)"
낙관,M116,line_profiler,calibrated,위치,위치,223.60679774997897,0.06433325243156918,1.124639877549662,1.1889731299812312,50.0,20.0,0.023779462599624622,10:1 통과,,1.0,"xy_step 0.35 < 2 µm → 2 µm 로 처리; 배율 calibrated 20 ppm, seam 44개; 선 단면 장비(면 측정은 래스터 가정, 면 래스터 400,000 분); mode line_profiler (csv)"
낙관,M117,indirect,,국소높이,높이,0.0,,,,5.0,2.0,,측정 불가,,0.0,"간접 지표 (형상을 재지 않음) → 모든 지표 측정 불가, 시뮬레이션 생략; mode indirect (csv)"
낙관,M117,indirect,,단차,높이(참고),-20.0,,,,5.0,2.0,,측정 불가,,0.0,"간접 지표 (형상을 재지 않음) → 모든 지표 측정 불가, 시뮬레이션 생략; mode indirect (csv)"
낙관,M117,indirect,,국소선폭,윤곽,40.0,,,,10.0,4.0,,측정 불가,,0.0,"간접 지표 (형상을 재지 않음) → 모든 지표 측정 불가, 시뮬레이션 생략; mode indirect (csv)"
낙관,M117,indirect,,선폭,윤곽(참고),40.0,,,,10.0,4.0,,측정 불가,,0.0,"간접 지표 (형상을 재지 않음) → 모든 지표 측정 불가, 시뮬레이션 생략; mode indirect (csv)"
낙관,M117,indirect,,구멍지름,치수,-100.0,,,,25.0,10.0,,측정 불가,,0.0,"간접 지표 (형상을 재지 않음) → 모든 지표 측정 불가, 시뮬레이션 생략; mode indirect (csv)"
낙관,M117,indirect,,길이40,치수,0.0,,,,25.0,10.0,,측정 불가,,0.0,"간접 지표 (형상을 재지 않음) → 모든 지표 측정 불가, 시뮬레이션 생략; mode indirect (csv)"
낙관,M117,indirect,,경계,윤곽(참고),50.0,,,,25.0,10.0,,측정 불가,,0.0,"간접 지표 (형상을 재지 않음) → 모든 지표 측정 불가, 시뮬레이션 생략; mode indirect (csv)"
낙관,M117,indirect,,위치,위치,223.60679774997897,,,,50.0,20.0,,측정 불가,,0.0,"간접 지표 (형상을 재지 않음) → 모든 지표 측정 불가, 시뮬레이션 생략; mode indirect (csv)"
낙관,M118,indirect,,국소높이,높이,0.0,,,,5.0,2.0,,측정 불가,,0.0,"간접 지표 (형상을 재지 않음) → 모든 지표 측정 불가, 시뮬레이션 생략; mode indirect (csv)"
낙관,M118,indirect,,단차,높이(참고),-20.0,,,,5.0,2.0,,측정 불가,,0.0,"간접 지표 (형상을 재지 않음) → 모든 지표 측정 불가, 시뮬레이션 생략; mode indirect (csv)"
낙관,M118,indirect,,국소선폭,윤곽,40.0,,,,10.0,4.0,,측정 불가,,0.0,"간접 지표 (형상을 재지 않음) → 모든 지표 측정 불가, 시뮬레이션 생략; mode indirect (csv)"
낙관,M118,indirect,,선폭,윤곽(참고),40.0,,,,10.0,4.0,,측정 불가,,0.0,"간접 지표 (형상을 재지 않음) → 모든 지표 측정 불가, 시뮬레이션 생략; mode indirect (csv)"
낙관,M118,indirect,,구멍지름,치수,-100.0,,,,25.0,10.0,,측정 불가,,0.0,"간접 지표 (형상을 재지 않음) → 모든 지표 측정 불가, 시뮬레이션 생략; mode indirect (csv)"
낙관,M118,indirect,,길이40,치수,0.0,,,,25.0,10.0,,측정 불가,,0.0,"간접 지표 (형상을 재지 않음) → 모든 지표 측정 불가, 시뮬레이션 생략; mode indirect (csv)"
낙관,M118,indirect,,경계,윤곽(참고),50.0,,,,25.0,10.0,,측정 불가,,0.0,"간접 지표 (형상을 재지 않음) → 모든 지표 측정 불가, 시뮬레이션 생략; mode indirect (csv)"
낙관,M118,indirect,,위치,위치,223.60679774997897,,,,50.0,20.0,,측정 불가,,0.0,"간접 지표 (형상을 재지 않음) → 모든 지표 측정 불가, 시뮬레이션 생략; mode indirect (csv)"
낙관,M119,area,diy,국소높이,높이,0.0,12.023733659191057,1344.5707783092178,1356.5945119684088,5.0,2.0,271.31890239368175,불합격,,1.0,"배율 diy 500 ppm, seam 0개; mode area (csv)"
낙관,M119,area,diy,단차,높이(참고),-20.0,29.714200439453126,232.6116641498023,262.32586458925545,5.0,2.0,52.46517291785109,불합격,,1.0,"배율 diy 500 ppm, seam 0개; mode area (csv)"
낙관,M119,area,diy,국소선폭,윤곽,40.0,-154.8274183784696,1559.9766333177583,1714.8040516962278,10.0,4.0,171.48040516962277,불합격,,1.0,"배율 diy 500 ppm, seam 0개; mode area (csv)"
낙관,M119,area,diy,선폭,윤곽(참고),40.0,-215.76570831868773,793.4007618406167,1009.1664701593045,10.0,4.0,100.91664701593045,불합격,,0.98,"배율 diy 500 ppm, seam 0개; mode area (csv)"
낙관,M119,area,diy,구멍지름,치수,-100.0,2672.639844345453,51.5192888409825,2724.1591331864356,25.0,10.0,108.96636532745742,불합격,,1.0,"배율 diy 500 ppm, seam 0개; mode area (csv)"
낙관,M119,area,diy,길이40,치수,0.0,0.0,97.97958971132714,97.97958971132714,25.0,10.0,3.9191835884530857,불합격,,1.0,"해석 계산; 배율 diy 500 ppm, seam 0개; mode area (csv)"
낙관,M119,area,diy,경계,윤곽(참고),50.0,-1336.3199221727266,25.75964442049125,1362.0795665932178,25.0,10.0,54.48318266372871,불합격,,1.0,"배율 diy 500 ppm, seam 0개; mode area (csv)"
낙관,M119,area,diy,위치,위치,223.60679774997897,186.80363278566605,12.410202230314251,199.2138350159803,50.0,20.0,3.984276700319606,불합격,,1.0,"배율 diy 500 ppm, seam 0개; mode area (csv)"
낙관,M120,point_probe,industrial,국소높이,높이,0.0,,,,5.0,2.0,,측정 불가,,0.0,"해석 판정; 배율 industrial 100 ppm, seam 3개; mode point_probe (csv)"
낙관,M120,point_probe,industrial,단차,높이(참고),-20.0,0.0,1131.370849898476,1131.370849898476,5.0,2.0,226.27416997969522,불합격,,1.0,"해석 판정; 배율 industrial 100 ppm, seam 3개; mode point_probe (csv)"
낙관,M120,point_probe,industrial,국소선폭,윤곽,40.0,,,,10.0,4.0,,측정 불가,,0.0,"해석 판정; 배율 industrial 100 ppm, seam 3개; mode point_probe (csv)"
낙관,M120,point_probe,industrial,선폭,윤곽(참고),40.0,,,,10.0,4.0,,측정 불가,,0.0,"해석 판정; 배율 industrial 100 ppm, seam 3개; mode point_probe (csv)"
낙관,M120,point_probe,industrial,구멍지름,치수,-100.0,0.0,400.0,400.0,25.0,10.0,16.0,불합격,,1.0,"해석 판정; 배율 industrial 100 ppm, seam 3개; mode point_probe (csv)"
낙관,M120,point_probe,industrial,길이40,치수,0.0,0.0,1131.370849898476,1131.370849898476,25.0,10.0,45.254833995939045,불합격,,1.0,"해석 판정; 배율 industrial 100 ppm, seam 3개; mode point_probe (csv)"
낙관,M120,point_probe,industrial,경계,윤곽(참고),50.0,0.0,200.0,200.0,25.0,10.0,8.0,불합격,,1.0,"해석 판정; 배율 industrial 100 ppm, seam 3개; mode point_probe (csv)"
낙관,M120,point_probe,industrial,위치,위치,223.60679774997897,0.0,400.0,400.0,50.0,20.0,8.0,불합격,,1.0,"해석 판정; 배율 industrial 100 ppm, seam 3개; mode point_probe (csv)"
낙관,M121,raster_point,industrial,국소높이,높이,0.0,-0.01672645963957402,7.0267549951483455,7.043481454787919,5.0,2.0,1.4086962909575838,불합격,,1.0,"프린터 축 래스터: seam 0, 샘플 XY 잡음 5 µm(보수); 배율 industrial 100 ppm, seam 0개; mode raster_point (csv)"
낙관,M121,raster_point,industrial,단차,높이(참고),-20.0,0.04642578125,0.8139092993984497,0.8603350806484497,5.0,2.0,0.17206701612968994,10:1 통과,,1.0,"프린터 축 래스터: seam 0, 샘플 XY 잡음 5 µm(보수); 배율 industrial 100 ppm, seam 0개; mode raster_point (csv)"
낙관,M121,raster_point,industrial,국소선폭,윤곽,40.0,153.84959000704052,2756.775961797114,2910.625551804155,10.0,4.0,291.0625551804155,불합격,,1.0,"프린터 축 래스터: seam 0, 샘플 XY 잡음 5 µm(보수); 배율 industrial 100 ppm, seam 0개; mode raster_point (csv)"
낙관,M121,raster_point,industrial,선폭,윤곽(참고),40.0,161.30498776107513,1408.5743733772865,1569.8793611383617,10.0,4.0,156.98793611383616,불합격,,1.0,"프린터 축 래스터: seam 0, 샘플 XY 잡음 5 µm(보수); 배율 industrial 100 ppm, seam 0개; mode raster_point (csv)"
낙관,M121,raster_point,industrial,구멍지름,치수,-100.0,-8.270047291961538,12.81402215178821,21.084069443749748,25.0,10.0,0.8433627777499899,4:1 통과,,1.0,"프린터 축 래스터: seam 0, 샘플 XY 잡음 5 µm(보수); 배율 industrial 100 ppm, seam 0개; mode raster_point (csv)"
낙관,M121,raster_point,industrial,길이40,치수,0.0,0.0,102.06207261596576,102.06207261596576,25.0,10.0,4.08248290463863,불합격,,1.0,"해석 계산; 프린터 축 래스터: seam 0, 샘플 XY 잡음 5 µm(보수); 배율 industrial 100 ppm, seam 0개; mode raster_point (csv)"
낙관,M121,raster_point,industrial,경계,윤곽(참고),50.0,4.135023645980769,6.407011075894105,10.542034721874874,25.0,10.0,0.42168138887499496,4:1 통과,,1.0,"프린터 축 래스터: seam 0, 샘플 XY 잡음 5 µm(보수); 배율 industrial 100 ppm, seam 0개; mode raster_point (csv)"
낙관,M121,raster_point,industrial,위치,위치,223.60679774997897,0.13751917387062967,9.916011965319283,10.053531139189912,50.0,20.0,0.20107062278379825,10:1 통과,,1.0,"프린터 축 래스터: seam 0, 샘플 XY 잡음 5 µm(보수); 배율 industrial 100 ppm, seam 0개; mode raster_point (csv)"
낙관,M122,raster_point,industrial,국소높이,높이,0.0,,,,5.0,2.0,,측정 불가,,0.0,"프린터 축 래스터: seam 0, 샘플 XY 잡음 5 µm(보수); 배율 industrial 100 ppm, seam 0개; mode raster_point (csv)"
낙관,M122,raster_point,industrial,단차,높이(참고),-20.0,,,,5.0,2.0,,측정 불가,,0.0,"프린터 축 래스터: seam 0, 샘플 XY 잡음 5 µm(보수); 배율 industrial 100 ppm, seam 0개; mode raster_point (csv)"
낙관,M122,raster_point,industrial,국소선폭,윤곽,40.0,4951.055312755163,2087.5057806788054,7038.561093433968,10.0,4.0,703.8561093433968,불합격,,1.0,"프린터 축 래스터: seam 0, 샘플 XY 잡음 5 µm(보수); 배율 industrial 100 ppm, seam 0개; mode raster_point (csv)"
낙관,M122,raster_point,industrial,선폭,윤곽(참고),40.0,5239.576202376598,438.42823664640497,5678.004439023003,10.0,4.0,567.8004439023003,불합격,,1.0,"프린터 축 래스터: seam 0, 샘플 XY 잡음 5 µm(보수); 배율 industrial 100 ppm, seam 0개; mode raster_point (csv)"
낙관,M122,raster_point,industrial,구멍지름,치수,-100.0,6191.12992338084,97.47245188774706,6288.602375268588,25.0,10.0,251.54409501074352,불합격,,1.0,"프린터 축 래스터: seam 0, 샘플 XY 잡음 5 µm(보수); 배율 industrial 100 ppm, seam 0개; mode raster_point (csv)"
낙관,M122,raster_point,industrial,길이40,치수,0.0,0.0,408.24829046386304,408.24829046386304,25.0,10.0,16.32993161855452,불합격,,1.0,"해석 계산; 프린터 축 래스터: seam 0, 샘플 XY 잡음 5 µm(보수); 배율 industrial 100 ppm, seam 0개; mode raster_point (csv)"
낙관,M122,raster_point,industrial,경계,윤곽(참고),50.0,-3095.56496169042,48.73622594387353,3144.301187634294,25.0,10.0,125.77204750537176,불합격,,1.0,"프린터 축 래스터: seam 0, 샘플 XY 잡음 5 µm(보수); 배율 industrial 100 ppm, seam 0개; mode raster_point (csv)"
낙관,M122,raster_point,industrial,위치,위치,223.60679774997897,1.2157051929743785,22.695736304659025,23.911441497633405,50.0,20.0,0.4782288299526681,4:1 통과,,1.0,"프린터 축 래스터: seam 0, 샘플 XY 잡음 5 µm(보수); 배율 industrial 100 ppm, seam 0개; mode raster_point (csv)"
낙관,M123,indirect,,국소높이,높이,0.0,,,,5.0,2.0,,측정 불가,,0.0,"간접 지표 (형상을 재지 않음) → 모든 지표 측정 불가, 시뮬레이션 생략; mode indirect (csv)"
낙관,M123,indirect,,단차,높이(참고),-20.0,,,,5.0,2.0,,측정 불가,,0.0,"간접 지표 (형상을 재지 않음) → 모든 지표 측정 불가, 시뮬레이션 생략; mode indirect (csv)"
낙관,M123,indirect,,국소선폭,윤곽,40.0,,,,10.0,4.0,,측정 불가,,0.0,"간접 지표 (형상을 재지 않음) → 모든 지표 측정 불가, 시뮬레이션 생략; mode indirect (csv)"
낙관,M123,indirect,,선폭,윤곽(참고),40.0,,,,10.0,4.0,,측정 불가,,0.0,"간접 지표 (형상을 재지 않음) → 모든 지표 측정 불가, 시뮬레이션 생략; mode indirect (csv)"
낙관,M123,indirect,,구멍지름,치수,-100.0,,,,25.0,10.0,,측정 불가,,0.0,"간접 지표 (형상을 재지 않음) → 모든 지표 측정 불가, 시뮬레이션 생략; mode indirect (csv)"
낙관,M123,indirect,,길이40,치수,0.0,,,,25.0,10.0,,측정 불가,,0.0,"간접 지표 (형상을 재지 않음) → 모든 지표 측정 불가, 시뮬레이션 생략; mode indirect (csv)"
낙관,M123,indirect,,경계,윤곽(참고),50.0,,,,25.0,10.0,,측정 불가,,0.0,"간접 지표 (형상을 재지 않음) → 모든 지표 측정 불가, 시뮬레이션 생략; mode indirect (csv)"
낙관,M123,indirect,,위치,위치,223.60679774997897,,,,50.0,20.0,,측정 불가,,0.0,"간접 지표 (형상을 재지 않음) → 모든 지표 측정 불가, 시뮬레이션 생략; mode indirect (csv)"
보수-500,M01,point_probe,calibrated,국소높이,높이,0.0,,,,5.0,2.0,,측정 불가,,0.0,"해석 판정; 배율 calibrated 20 ppm, seam 0개; mode point_probe (id목록)"
보수-500,M01,point_probe,calibrated,단차,높이(참고),-20.0,0.0,4.242640687119286,4.242640687119286,5.0,2.0,0.8485281374238571,4:1 통과,,1.0,"해석 판정; 배율 calibrated 20 ppm, seam 0개; mode point_probe (id목록)"
보수-500,M01,point_probe,calibrated,국소선폭,윤곽,40.0,,,,10.0,4.0,,측정 불가,,0.0,"해석 판정; 배율 calibrated 20 ppm, seam 0개; mode point_probe (id목록)"
보수-500,M01,point_probe,calibrated,선폭,윤곽(참고),40.0,,,,10.0,4.0,,측정 불가,,0.0,"해석 판정; 배율 calibrated 20 ppm, seam 0개; mode point_probe (id목록)"
보수-500,M01,point_probe,calibrated,구멍지름,치수,-100.0,0.0,1.5085091978506462,1.5085091978506462,25.0,10.0,0.06034036791402585,10:1 통과,,1.0,"해석 판정; 배율 calibrated 20 ppm, seam 0개; mode point_probe (id목록)"
보수-500,M01,point_probe,calibrated,길이40,치수,0.0,0.0,4.534313619501853,4.534313619501853,25.0,10.0,0.18137254478007414,10:1 통과,,1.0,"해석 판정; 배율 calibrated 20 ppm, seam 0개; mode point_probe (id목록)"
보수-500,M01,point_probe,calibrated,경계,윤곽(참고),50.0,0.0,0.7542545989253231,0.7542545989253231,25.0,10.0,0.030170183957012923,10:1 통과,,1.0,"해석 판정; 배율 calibrated 20 ppm, seam 0개; mode point_probe (id목록)"
보수-500,M01,point_probe,calibrated,위치,위치,223.60679774997897,0.0,1.5190786681406594,1.5190786681406594,50.0,20.0,0.030381573362813188,10:1 통과,,1.0,"해석 판정; 배율 calibrated 20 ppm, seam 0개; mode point_probe (id목록)"
보수-500,M02,line_profiler,calibrated,국소높이,높이,0.0,-0.02253932741364387,0.7055489000720657,0.7280882274857096,5.0,2.0,0.1456176454971419,10:1 통과,,1.0,"xy_step 1 < 2 µm → 2 µm 로 처리; 배율 calibrated 20 ppm, seam 0개; 선 단면 장비(면 측정은 래스터 가정, 면 래스터 140,000 분); mode line_profiler (id목록)"
보수-500,M02,line_profiler,calibrated,단차,높이(참고),-20.0,0.04957061767578125,0.571752734889853,0.6213233525656343,5.0,2.0,0.12426467051312687,10:1 통과,,1.0,"xy_step 1 < 2 µm → 2 µm 로 처리; 배율 calibrated 20 ppm, seam 0개; 선 단면 장비(면 측정은 래스터 가정, 면 래스터 140,000 분); mode line_profiler (id목록)"
보수-500,M02,line_profiler,calibrated,국소선폭,윤곽,40.0,8.594565778978007,0.9241631593666757,9.518728938344683,10.0,4.0,0.9518728938344683,4:1 통과,,1.0,"xy_step 1 < 2 µm → 2 µm 로 처리; 배율 calibrated 20 ppm, seam 0개; 선 단면 장비(면 측정은 래스터 가정, 면 래스터 140,000 분); mode line_profiler (id목록)"
보수-500,M02,line_profiler,calibrated,선폭,윤곽(참고),40.0,8.595946138138192,0.7664235289536641,9.362369667091857,10.0,4.0,0.9362369667091857,4:1 통과,,1.0,"xy_step 1 < 2 µm → 2 µm 로 처리; 배율 calibrated 20 ppm, seam 0개; 선 단면 장비(면 측정은 래스터 가정, 면 래스터 140,000 분); mode line_profiler (id목록)"
보수-500,M02,line_profiler,calibrated,구멍지름,치수,-100.0,0.01245462577510807,0.15288043015012015,0.1653350559252282,25.0,10.0,0.0066134022370091285,10:1 통과,,1.0,"xy_step 1 < 2 µm → 2 µm 로 처리; 배율 calibrated 20 ppm, seam 0개; 선 단면 장비(면 측정은 래스터 가정, 면 래스터 140,000 분); mode line_profiler (id목록)"
보수-500,M02,line_profiler,calibrated,길이40,치수,0.0,0.0,2.2861904265976327,2.2861904265976327,25.0,10.0,0.0914476170639053,10:1 통과,,1.0,"해석 계산; xy_step 1 < 2 µm → 2 µm 로 처리; 배율 calibrated 20 ppm, seam 0개; 선 단면 장비(면 측정은 래스터 가정, 면 래스터 140,000 분); mode line_profiler (id목록)"
보수-500,M02,line_profiler,calibrated,경계,윤곽(참고),50.0,-0.006227312887554035,0.07644021507506008,0.0826675279626141,25.0,10.0,0.0033067011185045642,10:1 통과,,1.0,"xy_step 1 < 2 µm → 2 µm 로 처리; 배율 calibrated 20 ppm, seam 0개; 선 단면 장비(면 측정은 래스터 가정, 면 래스터 140,000 분); mode line_profiler (id목록)"
보수-500,M02,line_profiler,calibrated,위치,위치,223.60679774997897,0.15288251511569714,1.1908717077940845,1.3437542229097816,50.0,20.0,0.02687508445819563,10:1 통과,,1.0,"xy_step 1 < 2 µm → 2 µm 로 처리; 배율 calibrated 20 ppm, seam 0개; 선 단면 장비(면 측정은 래스터 가정, 면 래스터 140,000 분); mode line_profiler (id목록)"
보수-500,M03,raster_point,printer_axis,국소높이,높이,0.0,,,,5.0,2.0,,측정 불가,,0.0,"프린터 축 래스터: seam 0, 샘플 XY 잡음 5 µm(보수); 배율 printer_axis 500 ppm, seam 0개; mode raster_point (id목록)"
보수-500,M03,raster_point,printer_axis,단차,높이(참고),-20.0,,,,5.0,2.0,,측정 불가,,0.0,"프린터 축 래스터: seam 0, 샘플 XY 잡음 5 µm(보수); 배율 printer_axis 500 ppm, seam 0개; mode raster_point (id목록)"
보수-500,M03,raster_point,printer_axis,국소선폭,윤곽,40.0,,,,10.0,4.0,,측정 불가,,0.18,"프린터 축 래스터: seam 0, 샘플 XY 잡음 5 µm(보수); 배율 printer_axis 500 ppm, seam 0개; mode raster_point (id목록)"
보수-500,M03,raster_point,printer_axis,선폭,윤곽(참고),40.0,,,,10.0,4.0,,측정 불가,,0.1,"프린터 축 래스터: seam 0, 샘플 XY 잡음 5 µm(보수); 배율 printer_axis 500 ppm, seam 0개; mode raster_point (id목록)"
보수-500,M03,raster_point,printer_axis,구멍지름,치수,-100.0,4200.200618950092,3296.596616301098,7496.79723525119,25.0,10.0,299.8718894100476,불합격,,1.0,"프린터 축 래스터: seam 0, 샘플 XY 잡음 5 µm(보수); 배율 printer_axis 500 ppm, seam 0개; mode raster_point (id목록)"
보수-500,M03,raster_point,printer_axis,길이40,치수,0.0,0.0,817.4757896516977,817.4757896516977,25.0,10.0,32.69903158606791,불합격,,1.0,"해석 계산; 프린터 축 래스터: seam 0, 샘플 XY 잡음 5 µm(보수); 배율 printer_axis 500 ppm, seam 0개; mode raster_point (id목록)"
보수-500,M03,raster_point,printer_axis,경계,윤곽(참고),50.0,-2100.100309475046,1648.298308150549,3748.398617625595,25.0,10.0,149.9359447050238,불합격,,1.0,"프린터 축 래스터: seam 0, 샘플 XY 잡음 5 µm(보수); 배율 printer_axis 500 ppm, seam 0개; mode raster_point (id목록)"
보수-500,M03,raster_point,printer_axis,위치,위치,223.60679774997897,230.25934512142254,173.38994785831707,403.6492929797396,50.0,20.0,8.072985859594791,불합격,,1.0,"프린터 축 래스터: seam 0, 샘플 XY 잡음 5 µm(보수); 배율 printer_axis 500 ppm, seam 0개; mode raster_point (id목록)"
보수-500,M04,point_probe,calibrated,국소높이,높이,0.0,,,,5.0,2.0,,측정 불가,,0.0,"해석 판정; 배율 calibrated 20 ppm, seam 0개; mode point_probe (id목록)"
보수-500,M04,point_probe,calibrated,단차,높이(참고),-20.0,0.0,5.656854249492381,5.656854249492381,5.0,2.0,1.131370849898476,불합격,경계,1.0,"해석 판정; 배율 calibrated 20 ppm, seam 0개; mode point_probe (id목록)"
보수-500,M04,point_probe,calibrated,국소선폭,윤곽,40.0,,,,10.0,4.0,,측정 불가,,0.0,"해석 판정; 배율 calibrated 20 ppm, seam 0개; mode point_probe (id목록)"
보수-500,M04,point_probe,calibrated,선폭,윤곽(참고),40.0,,,,10.0,4.0,,측정 불가,,0.0,"해석 판정; 배율 calibrated 20 ppm, seam 0개; mode point_probe (id목록)"
보수-500,M04,point_probe,calibrated,구멍지름,치수,-100.0,0.0,2.0063897926375125,2.0063897926375125,25.0,10.0,0.0802555917055005,10:1 통과,,1.0,"해석 판정; 배율 calibrated 20 ppm, seam 0개; mode point_probe (id목록)"
보수-500,M04,point_probe,calibrated,길이40,치수,0.0,0.0,5.878775382679628,5.878775382679628,25.0,10.0,0.2351510153071851,10:1 통과,,1.0,"해석 판정; 배율 calibrated 20 ppm, seam 0개; mode point_probe (id목록)"
보수-500,M04,point_probe,calibrated,경계,윤곽(참고),50.0,0.0,1.0031948963187562,1.0031948963187562,25.0,10.0,0.04012779585275025,10:1 통과,,1.0,"해석 판정; 배율 calibrated 20 ppm, seam 0개; mode point_probe (id목록)"
보수-500,M04,point_probe,calibrated,위치,위치,223.60679774997897,0.0,2.0143485299222674,2.0143485299222674,50.0,20.0,0.04028697059844535,10:1 통과,,1.0,"해석 판정; 배율 calibrated 20 ppm, seam 0개; mode point_probe (id목록)"
보수-500,M05,area,diy,국소높이,높이,0.0,0.5129918411871341,16.885253999285858,17.398245840472992,5.0,2.0,3.4796491680945985,불합격,,1.0,"배율 diy 500 ppm, seam 2개"
보수-500,M05,area,diy,단차,높이(참고),-20.0,-1.2519955444335937,14.31489521133948,15.566890755773073,5.0,2.0,3.1133781511546146,불합격,,1.0,"배율 diy 500 ppm, seam 2개"
보수-500,M05,area,diy,국소선폭,윤곽,40.0,-1.9090749703059022,14.275241130751766,16.184316101057668,10.0,4.0,1.6184316101057667,불합격,,1.0,"배율 diy 500 ppm, seam 2개"
보수-500,M05,area,diy,선폭,윤곽(참고),40.0,-1.971420935224868,8.378883651228016,10.350304586452884,10.0,4.0,1.0350304586452883,불합격,경계,1.0,"배율 diy 500 ppm, seam 2개"
보수-500,M05,area,diy,구멍지름,치수,-100.0,-0.03263107837708958,4.773904682932586,4.806535761309676,25.0,10.0,0.19226143045238703,10:1 통과,,1.0,"배율 diy 500 ppm, seam 2개"
보수-500,M05,area,diy,길이40,치수,0.0,0.0,51.63977794943223,51.63977794943223,25.0,10.0,2.0655911179772892,불합격,,1.0,"해석 계산; 배율 diy 500 ppm, seam 2개"
보수-500,M05,area,diy,경계,윤곽(참고),50.0,0.01631553918854479,2.386952341466293,2.403267880654838,25.0,10.0,0.09613071522619351,10:1 통과,,1.0,"배율 diy 500 ppm, seam 2개"
보수-500,M05,area,diy,위치,위치,223.60679774997897,1.0066370402130211,5.990813579491694,6.997450619704715,50.0,20.0,0.1399490123940943,10:1 통과,,1.0,"배율 diy 500 ppm, seam 2개"
보수-500,M06,area,industrial,국소높이,높이,0.0,-0.18034700035686693,5.5209371856832075,5.701284186040074,5.0,2.0,1.1402568372080149,불합격,경계,1.0,"배율 industrial 100 ppm, seam 1개"
보수-500,M06,area,industrial,단차,높이(참고),-20.0,0.03464447021484375,4.4492430211135074,4.4838874913283515,5.0,2.0,0.8967774982656703,4:1 통과,,1.0,"배율 industrial 100 ppm, seam 1개"
보수-500,M06,area,industrial,국소선폭,윤곽,40.0,-5.969609934958566,4.269902530037118,10.239512464995684,10.0,4.0,1.0239512464995684,불합격,경계,1.0,"배율 industrial 100 ppm, seam 1개"
보수-500,M06,area,industrial,선폭,윤곽(참고),40.0,-5.975936547765809,2.944536342151401,8.92047288991721,10.0,4.0,0.892047288991721,4:1 통과,,1.0,"배율 industrial 100 ppm, seam 1개"
보수-500,M06,area,industrial,구멍지름,치수,-100.0,-0.10589400031635705,0.8389394670074727,0.9448334673238298,25.0,10.0,0.03779333869295319,10:1 통과,,1.0,"배율 industrial 100 ppm, seam 1개"
보수-500,M06,area,industrial,길이40,치수,0.0,0.0,15.187714333192691,15.187714333192691,25.0,10.0,0.6075085733277077,4:1 통과,,1.0,"해석 계산; 배율 industrial 100 ppm, seam 1개"
보수-500,M06,area,industrial,경계,윤곽(참고),50.0,0.05294700015817853,0.41946973350373634,0.4724167336619149,25.0,10.0,0.018896669346476595,10:1 통과,,1.0,"배율 industrial 100 ppm, seam 1개"
보수-500,M06,area,industrial,위치,위치,223.60679774997897,0.2935128954564563,3.009122924432693,3.3026358198891494,50.0,20.0,0.06605271639778298,10:1 통과,,1.0,"배율 industrial 100 ppm, seam 1개"
보수-500,M07,raster_point,printer_axis,국소높이,높이,0.0,-0.09937357970771198,5.5358892499511265,5.6352628296588385,5.0,2.0,1.1270525659317676,불합격,경계,1.0,"프린터 축 래스터: seam 0, 샘플 XY 잡음 5 µm(보수); 배율 printer_axis 500 ppm, seam 0개; mode raster_point (id목록)"
보수-500,M07,raster_point,printer_axis,단차,높이(참고),-20.0,0.26175506591796877,4.31683516915945,4.578590235077419,5.0,2.0,0.9157180470154838,4:1 통과,,1.0,"프린터 축 래스터: seam 0, 샘플 XY 잡음 5 µm(보수); 배율 printer_axis 500 ppm, seam 0개; mode raster_point (id목록)"
보수-500,M07,raster_point,printer_axis,국소선폭,윤곽,40.0,-12.791066065031831,22.413702796544474,35.204768861576305,10.0,4.0,3.5204768861576303,불합격,,1.0,"프린터 축 래스터: seam 0, 샘플 XY 잡음 5 µm(보수); 배율 printer_axis 500 ppm, seam 0개; mode raster_point (id목록)"
보수-500,M07,raster_point,printer_axis,선폭,윤곽(참고),40.0,-12.743141367725547,22.158996742530558,34.902138110256104,10.0,4.0,3.4902138110256105,불합격,,1.0,"프린터 축 래스터: seam 0, 샘플 XY 잡음 5 µm(보수); 배율 printer_axis 500 ppm, seam 0개; mode raster_point (id목록)"
보수-500,M07,raster_point,printer_axis,구멍지름,치수,-100.0,-0.6155548478039237,4.477970178169833,5.093525025973756,25.0,10.0,0.20374100103895024,10:1 통과,,1.0,"프린터 축 래스터: seam 0, 샘플 XY 잡음 5 µm(보수); 배율 printer_axis 500 ppm, seam 0개; mode raster_point (id목록)"
보수-500,M07,raster_point,printer_axis,길이40,치수,0.0,0.0,51.63977794943223,51.63977794943223,25.0,10.0,2.0655911179772892,불합격,,1.0,"해석 계산; 프린터 축 래스터: seam 0, 샘플 XY 잡음 5 µm(보수); 배율 printer_axis 500 ppm, seam 0개; mode raster_point (id목록)"
보수-500,M07,raster_point,printer_axis,경계,윤곽(참고),50.0,0.30777742390196183,2.2389850890849163,2.546762512986878,25.0,10.0,0.10187050051947512,10:1 통과,,1.0,"프린터 축 래스터: seam 0, 샘플 XY 잡음 5 µm(보수); 배율 printer_axis 500 ppm, seam 0개; mode raster_point (id목록)"
보수-500,M07,raster_point,printer_axis,위치,위치,223.60679774997897,0.07623331870337935,0.7385392954097219,0.8147726141131012,50.0,20.0,0.016295452282262025,10:1 통과,,1.0,"프린터 축 래스터: seam 0, 샘플 XY 잡음 5 µm(보수); 배율 printer_axis 500 ppm, seam 0개; mode raster_point (id목록)"
보수-500,M08,raster_point,printer_axis,국소높이,높이,0.0,0.06780756976844161,1.538746529144313,1.6065540989127547,5.0,2.0,0.32131081978255094,10:1 통과,,1.0,"프린터 축 래스터: seam 0, 샘플 XY 잡음 5 µm(보수); 배율 printer_axis 500 ppm, seam 0개; mode raster_point (id목록)"
보수-500,M08,raster_point,printer_axis,단차,높이(참고),-20.0,0.06859527587890625,1.055862001071528,1.1244572769504344,5.0,2.0,0.22489145539008687,10:1 통과,,1.0,"프린터 축 래스터: seam 0, 샘플 XY 잡음 5 µm(보수); 배율 printer_axis 500 ppm, seam 0개; mode raster_point (id목록)"
보수-500,M08,raster_point,printer_axis,국소선폭,윤곽,40.0,-62.61943718190508,7.345812426848324,69.9652496087534,10.0,4.0,6.996524960875339,불합격,,1.0,"프린터 축 래스터: seam 0, 샘플 XY 잡음 5 µm(보수); 배율 printer_axis 500 ppm, seam 0개; mode raster_point (id목록)"
보수-500,M08,raster_point,printer_axis,선폭,윤곽(참고),40.0,-62.62197688316577,7.342033856026468,69.96401073919225,10.0,4.0,6.996401073919225,불합격,,1.0,"프린터 축 래스터: seam 0, 샘플 XY 잡음 5 µm(보수); 배율 printer_axis 500 ppm, seam 0개; mode raster_point (id목록)"
보수-500,M08,raster_point,printer_axis,구멍지름,치수,-100.0,-0.1780312910102748,3.71283802907888,3.8908693200891546,25.0,10.0,0.1556347728035662,10:1 통과,,1.0,"프린터 축 래스터: seam 0, 샘플 XY 잡음 5 µm(보수); 배율 printer_axis 500 ppm, seam 0개; mode raster_point (id목록)"
보수-500,M08,raster_point,printer_axis,길이40,치수,0.0,0.0,43.20493798938573,43.20493798938573,25.0,10.0,1.7281975195754293,불합격,,1.0,"해석 계산; 프린터 축 래스터: seam 0, 샘플 XY 잡음 5 µm(보수); 배율 printer_axis 500 ppm, seam 0개; mode raster_point (id목록)"
보수-500,M08,raster_point,printer_axis,경계,윤곽(참고),50.0,0.0890156455051374,1.85641901453944,1.9454346600445773,25.0,10.0,0.0778173864017831,10:1 통과,,1.0,"프린터 축 래스터: seam 0, 샘플 XY 잡음 5 µm(보수); 배율 printer_axis 500 ppm, seam 0개; mode raster_point (id목록)"
보수-500,M08,raster_point,printer_axis,위치,위치,223.60679774997897,0.018935037268560963,0.39083747863216645,0.4097725159007274,50.0,20.0,0.008195450318014547,10:1 통과,,1.0,"프린터 축 래스터: seam 0, 샘플 XY 잡음 5 µm(보수); 배율 printer_axis 500 ppm, seam 0개; mode raster_point (id목록)"
보수-500,M09,area,calibrated,국소높이,높이,0.0,-0.16309806117995104,2.157931073919121,2.321029135099072,5.0,2.0,0.46420582701981444,4:1 통과,,1.0,"배율 calibrated 20 ppm, seam 2개"
보수-500,M09,area,calibrated,단차,높이(참고),-20.0,-0.16857940673828126,1.5748392251785184,1.7434186319167997,5.0,2.0,0.3486837263833599,10:1 통과,,1.0,"배율 calibrated 20 ppm, seam 2개"
보수-500,M09,area,calibrated,국소선폭,윤곽,40.0,-107.1244189064718,3.450635811519077,110.57505471799088,10.0,4.0,11.057505471799088,불합격,,1.0,"배율 calibrated 20 ppm, seam 2개"
보수-500,M09,area,calibrated,선폭,윤곽(참고),40.0,-107.11458025234417,3.291785229347387,110.40636548169155,10.0,4.0,11.040636548169156,불합격,,1.0,"배율 calibrated 20 ppm, seam 2개"
보수-500,M09,area,calibrated,구멍지름,치수,-100.0,-0.033210533355722875,0.3961349042760091,0.429345437631732,25.0,10.0,0.01717381750526928,10:1 통과,,1.0,"배율 calibrated 20 ppm, seam 2개"
보수-500,M09,area,calibrated,길이40,치수,0.0,0.0,16.408128067109505,16.408128067109505,25.0,10.0,0.6563251226843803,4:1 통과,,1.0,"해석 계산; 배율 calibrated 20 ppm, seam 2개"
보수-500,M09,area,calibrated,경계,윤곽(참고),50.0,0.016605266677861438,0.19806745213800456,0.214672718815866,25.0,10.0,0.00858690875263464,10:1 통과,,1.0,"배율 calibrated 20 ppm, seam 2개"
보수-500,M09,area,calibrated,위치,위치,223.60679774997897,0.025391406277586705,0.2534012564528416,0.2787926627304283,50.0,20.0,0.0055758532546085655,10:1 통과,,1.0,"배율 calibrated 20 ppm, seam 2개"
보수-500,M10,area,industrial,국소높이,높이,0.0,0.09945860671440511,4.46626901789634,4.565727624610745,5.0,2.0,0.9131455249221491,4:1 통과,,1.0,"배율 industrial 100 ppm, seam 7개"
보수-500,M10,area,industrial,단차,높이(참고),-20.0,0.18770416259765624,3.3947837028969086,3.582487865494565,5.0,2.0,0.7164975730989129,4:1 통과,,1.0,"배율 industrial 100 ppm, seam 7개"
보수-500,M10,area,industrial,국소선폭,윤곽,40.0,-52.16233129485066,2.6733296196878493,54.83566091453851,10.0,4.0,5.48356609145385,불합격,,1.0,"배율 industrial 100 ppm, seam 7개"
보수-500,M10,area,industrial,선폭,윤곽(참고),40.0,-52.165528488734545,2.234594186421916,54.40012267515646,10.0,4.0,5.440012267515646,불합격,,1.0,"배율 industrial 100 ppm, seam 7개"
보수-500,M10,area,industrial,구멍지름,치수,-100.0,0.016724291914206334,0.8370153317397477,0.8537396236539541,25.0,10.0,0.03414958494615816,10:1 통과,,1.0,"배율 industrial 100 ppm, seam 7개"
보수-500,M10,area,industrial,길이40,치수,0.0,0.0,28.821288428289716,28.821288428289716,25.0,10.0,1.1528515371315886,불합격,경계,1.0,"해석 계산; 배율 industrial 100 ppm, seam 7개"
보수-500,M10,area,industrial,경계,윤곽(참고),50.0,-0.008362145957103167,0.41850766586987387,0.42686981182697703,25.0,10.0,0.01707479247307908,10:1 통과,,1.0,"배율 industrial 100 ppm, seam 7개"
보수-500,M10,area,industrial,위치,위치,223.60679774997897,0.0240938526868007,0.30840535518994344,0.33249920787674414,50.0,20.0,0.006649984157534883,10:1 통과,,1.0,"배율 industrial 100 ppm, seam 7개"
보수-500,M11,area,diy,국소높이,높이,0.0,-0.2523031641414937,7.805690849816343,8.057994013957837,5.0,2.0,1.6115988027915673,불합격,,1.0,"배율 diy 500 ppm, seam 1개"
보수-500,M11,area,diy,단차,높이(참고),-20.0,-0.125032958984375,4.87010647306914,4.995139432053515,5.0,2.0,0.999027886410703,4:1 통과,,1.0,"배율 diy 500 ppm, seam 1개"
보수-500,M11,area,diy,국소선폭,윤곽,40.0,-1.9250595348533779,6.007870046094476,7.932929580947854,10.0,4.0,0.7932929580947854,4:1 통과,,1.0,"배율 diy 500 ppm, seam 1개"
보수-500,M11,area,diy,선폭,윤곽(참고),40.0,-1.9143727621409845,4.1271305439136405,6.041503306054625,10.0,4.0,0.6041503306054625,4:1 통과,,1.0,"배율 diy 500 ppm, seam 1개"
보수-500,M11,area,diy,구멍지름,치수,-100.0,0.23135168604136197,3.404495765518862,3.635847451560224,25.0,10.0,0.14543389806240895,10:1 통과,,1.0,"배율 diy 500 ppm, seam 1개"
보수-500,M11,area,diy,길이40,치수,0.0,0.0,46.787462708151494,46.787462708151494,25.0,10.0,1.8714985083260598,불합격,,1.0,"해석 계산; 배율 diy 500 ppm, seam 1개"
보수-500,M11,area,diy,경계,윤곽(참고),50.0,-0.11567584302068099,1.702247882759431,1.817923725780112,25.0,10.0,0.07271694903120447,10:1 통과,,1.0,"배율 diy 500 ppm, seam 1개"
보수-500,M11,area,diy,위치,위치,223.60679774997897,0.03228004286017629,0.3772821371488404,0.4095621800090167,50.0,20.0,0.008191243600180333,10:1 통과,,1.0,"배율 diy 500 ppm, seam 1개"
보수-500,M12,area,diy,국소높이,높이,0.0,-0.40940539287591726,28.39941965301354,28.808825045889456,5.0,2.0,5.761765009177891,불합격,,1.0,"배율 diy 500 ppm, seam 0개"
보수-500,M12,area,diy,단차,높이(참고),-20.0,-0.110157470703125,17.85642936118259,17.966586831885717,5.0,2.0,3.5933173663771436,불합격,,1.0,"배율 diy 500 ppm, seam 0개"
보수-500,M12,area,diy,국소선폭,윤곽,40.0,-0.2573780513313941,26.371234738545205,26.6286127898766,10.0,4.0,2.66286127898766,불합격,,1.0,"배율 diy 500 ppm, seam 0개"
보수-500,M12,area,diy,선폭,윤곽(참고),40.0,0.2732875126376507,12.515598344058077,12.788885856695728,10.0,4.0,1.2788885856695729,불합격,경계,1.0,"배율 diy 500 ppm, seam 0개"
보수-500,M12,area,diy,구멍지름,치수,-100.0,-0.11519473716209178,3.5014458105854107,3.6166405477475023,25.0,10.0,0.1446656219099001,10:1 통과,,1.0,"배율 diy 500 ppm, seam 0개"
보수-500,M12,area,diy,길이40,치수,0.0,0.0,43.20493798938573,43.20493798938573,25.0,10.0,1.7281975195754293,불합격,,1.0,"해석 계산; 배율 diy 500 ppm, seam 0개"
보수-500,M12,area,diy,경계,윤곽(참고),50.0,0.05759736858104589,1.7507229052927054,1.8083202738737512,25.0,10.0,0.07233281095495005,10:1 통과,,1.0,"배율 diy 500 ppm, seam 0개"
보수-500,M12,area,diy,위치,위치,223.60679774997897,0.4863238006812027,5.936209770934992,6.422533571616195,50.0,20.0,0.1284506714323239,10:1 통과,,1.0,"배율 diy 500 ppm, seam 0개"
보수-500,M13,area,diy,국소높이,높이,0.0,-1.286410791664752,34.52466809591867,35.81107888758342,5.0,2.0,7.162215777516684,불합격,,1.0,"배율 diy 500 ppm, seam 0개"
보수-500,M13,area,diy,단차,높이(참고),-20.0,-0.7653448486328125,28.676277209652643,29.441622058285454,5.0,2.0,5.8883244116570905,불합격,,1.0,"배율 diy 500 ppm, seam 0개"
보수-500,M13,area,diy,국소선폭,윤곽,40.0,-7.625314800636007,23.516410378024617,31.14172517866062,10.0,4.0,3.114172517866062,불합격,,1.0,"배율 diy 500 ppm, seam 0개"
보수-500,M13,area,diy,선폭,윤곽(참고),40.0,-6.749814479875911,10.677863920976604,17.427678400852514,10.0,4.0,1.7427678400852513,불합격,,1.0,"배율 diy 500 ppm, seam 0개"
보수-500,M13,area,diy,구멍지름,치수,-100.0,-0.2731578712701412,4.388884640141295,4.662042511411435,25.0,10.0,0.18648170045645743,10:1 통과,,1.0,"배율 diy 500 ppm, seam 0개"
보수-500,M13,area,diy,길이40,치수,0.0,0.0,42.079290234825336,42.079290234825336,25.0,10.0,1.6831716093930134,불합격,,1.0,"해석 계산; 배율 diy 500 ppm, seam 0개"
보수-500,M13,area,diy,경계,윤곽(참고),50.0,0.1365789356350706,2.1944423200706473,2.3310212557057177,25.0,10.0,0.09324085022822871,10:1 통과,,1.0,"배율 diy 500 ppm, seam 0개"
보수-500,M13,area,diy,위치,위치,223.60679774997897,1.1516696146055185,4.2784040026440175,5.430073617249536,50.0,20.0,0.10860147234499072,10:1 통과,,1.0,"배율 diy 500 ppm, seam 0개"
보수-500,M14,area,calibrated,국소높이,높이,0.0,0.10907754971518152,1.6110661152449879,1.7201436649601693,5.0,2.0,0.34402873299203385,10:1 통과,,1.0,"xy_step 1.76 < 2 µm → 2 µm 로 처리; 배율 calibrated 20 ppm, seam 14개"
보수-500,M14,area,calibrated,단차,높이(참고),-20.0,0.081246337890625,0.9108532099171787,0.9920995478078036,5.0,2.0,0.19841990956156072,10:1 통과,,1.0,"xy_step 1.76 < 2 µm → 2 µm 로 처리; 배율 calibrated 20 ppm, seam 14개"
보수-500,M14,area,calibrated,국소선폭,윤곽,40.0,-0.08734419987110907,0.4881854916208941,0.5755296914920032,10.0,4.0,0.057552969149200314,10:1 통과,,1.0,"xy_step 1.76 < 2 µm → 2 µm 로 처리; 배율 calibrated 20 ppm, seam 14개"
보수-500,M14,area,calibrated,선폭,윤곽(참고),40.0,-0.08615478165027866,0.20749224361923985,0.2936470252695185,10.0,4.0,0.029364702526951853,10:1 통과,,1.0,"xy_step 1.76 < 2 µm → 2 µm 로 처리; 배율 calibrated 20 ppm, seam 14개"
보수-500,M14,area,calibrated,구멍지름,치수,-100.0,0.021676919718602222,0.1569215155913396,0.17859843530994182,25.0,10.0,0.007143937412397673,10:1 통과,,1.0,"xy_step 1.76 < 2 µm → 2 µm 로 처리; 배율 calibrated 20 ppm, seam 14개"
보수-500,M14,area,calibrated,길이40,치수,0.0,0.0,7.824747067264645,7.824747067264645,25.0,10.0,0.3129898826905858,10:1 통과,,1.0,"해석 계산; xy_step 1.76 < 2 µm → 2 µm 로 처리; 배율 calibrated 20 ppm, seam 14개"
보수-500,M14,area,calibrated,경계,윤곽(참고),50.0,-0.010838459859301111,0.0784607577956698,0.08929921765497091,25.0,10.0,0.0035719687061988364,10:1 통과,,1.0,"xy_step 1.76 < 2 µm → 2 µm 로 처리; 배율 calibrated 20 ppm, seam 14개"
보수-500,M14,area,calibrated,위치,위치,223.60679774997897,0.16357039392146158,1.2671017930073243,1.430672186928786,50.0,20.0,0.02861344373857572,10:1 통과,,1.0,"xy_step 1.76 < 2 µm → 2 µm 로 처리; 배율 calibrated 20 ppm, seam 14개"
보수-500,M15,area,calibrated,국소높이,높이,0.0,-0.0005945375000200443,0.29010570368451255,0.2907002411845326,5.0,2.0,0.058140048236906515,10:1 통과,,1.0,"배율 calibrated 20 ppm, seam 10개"
보수-500,M15,area,calibrated,단차,높이(참고),-20.0,-0.0032733154296875,0.19663334774441518,0.1999066631741027,5.0,2.0,0.03998133263482054,10:1 통과,,1.0,"배율 calibrated 20 ppm, seam 10개"
보수-500,M15,area,calibrated,국소선폭,윤곽,40.0,-84.74841012201911,0.804135973976295,85.55254609599541,10.0,4.0,8.55525460959954,불합격,,1.0,"배율 calibrated 20 ppm, seam 10개"
보수-500,M15,area,calibrated,선폭,윤곽(참고),40.0,-84.74808447448844,0.8009054819968109,85.54898995648524,10.0,4.0,8.554898995648525,불합격,,1.0,"배율 calibrated 20 ppm, seam 10개"
보수-500,M15,area,calibrated,구멍지름,치수,-100.0,-0.02922346494575322,0.1485293950907604,0.17775286003651364,25.0,10.0,0.007110114401460545,10:1 통과,,1.0,"배율 calibrated 20 ppm, seam 10개"
보수-500,M15,area,calibrated,길이40,치수,0.0,0.0,10.346993121997649,10.346993121997649,25.0,10.0,0.41387972487990593,4:1 통과,,1.0,"해석 계산; 배율 calibrated 20 ppm, seam 10개"
보수-500,M15,area,calibrated,경계,윤곽(참고),50.0,0.01461173247287661,0.0742646975453802,0.08887643001825682,25.0,10.0,0.0035550572007302726,10:1 통과,,1.0,"배율 calibrated 20 ppm, seam 10개"
보수-500,M15,area,calibrated,위치,위치,223.60679774997897,0.0032681160855748434,0.03507851626732891,0.03834663235290375,50.0,20.0,0.0007669326470580751,10:1 통과,,1.0,"배율 calibrated 20 ppm, seam 10개"
보수-500,M16,area,calibrated,국소높이,높이,0.0,0.11403660681747178,1.4397360133556745,1.5537726201731463,5.0,2.0,0.3107545240346293,10:1 통과,,1.0,"배율 calibrated 20 ppm, seam 15개"
보수-500,M16,area,calibrated,단차,높이(참고),-20.0,0.0212042236328125,1.0185360913203743,1.0397403149531868,5.0,2.0,0.20794806299063734,10:1 통과,,1.0,"배율 calibrated 20 ppm, seam 15개"
보수-500,M16,area,calibrated,국소선폭,윤곽,40.0,-29.83865530140814,0.7848330453546967,30.623488346762834,10.0,4.0,3.0623488346762833,불합격,,1.0,"배율 calibrated 20 ppm, seam 15개"
보수-500,M16,area,calibrated,선폭,윤곽(참고),40.0,-29.838739775160757,0.7066836618811343,30.54542343704189,10.0,4.0,3.054542343704189,불합격,,1.0,"배율 calibrated 20 ppm, seam 15개"
보수-500,M16,area,calibrated,구멍지름,치수,-100.0,0.028388096140452034,0.14066177539430433,0.16904987153475637,25.0,10.0,0.006761994861390255,10:1 통과,,1.0,"배율 calibrated 20 ppm, seam 15개"
보수-500,M16,area,calibrated,길이40,치수,0.0,0.0,10.023804999433432,10.023804999433432,25.0,10.0,0.4009521999773373,4:1 통과,,1.0,"해석 계산; 배율 calibrated 20 ppm, seam 15개"
보수-500,M16,area,calibrated,경계,윤곽(참고),50.0,-0.014194048070226017,0.07033088769715216,0.08452493576737818,25.0,10.0,0.0033809974306951273,10:1 통과,,1.0,"배율 calibrated 20 ppm, seam 15개"
보수-500,M16,area,calibrated,위치,위치,223.60679774997897,0.015663997794179988,0.30474526264771545,0.32040926044189544,50.0,20.0,0.006408185208837909,10:1 통과,,1.0,"배율 calibrated 20 ppm, seam 15개"
보수-500,M17,area,diy,국소높이,높이,0.0,9.620525193452835,1234.666469256723,1244.2869944501758,5.0,2.0,248.85739889003517,불합격,,1.0,"배율 diy 500 ppm, seam 0개"
보수-500,M17,area,diy,단차,높이(참고),-20.0,5.0371212249106545,943.9297402972776,948.9668615221882,5.0,2.0,189.79337230443764,불합격,,0.94,"배율 diy 500 ppm, seam 0개"
보수-500,M17,area,diy,국소선폭,윤곽,40.0,107.61834944996838,2837.9021980062894,2945.5205474562576,10.0,4.0,294.55205474562575,불합격,,1.0,"배율 diy 500 ppm, seam 0개"
보수-500,M17,area,diy,선폭,윤곽(참고),40.0,,,,10.0,4.0,,측정 불가,,0.74,"배율 diy 500 ppm, seam 0개"
보수-500,M17,area,diy,구멍지름,치수,-100.0,1814.0625051343727,193.74993454884952,2007.8124396832222,25.0,10.0,80.31249758732889,불합격,,1.0,"배율 diy 500 ppm, seam 0개"
보수-500,M17,area,diy,길이40,치수,0.0,0.0,134.28576494426602,134.28576494426602,25.0,10.0,5.371430597770641,불합격,,1.0,"해석 계산; 배율 diy 500 ppm, seam 0개"
보수-500,M17,area,diy,경계,윤곽(참고),50.0,-907.0312525671864,96.87496727442476,1003.9062198416111,25.0,10.0,40.156248793664446,불합격,,1.0,"배율 diy 500 ppm, seam 0개"
보수-500,M17,area,diy,위치,위치,223.60679774997897,194.5568801880225,36.52502824431728,231.08190843233976,50.0,20.0,4.621638168646795,불합격,,1.0,"배율 diy 500 ppm, seam 0개"
보수-500,M18,area,printer_axis,국소높이,높이,0.0,-1.2032830085193789,7.968420887067808,9.171703895587186,5.0,2.0,1.834340779117437,불합격,,1.0,"xy_step 1.1 < 2 µm → 2 µm 로 처리; 배율 printer_axis 500 ppm, seam 29개"
보수-500,M18,area,printer_axis,단차,높이(참고),-20.0,0.13237457275390624,5.103862613445008,5.236237186198914,5.0,2.0,1.0472474372397829,불합격,경계,1.0,"xy_step 1.1 < 2 µm → 2 µm 로 처리; 배율 printer_axis 500 ppm, seam 29개"
보수-500,M18,area,printer_axis,국소선폭,윤곽,40.0,-16.490931681853016,1.8811612535820033,18.37209293543502,10.0,4.0,1.837209293543502,불합격,,1.0,"xy_step 1.1 < 2 µm → 2 µm 로 처리; 배율 printer_axis 500 ppm, seam 29개"
보수-500,M18,area,printer_axis,선폭,윤곽(참고),40.0,-16.493770375515552,0.816649859745857,17.31042023526141,10.0,4.0,1.731042023526141,불합격,,1.0,"xy_step 1.1 < 2 µm → 2 µm 로 처리; 배율 printer_axis 500 ppm, seam 29개"
보수-500,M18,area,printer_axis,구멍지름,치수,-100.0,0.11613732659987364,3.982305451308264,4.098442777908137,25.0,10.0,0.1639377111163255,10:1 통과,,1.0,"xy_step 1.1 < 2 µm → 2 µm 로 처리; 배율 printer_axis 500 ppm, seam 29개"
보수-500,M18,area,printer_axis,길이40,치수,0.0,0.0,41.45680482944467,41.45680482944467,25.0,10.0,1.6582721931777868,불합격,,1.0,"해석 계산; xy_step 1.1 < 2 µm → 2 µm 로 처리; 배율 printer_axis 500 ppm, seam 29개"
보수-500,M18,area,printer_axis,경계,윤곽(참고),50.0,-0.05806866329993682,1.991152725654132,2.0492213889540687,25.0,10.0,0.08196885555816275,10:1 통과,,1.0,"xy_step 1.1 < 2 µm → 2 µm 로 처리; 배율 printer_axis 500 ppm, seam 29개"
보수-500,M18,area,printer_axis,위치,위치,223.60679774997897,0.0763720815393545,1.2848286602346994,1.361200741774054,50.0,20.0,0.027224014835481078,10:1 통과,,1.0,"xy_step 1.1 < 2 µm → 2 µm 로 처리; 배율 printer_axis 500 ppm, seam 29개"
보수-500,M19,area,diy,국소높이,높이,0.0,-2.1105745625069954,46.601736003983895,48.71231056649089,5.0,2.0,9.742462113298178,불합격,,1.0,"배율 diy 500 ppm, seam 2개"
보수-500,M19,area,diy,단차,높이(참고),-20.0,0.3160675048828125,36.932938483522314,37.24900598840512,5.0,2.0,7.449801197681024,불합격,,1.0,"배율 diy 500 ppm, seam 2개"
보수-500,M19,area,diy,국소선폭,윤곽,40.0,-11.0423187456487,15.09423586473932,26.136554610388018,10.0,4.0,2.613655461038802,불합격,,1.0,"배율 diy 500 ppm, seam 2개"
보수-500,M19,area,diy,선폭,윤곽(참고),40.0,-11.172224760701083,5.580239512384668,16.75246427308575,10.0,4.0,1.675246427308575,불합격,,1.0,"배율 diy 500 ppm, seam 2개"
보수-500,M19,area,diy,구멍지름,치수,-100.0,0.21037958082963087,2.8939991411985533,3.104378722028184,25.0,10.0,0.12417514888112736,10:1 통과,,1.0,"배율 diy 500 ppm, seam 2개"
보수-500,M19,area,diy,길이40,치수,0.0,0.0,40.995934757810645,40.995934757810645,25.0,10.0,1.6398373903124257,불합격,,1.0,"해석 계산; 배율 diy 500 ppm, seam 2개"
보수-500,M19,area,diy,경계,윤곽(참고),50.0,-0.10518979041481544,1.4469995705992766,1.552189361014092,25.0,10.0,0.06208757444056368,10:1 통과,,1.0,"배율 diy 500 ppm, seam 2개"
보수-500,M19,area,diy,위치,위치,223.60679774997897,0.16325092628420843,0.976119754212586,1.1393706804967945,50.0,20.0,0.02278741360993589,10:1 통과,,1.0,"배율 diy 500 ppm, seam 2개"
보수-500,M20,2d,diy,국소높이,높이,0.0,,,,5.0,2.0,,측정 불가,,0.0,"배율 diy 500 ppm, seam 0개; mode 2d (id목록)"
보수-500,M20,2d,diy,단차,높이(참고),-20.0,,,,5.0,2.0,,측정 불가,,0.0,"배율 diy 500 ppm, seam 0개; mode 2d (id목록)"
보수-500,M20,2d,diy,국소선폭,윤곽,40.0,-0.2726843135888771,3.6774226771939853,3.9501069907828623,10.0,4.0,0.39501069907828623,10:1 통과,,1.0,"배율 diy 500 ppm, seam 0개; mode 2d (id목록)"
보수-500,M20,2d,diy,선폭,윤곽(참고),40.0,-0.2726843135888771,3.712693546802834,3.985377860391711,10.0,4.0,0.3985377860391711,10:1 통과,,1.0,"배율 diy 500 ppm, seam 0개; mode 2d (id목록)"
보수-500,M20,2d,diy,구멍지름,치수,-100.0,0.07968903998940732,3.562560546150688,3.6422495861400956,25.0,10.0,0.14568998344560383,10:1 통과,,1.0,"배율 diy 500 ppm, seam 0개; mode 2d (id목록)"
보수-500,M20,2d,diy,길이40,치수,0.0,0.0,40.233402374975284,40.233402374975284,25.0,10.0,1.6093360949990114,불합격,,1.0,"해석 계산; 배율 diy 500 ppm, seam 0개; mode 2d (id목록)"
보수-500,M20,2d,diy,경계,윤곽(참고),50.0,-0.03984451999470366,1.781280273075344,1.8211247930700478,25.0,10.0,0.07284499172280191,10:1 통과,,1.0,"배율 diy 500 ppm, seam 0개; mode 2d (id목록)"
보수-500,M20,2d,diy,위치,위치,223.60679774997897,0.01599557155795689,0.21776446476710304,0.23376003632505993,50.0,20.0,0.004675200726501199,10:1 통과,,1.0,"배율 diy 500 ppm, seam 0개; mode 2d (id목록)"
보수-500,M21,2d,industrial,국소높이,높이,0.0,,,,5.0,2.0,,측정 불가,,0.0,"배율 industrial 100 ppm, seam 0개; mode 2d (id목록)"
보수-500,M21,2d,industrial,단차,높이(참고),-20.0,,,,5.0,2.0,,측정 불가,,0.0,"배율 industrial 100 ppm, seam 0개; mode 2d (id목록)"
보수-500,M21,2d,industrial,국소선폭,윤곽,40.0,0.0008039157080190762,14.435352367705157,14.436156283413176,10.0,4.0,1.4436156283413175,불합격,,1.0,"배율 industrial 100 ppm, seam 0개; mode 2d (id목록)"
보수-500,M21,2d,industrial,선폭,윤곽(참고),40.0,0.0008039157080190762,14.573804614240931,14.57460852994895,10.0,4.0,1.457460852994895,불합격,,1.0,"배율 industrial 100 ppm, seam 0개; mode 2d (id목록)"
보수-500,M21,2d,industrial,구멍지름,치수,-100.0,0.03680048756310498,0.7021119811329848,0.7389124686960897,25.0,10.0,0.02955649874784359,10:1 통과,,1.0,"배율 industrial 100 ppm, seam 0개; mode 2d (id목록)"
보수-500,M21,2d,industrial,길이40,치수,0.0,0.0,17.45470328211473,17.45470328211473,25.0,10.0,0.6981881312845891,4:1 통과,,1.0,"해석 계산; 배율 industrial 100 ppm, seam 0개; mode 2d (id목록)"
보수-500,M21,2d,industrial,경계,윤곽(참고),50.0,-0.01840024378155249,0.3510559905664924,0.36945623434804487,25.0,10.0,0.014778249373921795,10:1 통과,,1.0,"배율 industrial 100 ppm, seam 0개; mode 2d (id목록)"
보수-500,M21,2d,industrial,위치,위치,223.60679774997897,0.004781621752502064,0.48176716342345954,0.4865487851759616,50.0,20.0,0.009730975703519232,10:1 통과,,1.0,"배율 industrial 100 ppm, seam 0개; mode 2d (id목록)"
보수-500,M22,2d,diy,국소높이,높이,0.0,,,,5.0,2.0,,측정 불가,,0.0,"배율 diy 500 ppm, seam 5개; mode 2d (id목록)"
보수-500,M22,2d,diy,단차,높이(참고),-20.0,,,,5.0,2.0,,측정 불가,,0.0,"배율 diy 500 ppm, seam 5개; mode 2d (id목록)"
보수-500,M22,2d,diy,국소선폭,윤곽,40.0,0.0348004863379208,2.523735349252928,2.558535835590849,10.0,4.0,0.2558535835590849,10:1 통과,,1.0,"배율 diy 500 ppm, seam 5개; mode 2d (id목록)"
보수-500,M22,2d,diy,선폭,윤곽(참고),40.0,0.0348004863379208,2.5479409813611915,2.5827414676991123,10.0,4.0,0.25827414676991123,10:1 통과,,1.0,"배율 diy 500 ppm, seam 5개; mode 2d (id목록)"
보수-500,M22,2d,diy,구멍지름,치수,-100.0,0.21586071417444144,3.8043928091807127,4.020253523355154,25.0,10.0,0.16081014093420617,10:1 통과,,1.0,"배율 diy 500 ppm, seam 5개; mode 2d (id목록)"
보수-500,M22,2d,diy,길이40,치수,0.0,0.0,40.63249930782009,40.63249930782009,25.0,10.0,1.6252999723128037,불합격,,1.0,"해석 계산; 배율 diy 500 ppm, seam 5개; mode 2d (id목록)"
보수-500,M22,2d,diy,경계,윤곽(참고),50.0,-0.10793035708722072,1.9021964045903563,2.010126761677577,25.0,10.0,0.08040507046710309,10:1 통과,,1.0,"배율 diy 500 ppm, seam 5개; mode 2d (id목록)"
보수-500,M22,2d,diy,위치,위치,223.60679774997897,0.0110961183386404,0.19700796281237679,0.2081040811510172,50.0,20.0,0.004162081623020344,10:1 통과,,1.0,"배율 diy 500 ppm, seam 5개; mode 2d (id목록)"
보수-500,M23,area,calibrated,국소높이,높이,0.0,-0.4785710158335409,6.783197516794254,7.261768532627795,5.0,2.0,1.452353706525559,불합격,,1.0,"배율 calibrated 20 ppm, seam 0개"
보수-500,M23,area,calibrated,단차,높이(참고),-20.0,-0.28981536865234375,5.932305387345227,6.2221207559975715,5.0,2.0,1.2444241511995142,불합격,경계,1.0,"배율 calibrated 20 ppm, seam 0개"
보수-500,M23,area,calibrated,국소선폭,윤곽,40.0,-8.742614798064885,7.551703895892038,16.294318693956924,10.0,4.0,1.6294318693956924,불합격,,1.0,"배율 calibrated 20 ppm, seam 0개"
보수-500,M23,area,calibrated,선폭,윤곽(참고),40.0,-8.750765240313164,6.935040606215615,15.68580584652878,10.0,4.0,1.568580584652878,불합격,,1.0,"배율 calibrated 20 ppm, seam 0개"
보수-500,M23,area,calibrated,구멍지름,치수,-100.0,0.039228642886946545,1.9374767819436423,1.9767054248305889,25.0,10.0,0.07906821699322356,10:1 통과,,1.0,"배율 calibrated 20 ppm, seam 0개"
보수-500,M23,area,calibrated,길이40,치수,0.0,0.0,20.47502543750964,20.47502543750964,25.0,10.0,0.8190010175003856,4:1 통과,,1.0,"해석 계산; 배율 calibrated 20 ppm, seam 0개"
보수-500,M23,area,calibrated,경계,윤곽(참고),50.0,-0.019614321443473273,0.9687383909718211,0.9883527124152944,25.0,10.0,0.03953410849661178,10:1 통과,,1.0,"배율 calibrated 20 ppm, seam 0개"
보수-500,M23,area,calibrated,위치,위치,223.60679774997897,0.025456191246353427,1.3975701910391551,1.4230263822855085,50.0,20.0,0.02846052764571017,10:1 통과,,1.0,"배율 calibrated 20 ppm, seam 0개"
보수-500,M24,point_probe,calibrated,국소높이,높이,0.0,0.0,4.0,4.0,5.0,2.0,0.8,4:1 통과,,1.0,"해석 판정; 배율 calibrated 20 ppm, seam 15개; mode point_probe (csv)"
보수-500,M24,point_probe,calibrated,단차,높이(참고),-20.0,0.0,5.656854249492381,5.656854249492381,5.0,2.0,1.131370849898476,불합격,경계,1.0,"해석 판정; 배율 calibrated 20 ppm, seam 15개; mode point_probe (csv)"
보수-500,M24,point_probe,calibrated,국소선폭,윤곽,40.0,0.0,5.656876876864124,5.656876876864124,10.0,4.0,0.5656876876864124,4:1 통과,,1.0,"해석 판정; 배율 calibrated 20 ppm, seam 15개; mode point_probe (csv)"
보수-500,M24,point_probe,calibrated,선폭,윤곽(참고),40.0,0.0,5.656876876864124,5.656876876864124,10.0,4.0,0.5656876876864124,4:1 통과,,1.0,"해석 판정; 배율 calibrated 20 ppm, seam 15개; mode point_probe (csv)"
보수-500,M24,point_probe,calibrated,구멍지름,치수,-100.0,0.0,2.0063897926375125,2.0063897926375125,25.0,10.0,0.0802555917055005,10:1 통과,,1.0,"해석 판정; 배율 calibrated 20 ppm, seam 15개; mode point_probe (csv)"
보수-500,M24,point_probe,calibrated,길이40,치수,0.0,0.0,16.569852141766383,16.569852141766383,25.0,10.0,0.6627940856706553,4:1 통과,,1.0,"해석 판정; 배율 calibrated 20 ppm, seam 15개; mode point_probe (csv)"
보수-500,M24,point_probe,calibrated,경계,윤곽(참고),50.0,0.0,1.0031948963187562,1.0031948963187562,25.0,10.0,0.04012779585275025,10:1 통과,,1.0,"해석 판정; 배율 calibrated 20 ppm, seam 15개; mode point_probe (csv)"
보수-500,M24,point_probe,calibrated,위치,위치,223.60679774997897,0.0,2.0143485299222674,2.0143485299222674,50.0,20.0,0.04028697059844535,10:1 통과,,1.0,"해석 판정; 배율 calibrated 20 ppm, seam 15개; mode point_probe (csv)"
보수-500,M25,point_probe,calibrated,국소높이,높이,0.0,,,,5.0,2.0,,측정 불가,,0.0,"해석 판정; 배율 calibrated 20 ppm, seam 0개; mode point_probe (csv)"
보수-500,M25,point_probe,calibrated,단차,높이(참고),-20.0,0.0,2.8284271247461903,2.8284271247461903,5.0,2.0,0.565685424949238,4:1 통과,,1.0,"해석 판정; 배율 calibrated 20 ppm, seam 0개; mode point_probe (csv)"
보수-500,M25,point_probe,calibrated,국소선폭,윤곽,40.0,0.0,2.8284723792181534,2.8284723792181534,10.0,4.0,0.2828472379218153,10:1 통과,,1.0,"해석 판정; 배율 calibrated 20 ppm, seam 0개; mode point_probe (csv)"
보수-500,M25,point_probe,calibrated,선폭,윤곽(참고),40.0,0.0,2.8284723792181534,2.8284723792181534,10.0,4.0,0.2828472379218153,10:1 통과,,1.0,"해석 판정; 배율 calibrated 20 ppm, seam 0개; mode point_probe (csv)"
보수-500,M25,point_probe,calibrated,구멍지름,치수,-100.0,0.0,1.012719112093773,1.012719112093773,25.0,10.0,0.040508764483750924,10:1 통과,,1.0,"해석 판정; 배율 calibrated 20 ppm, seam 0개; mode point_probe (csv)"
보수-500,M25,point_probe,calibrated,길이40,치수,0.0,0.0,3.249615361854384,3.249615361854384,25.0,10.0,0.12998461447417536,10:1 통과,,1.0,"해석 판정; 배율 calibrated 20 ppm, seam 0개; mode point_probe (csv)"
보수-500,M25,point_probe,calibrated,경계,윤곽(참고),50.0,0.0,0.5063595560468865,0.5063595560468865,25.0,10.0,0.020254382241875462,10:1 통과,,1.0,"해석 판정; 배율 calibrated 20 ppm, seam 0개; mode point_probe (csv)"
보수-500,M25,point_probe,calibrated,위치,위치,223.60679774997897,0.0,1.0283968105745953,1.0283968105745953,50.0,20.0,0.020567936211491906,10:1 통과,,1.0,"해석 판정; 배율 calibrated 20 ppm, seam 0개; mode point_probe (csv)"
보수-500,M26,line_profiler,calibrated,국소높이,높이,0.0,0.0003786497659941972,1.841585914545217,1.841964564311211,5.0,2.0,0.3683929128622422,10:1 통과,,1.0,"xy_step 1 < 2 µm → 2 µm 로 처리; 배율 calibrated 20 ppm, seam 0개; 선 단면 장비(면 측정은 래스터 가정, 면 래스터 140,000 분); mode line_profiler (csv)"
보수-500,M26,line_profiler,calibrated,단차,높이(참고),-20.0,0.04283660888671875,1.5263017346864094,1.569138343573128,5.0,2.0,0.31382766871462564,10:1 통과,,1.0,"xy_step 1 < 2 µm → 2 µm 로 처리; 배율 calibrated 20 ppm, seam 0개; 선 단면 장비(면 측정은 래스터 가정, 면 래스터 140,000 분); mode line_profiler (csv)"
보수-500,M26,line_profiler,calibrated,국소선폭,윤곽,40.0,-7.5736338447930285,0.8209065471261278,8.394540391919156,10.0,4.0,0.8394540391919156,4:1 통과,,1.0,"xy_step 1 < 2 µm → 2 µm 로 처리; 배율 calibrated 20 ppm, seam 0개; 선 단면 장비(면 측정은 래스터 가정, 면 래스터 140,000 분); mode line_profiler (csv)"
보수-500,M26,line_profiler,calibrated,선폭,윤곽(참고),40.0,-7.5731888446419875,0.5124339478860219,8.08562279252801,10.0,4.0,0.808562279252801,4:1 통과,,1.0,"xy_step 1 < 2 µm → 2 µm 로 처리; 배율 calibrated 20 ppm, seam 0개; 선 단면 장비(면 측정은 래스터 가정, 면 래스터 140,000 분); mode line_profiler (csv)"
보수-500,M26,line_profiler,calibrated,구멍지름,치수,-100.0,0.044432257417283835,0.17652018644084982,0.22095244385813367,25.0,10.0,0.008838097754325347,10:1 통과,,1.0,"xy_step 1 < 2 µm → 2 µm 로 처리; 배율 calibrated 20 ppm, seam 0개; 선 단면 장비(면 측정은 래스터 가정, 면 래스터 140,000 분); mode line_profiler (csv)"
보수-500,M26,line_profiler,calibrated,길이40,치수,0.0,0.0,2.2861904265976327,2.2861904265976327,25.0,10.0,0.0914476170639053,10:1 통과,,1.0,"해석 계산; xy_step 1 < 2 µm → 2 µm 로 처리; 배율 calibrated 20 ppm, seam 0개; 선 단면 장비(면 측정은 래스터 가정, 면 래스터 140,000 분); mode line_profiler (csv)"
보수-500,M26,line_profiler,calibrated,경계,윤곽(참고),50.0,-0.022216128708641918,0.08826009322042491,0.11047622192906684,25.0,10.0,0.004419048877162673,10:1 통과,,1.0,"xy_step 1 < 2 µm → 2 µm 로 처리; 배율 calibrated 20 ppm, seam 0개; 선 단면 장비(면 측정은 래스터 가정, 면 래스터 140,000 분); mode line_profiler (csv)"
보수-500,M26,line_profiler,calibrated,위치,위치,223.60679774997897,0.026554194003291877,1.2194082534887605,1.2459624474920523,50.0,20.0,0.024919248949841048,10:1 통과,,1.0,"xy_step 1 < 2 µm → 2 µm 로 처리; 배율 calibrated 20 ppm, seam 0개; 선 단면 장비(면 측정은 래스터 가정, 면 래스터 140,000 분); mode line_profiler (csv)"
보수-500,M27,area,calibrated,국소높이,높이,0.0,0.6123293148211091,21.85116840963503,22.46349772445614,5.0,2.0,4.492699544891228,불합격,,1.0,"배율 calibrated 20 ppm, seam 0개; mode area (csv)"
보수-500,M27,area,calibrated,단차,높이(참고),-20.0,-0.04093109130859375,16.176041039986945,16.216972131295538,5.0,2.0,3.2433944262591075,불합격,,1.0,"배율 calibrated 20 ppm, seam 0개; mode area (csv)"
보수-500,M27,area,calibrated,국소선폭,윤곽,40.0,-4.128462958405367,20.583936444103912,24.71239940250928,10.0,4.0,2.471239940250928,불합격,,1.0,"배율 calibrated 20 ppm, seam 0개; mode area (csv)"
보수-500,M27,area,calibrated,선폭,윤곽(참고),40.0,-3.1024560034903756,13.106288474661342,16.20874447815172,10.0,4.0,1.6208744478151718,불합격,,1.0,"배율 calibrated 20 ppm, seam 0개; mode area (csv)"
보수-500,M27,area,calibrated,구멍지름,치수,-100.0,0.6051760869756254,2.3053772530536056,2.910553340029231,25.0,10.0,0.11642213360116925,10:1 통과,,1.0,"배율 calibrated 20 ppm, seam 0개; mode area (csv)"
보수-500,M27,area,calibrated,길이40,치수,0.0,0.0,32.69903158606791,32.69903158606791,25.0,10.0,1.3079612634427165,불합격,,1.0,"해석 계산; 배율 calibrated 20 ppm, seam 0개; mode area (csv)"
보수-500,M27,area,calibrated,경계,윤곽(참고),50.0,-0.3025880434878127,1.1526886265268028,1.4552766700146156,25.0,10.0,0.058211066800584625,10:1 통과,,1.0,"배율 calibrated 20 ppm, seam 0개; mode area (csv)"
보수-500,M27,area,calibrated,위치,위치,223.60679774997897,0.15575797670925834,2.3217525062561726,2.477510482965431,50.0,20.0,0.04955020965930862,10:1 통과,,1.0,"배율 calibrated 20 ppm, seam 0개; mode area (csv)"
보수-500,M28,raster_point,printer_axis,국소높이,높이,0.0,,,,5.0,2.0,,측정 불가,,0.0,"프린터 축 래스터: seam 0, 샘플 XY 잡음 5 µm(보수); 배율 printer_axis 500 ppm, seam 0개; mode raster_point (csv)"
보수-500,M28,raster_point,printer_axis,단차,높이(참고),-20.0,,,,5.0,2.0,,측정 불가,,0.0,"프린터 축 래스터: seam 0, 샘플 XY 잡음 5 µm(보수); 배율 printer_axis 500 ppm, seam 0개; mode raster_point (csv)"
보수-500,M28,raster_point,printer_axis,국소선폭,윤곽,40.0,583.1868524755951,1596.8340880597757,2180.0209405353708,10.0,4.0,218.00209405353706,불합격,,1.0,"프린터 축 래스터: seam 0, 샘플 XY 잡음 5 µm(보수); 배율 printer_axis 500 ppm, seam 0개; mode raster_point (csv)"
보수-500,M28,raster_point,printer_axis,선폭,윤곽(참고),40.0,1060.3085265282125,2020.3534428790967,3080.6619694073092,10.0,4.0,308.06619694073095,불합격,,0.88,"프린터 축 래스터: seam 0, 샘플 XY 잡음 5 µm(보수); 배율 printer_axis 500 ppm, seam 0개; mode raster_point (csv)"
보수-500,M28,raster_point,printer_axis,구멍지름,치수,-100.0,6006.142002561942,199.96889161497364,6206.110894176915,25.0,10.0,248.24443576707662,불합격,,1.0,"프린터 축 래스터: seam 0, 샘플 XY 잡음 5 µm(보수); 배율 printer_axis 500 ppm, seam 0개; mode raster_point (csv)"
보수-500,M28,raster_point,printer_axis,길이40,치수,0.0,0.0,410.20320167773764,410.20320167773764,25.0,10.0,16.408128067109505,불합격,,1.0,"해석 계산; 프린터 축 래스터: seam 0, 샘플 XY 잡음 5 µm(보수); 배율 printer_axis 500 ppm, seam 0개; mode raster_point (csv)"
보수-500,M28,raster_point,printer_axis,경계,윤곽(참고),50.0,-3003.071001280971,99.98444580748682,3103.0554470884576,25.0,10.0,124.12221788353831,불합격,,1.0,"프린터 축 래스터: seam 0, 샘플 XY 잡음 5 µm(보수); 배율 printer_axis 500 ppm, seam 0개; mode raster_point (csv)"
보수-500,M28,raster_point,printer_axis,위치,위치,223.60679774997897,14.684508663847842,71.39324397073545,86.07775263458329,50.0,20.0,1.7215550526916659,불합격,,1.0,"프린터 축 래스터: seam 0, 샘플 XY 잡음 5 µm(보수); 배율 printer_axis 500 ppm, seam 0개; mode raster_point (csv)"
보수-500,M29,raster_point,printer_axis,국소높이,높이,0.0,,,,5.0,2.0,,측정 불가,,0.0,"프린터 축 래스터: seam 0, 샘플 XY 잡음 5 µm(보수); 배율 printer_axis 500 ppm, seam 0개; mode raster_point (csv)"
보수-500,M29,raster_point,printer_axis,단차,높이(참고),-20.0,,,,5.0,2.0,,측정 불가,,0.0,"프린터 축 래스터: seam 0, 샘플 XY 잡음 5 µm(보수); 배율 printer_axis 500 ppm, seam 0개; mode raster_point (csv)"
보수-500,M29,raster_point,printer_axis,국소선폭,윤곽,40.0,1105.0229090323803,2508.740504595607,3613.7634136279876,10.0,4.0,361.37634136279877,불합격,,0.92,"프린터 축 래스터: seam 0, 샘플 XY 잡음 5 µm(보수); 배율 printer_axis 500 ppm, seam 0개; mode raster_point (csv)"
보수-500,M29,raster_point,printer_axis,선폭,윤곽(참고),40.0,,,,10.0,4.0,,측정 불가,,0.68,"프린터 축 래스터: seam 0, 샘플 XY 잡음 5 µm(보수); 배율 printer_axis 500 ppm, seam 0개; mode raster_point (csv)"
보수-500,M29,raster_point,printer_axis,구멍지름,치수,-100.0,7293.194581032094,287.72424362138037,7580.918824653474,25.0,10.0,303.236752986139,불합격,,1.0,"프린터 축 래스터: seam 0, 샘플 XY 잡음 5 µm(보수); 배율 printer_axis 500 ppm, seam 0개; mode raster_point (csv)"
보수-500,M29,raster_point,printer_axis,길이40,치수,0.0,0.0,817.4757896516977,817.4757896516977,25.0,10.0,32.69903158606791,불합격,,1.0,"해석 계산; 프린터 축 래스터: seam 0, 샘플 XY 잡음 5 µm(보수); 배율 printer_axis 500 ppm, seam 0개; mode raster_point (csv)"
보수-500,M29,raster_point,printer_axis,경계,윤곽(참고),50.0,-3646.597290516047,143.86212181069018,3790.459412326737,25.0,10.0,151.6183764930695,불합격,,1.0,"프린터 축 래스터: seam 0, 샘플 XY 잡음 5 µm(보수); 배율 printer_axis 500 ppm, seam 0개; mode raster_point (csv)"
보수-500,M29,raster_point,printer_axis,위치,위치,223.60679774997897,184.30456202748047,229.9469542880574,414.25151631553786,50.0,20.0,8.285030326310757,불합격,,1.0,"프린터 축 래스터: seam 0, 샘플 XY 잡음 5 µm(보수); 배율 printer_axis 500 ppm, seam 0개; mode raster_point (csv)"
보수-500,M30,raster_point,printer_axis,국소높이,높이,0.0,,,,5.0,2.0,,측정 불가,,0.0,"프린터 축 래스터: seam 0, 샘플 XY 잡음 5 µm(보수); 배율 printer_axis 500 ppm, seam 0개; mode raster_point (csv)"
보수-500,M30,raster_point,printer_axis,단차,높이(참고),-20.0,,,,5.0,2.0,,측정 불가,,0.0,"프린터 축 래스터: seam 0, 샘플 XY 잡음 5 µm(보수); 배율 printer_axis 500 ppm, seam 0개; mode raster_point (csv)"
보수-500,M30,raster_point,printer_axis,국소선폭,윤곽,40.0,574.4048015199647,1598.4302859715679,2172.8350874915327,10.0,4.0,217.28350874915327,불합격,,1.0,"프린터 축 래스터: seam 0, 샘플 XY 잡음 5 µm(보수); 배율 printer_axis 500 ppm, seam 0개; mode raster_point (csv)"
보수-500,M30,raster_point,printer_axis,선폭,윤곽(참고),40.0,746.7424506405874,1482.2084278240586,2228.950878464646,10.0,4.0,222.8950878464646,불합격,,0.84,"프린터 축 래스터: seam 0, 샘플 XY 잡음 5 µm(보수); 배율 printer_axis 500 ppm, seam 0개; mode raster_point (csv)"
보수-500,M30,raster_point,printer_axis,구멍지름,치수,-100.0,5995.688835079298,152.81842245829137,6148.507257537589,25.0,10.0,245.94029030150355,불합격,,1.0,"프린터 축 래스터: seam 0, 샘플 XY 잡음 5 µm(보수); 배율 printer_axis 500 ppm, seam 0개; mode raster_point (csv)"
보수-500,M30,raster_point,printer_axis,길이40,치수,0.0,0.0,410.20320167773764,410.20320167773764,25.0,10.0,16.408128067109505,불합격,,1.0,"해석 계산; 프린터 축 래스터: seam 0, 샘플 XY 잡음 5 µm(보수); 배율 printer_axis 500 ppm, seam 0개; mode raster_point (csv)"
보수-500,M30,raster_point,printer_axis,경계,윤곽(참고),50.0,-2997.844417539649,76.40921122914568,3074.2536287687944,25.0,10.0,122.97014515075178,불합격,,1.0,"프린터 축 래스터: seam 0, 샘플 XY 잡음 5 µm(보수); 배율 printer_axis 500 ppm, seam 0개; mode raster_point (csv)"
보수-500,M30,raster_point,printer_axis,위치,위치,223.60679774997897,4.070656375689078,76.45135101820094,80.52200739389002,50.0,20.0,1.6104401478778003,불합격,,1.0,"프린터 축 래스터: seam 0, 샘플 XY 잡음 5 µm(보수); 배율 printer_axis 500 ppm, seam 0개; mode raster_point (csv)"
보수-500,M31,point_probe,calibrated,국소높이,높이,0.0,,,,5.0,2.0,,측정 불가,,0.0,"해석 판정; 배율 calibrated 20 ppm, seam 0개; mode point_probe (csv)"
보수-500,M31,point_probe,calibrated,단차,높이(참고),-20.0,0.0,3.394112549695428,3.394112549695428,5.0,2.0,0.6788225099390857,4:1 통과,,1.0,"해석 판정; 배율 calibrated 20 ppm, seam 0개; mode point_probe (csv)"
보수-500,M31,point_probe,calibrated,국소선폭,윤곽,40.0,,,,10.0,4.0,,측정 불가,,0.0,"해석 판정; 배율 calibrated 20 ppm, seam 0개; mode point_probe (csv)"
보수-500,M31,point_probe,calibrated,선폭,윤곽(참고),40.0,,,,10.0,4.0,,측정 불가,,0.0,"해석 판정; 배율 calibrated 20 ppm, seam 0개; mode point_probe (csv)"
보수-500,M31,point_probe,calibrated,구멍지름,치수,-100.0,0.0,1.2106196760337244,1.2106196760337244,25.0,10.0,0.04842478704134898,10:1 통과,,1.0,"해석 판정; 배율 calibrated 20 ppm, seam 0개; mode point_probe (csv)"
보수-500,M31,point_probe,calibrated,길이40,치수,0.0,0.0,3.7523326078587433,3.7523326078587433,25.0,10.0,0.15009330431434972,10:1 통과,,1.0,"해석 판정; 배율 calibrated 20 ppm, seam 0개; mode point_probe (csv)"
보수-500,M31,point_probe,calibrated,경계,윤곽(참고),50.0,0.0,0.6053098380168622,0.6053098380168622,25.0,10.0,0.02421239352067449,10:1 통과,,1.0,"해석 판정; 배율 calibrated 20 ppm, seam 0개; mode point_probe (csv)"
보수-500,M31,point_probe,calibrated,위치,위치,223.60679774997897,0.0,1.2237646832622684,1.2237646832622684,50.0,20.0,0.024475293665245368,10:1 통과,,1.0,"해석 판정; 배율 calibrated 20 ppm, seam 0개; mode point_probe (csv)"
보수-500,M32,line_profiler,calibrated,국소높이,높이,0.0,,,,5.0,2.0,,측정 불가,,0.0,"국소높이 패치 높이 1000 µm > depth 360 µm; 단차 패치 높이 400 µm > depth 360 µm; 구멍지름 패치 높이 1000 µm > depth 360 µm; 위치 패치 높이 1000 µm > depth 360 µm; 배율 calibrated 20 ppm, seam 2개; 선 단면 장비(면 측정은 래스터 가정, 면 래스터 70,000 분); mode line_profiler (csv)"
보수-500,M32,line_profiler,calibrated,단차,높이(참고),-20.0,,,,5.0,2.0,,측정 불가,,0.0,"국소높이 패치 높이 1000 µm > depth 360 µm; 단차 패치 높이 400 µm > depth 360 µm; 구멍지름 패치 높이 1000 µm > depth 360 µm; 위치 패치 높이 1000 µm > depth 360 µm; 배율 calibrated 20 ppm, seam 2개; 선 단면 장비(면 측정은 래스터 가정, 면 래스터 70,000 분); mode line_profiler (csv)"
보수-500,M32,line_profiler,calibrated,국소선폭,윤곽,40.0,8.845525704117373,5.446965574646474,14.292491278763848,10.0,4.0,1.4292491278763848,불합격,,1.0,"국소높이 패치 높이 1000 µm > depth 360 µm; 단차 패치 높이 400 µm > depth 360 µm; 구멍지름 패치 높이 1000 µm > depth 360 µm; 위치 패치 높이 1000 µm > depth 360 µm; 배율 calibrated 20 ppm, seam 2개; 선 단면 장비(면 측정은 래스터 가정, 면 래스터 70,000 분); mode line_profiler (csv)"
보수-500,M32,line_profiler,calibrated,선폭,윤곽(참고),40.0,8.833906617015675,2.6266620870662143,11.46056870408189,10.0,4.0,1.146056870408189,불합격,경계,1.0,"국소높이 패치 높이 1000 µm > depth 360 µm; 단차 패치 높이 400 µm > depth 360 µm; 구멍지름 패치 높이 1000 µm > depth 360 µm; 위치 패치 높이 1000 µm > depth 360 µm; 배율 calibrated 20 ppm, seam 2개; 선 단면 장비(면 측정은 래스터 가정, 면 래스터 70,000 분); mode line_profiler (csv)"
보수-500,M32,line_profiler,calibrated,구멍지름,치수,-100.0,,,,25.0,10.0,,측정 불가,,0.0,"국소높이 패치 높이 1000 µm > depth 360 µm; 단차 패치 높이 400 µm > depth 360 µm; 구멍지름 패치 높이 1000 µm > depth 360 µm; 위치 패치 높이 1000 µm > depth 360 µm; 배율 calibrated 20 ppm, seam 2개; 선 단면 장비(면 측정은 래스터 가정, 면 래스터 70,000 분); mode line_profiler (csv)"
보수-500,M32,line_profiler,calibrated,길이40,치수,0.0,0.0,3.6368484525295615,3.6368484525295615,25.0,10.0,0.14547393810118245,10:1 통과,,1.0,"해석 계산; 국소높이 패치 높이 1000 µm > depth 360 µm; 단차 패치 높이 400 µm > depth 360 µm; 구멍지름 패치 높이 1000 µm > depth 360 µm; 위치 패치 높이 1000 µm > depth 360 µm; 배율 calibrated 20 ppm, seam 2개; 선 단면 장비(면 측정은 래스터 가정, 면 래스터 70,000 분); mode line_profiler (csv)"
보수-500,M32,line_profiler,calibrated,경계,윤곽(참고),50.0,,,,25.0,10.0,,측정 불가,,0.0,"국소높이 패치 높이 1000 µm > depth 360 µm; 단차 패치 높이 400 µm > depth 360 µm; 구멍지름 패치 높이 1000 µm > depth 360 µm; 위치 패치 높이 1000 µm > depth 360 µm; 배율 calibrated 20 ppm, seam 2개; 선 단면 장비(면 측정은 래스터 가정, 면 래스터 70,000 분); mode line_profiler (csv)"
보수-500,M32,line_profiler,calibrated,위치,위치,223.60679774997897,,,,50.0,20.0,,측정 불가,,0.0,"국소높이 패치 높이 1000 µm > depth 360 µm; 단차 패치 높이 400 µm > depth 360 µm; 구멍지름 패치 높이 1000 µm > depth 360 µm; 위치 패치 높이 1000 µm > depth 360 µm; 배율 calibrated 20 ppm, seam 2개; 선 단면 장비(면 측정은 래스터 가정, 면 래스터 70,000 분); mode line_profiler (csv)"
보수-500,M33,line_profiler,calibrated,국소높이,높이,0.0,-0.15131065397225602,2.8818643035899147,3.0331749575621707,5.0,2.0,0.6066349915124342,4:1 통과,,1.0,"배율 calibrated 20 ppm, seam 0개; 선 단면 장비(면 측정은 래스터 가정, 면 래스터 7,000 분); mode line_profiler (csv)"
보수-500,M33,line_profiler,calibrated,단차,높이(참고),-20.0,-0.0692523193359375,2.609146958377696,2.678399277713633,5.0,2.0,0.5356798555427267,4:1 통과,,1.0,"배율 calibrated 20 ppm, seam 0개; 선 단면 장비(면 측정은 래스터 가정, 면 래스터 7,000 분); mode line_profiler (csv)"
보수-500,M33,line_profiler,calibrated,국소선폭,윤곽,40.0,522.4255719756214,4404.194754853952,4926.620326829573,10.0,4.0,492.6620326829573,불합격,,0.98,"배율 calibrated 20 ppm, seam 0개; 선 단면 장비(면 측정은 래스터 가정, 면 래스터 7,000 분); mode line_profiler (csv)"
보수-500,M33,line_profiler,calibrated,선폭,윤곽(참고),40.0,,,,10.0,4.0,,측정 불가,,0.76,"배율 calibrated 20 ppm, seam 0개; 선 단면 장비(면 측정은 래스터 가정, 면 래스터 7,000 분); mode line_profiler (csv)"
보수-500,M33,line_profiler,calibrated,구멍지름,치수,-100.0,-1.5798591237091204,1.3018935395731244,2.8817526632822448,25.0,10.0,0.11527010653128979,10:1 통과,,1.0,"배율 calibrated 20 ppm, seam 0개; 선 단면 장비(면 측정은 래스터 가정, 면 래스터 7,000 분); mode line_profiler (csv)"
보수-500,M33,line_profiler,calibrated,길이40,치수,0.0,0.0,16.408128067109505,16.408128067109505,25.0,10.0,0.6563251226843803,4:1 통과,,1.0,"해석 계산; 배율 calibrated 20 ppm, seam 0개; 선 단면 장비(면 측정은 래스터 가정, 면 래스터 7,000 분); mode line_profiler (csv)"
보수-500,M33,line_profiler,calibrated,경계,윤곽(참고),50.0,0.7899295618545602,0.6509467697865622,1.4408763316411224,25.0,10.0,0.057635053265644894,10:1 통과,,1.0,"배율 calibrated 20 ppm, seam 0개; 선 단면 장비(면 측정은 래스터 가정, 면 래스터 7,000 분); mode line_profiler (csv)"
보수-500,M33,line_profiler,calibrated,위치,위치,223.60679774997897,0.10772239922365363,2.4269504463907143,2.534672845614368,50.0,20.0,0.050693456912287355,10:1 통과,,1.0,"배율 calibrated 20 ppm, seam 0개; 선 단면 장비(면 측정은 래스터 가정, 면 래스터 7,000 분); mode line_profiler (csv)"
보수-500,M34,2d,calibrated,국소높이,높이,0.0,,,,5.0,2.0,,측정 불가,,0.0,"배율 calibrated 20 ppm, seam 1개; mode 2d (csv)"
보수-500,M34,2d,calibrated,단차,높이(참고),-20.0,,,,5.0,2.0,,측정 불가,,0.0,"배율 calibrated 20 ppm, seam 1개; mode 2d (csv)"
보수-500,M34,2d,calibrated,국소선폭,윤곽,40.0,-0.40672296884621917,7.402737603432529,7.8094605722787485,10.0,4.0,0.7809460572278748,4:1 통과,,1.0,"배율 calibrated 20 ppm, seam 1개; mode 2d (csv)"
보수-500,M34,2d,calibrated,선폭,윤곽(참고),40.0,-0.40672296884621917,7.473738686440595,7.8804616552868145,10.0,4.0,0.7880461655286815,4:1 통과,,1.0,"배율 calibrated 20 ppm, seam 1개; mode 2d (csv)"
보수-500,M34,2d,calibrated,구멍지름,치수,-100.0,-0.0040484076298344,0.3191366564891378,0.3231850641189722,25.0,10.0,0.012927402564758888,10:1 통과,,1.0,"배율 calibrated 20 ppm, seam 1개; mode 2d (csv)"
보수-500,M34,2d,calibrated,길이40,치수,0.0,0.0,13.008715027498553,13.008715027498553,25.0,10.0,0.5203486010999421,4:1 통과,,1.0,"해석 계산; 배율 calibrated 20 ppm, seam 1개; mode 2d (csv)"
보수-500,M34,2d,calibrated,경계,윤곽(참고),50.0,0.0020242038149172,0.1595683282445689,0.1615925320594861,25.0,10.0,0.006463701282379444,10:1 통과,,1.0,"배율 calibrated 20 ppm, seam 1개; mode 2d (csv)"
보수-500,M34,2d,calibrated,위치,위치,223.60679774997897,0.03405433234208238,0.3134649972057295,0.3475193295478119,50.0,20.0,0.006950386590956238,10:1 통과,,1.0,"배율 calibrated 20 ppm, seam 1개; mode 2d (csv)"
보수-500,M35,2d,industrial,국소높이,높이,0.0,,,,5.0,2.0,,측정 불가,,0.0,"배율 industrial 100 ppm, seam 1개; mode 2d (csv)"
보수-500,M35,2d,industrial,단차,높이(참고),-20.0,,,,5.0,2.0,,측정 불가,,0.0,"배율 industrial 100 ppm, seam 1개; mode 2d (csv)"
보수-500,M35,2d,industrial,국소선폭,윤곽,40.0,-0.4032141516527622,7.411628696777667,7.8148428484304295,10.0,4.0,0.781484284843043,4:1 통과,,1.0,"배율 industrial 100 ppm, seam 1개; mode 2d (csv)"
보수-500,M35,2d,industrial,선폭,윤곽(참고),40.0,-0.4032141516527622,7.482715055975493,7.885929207628256,10.0,4.0,0.7885929207628256,4:1 통과,,1.0,"배율 industrial 100 ppm, seam 1개; mode 2d (csv)"
보수-500,M35,2d,industrial,구멍지름,치수,-100.0,-0.019702645218330872,0.7224960030542317,0.7421986482725625,25.0,10.0,0.0296879459309025,10:1 통과,,1.0,"배율 industrial 100 ppm, seam 1개; mode 2d (csv)"
보수-500,M35,2d,industrial,길이40,치수,0.0,0.0,15.187714333192691,15.187714333192691,25.0,10.0,0.6075085733277077,4:1 통과,,1.0,"해석 계산; 배율 industrial 100 ppm, seam 1개; mode 2d (csv)"
보수-500,M35,2d,industrial,경계,윤곽(참고),50.0,0.009851322609165436,0.36124800152711584,0.37109932413628127,25.0,10.0,0.01484397296545125,10:1 통과,,1.0,"배율 industrial 100 ppm, seam 1개; mode 2d (csv)"
보수-500,M35,2d,industrial,위치,위치,223.60679774997897,0.037362876347660945,0.32952333156660557,0.3668862079142665,50.0,20.0,0.0073377241582853305,10:1 통과,,1.0,"배율 industrial 100 ppm, seam 1개; mode 2d (csv)"
보수-500,M36,area,calibrated,국소높이,높이,0.0,,,,5.0,2.0,,측정 불가,,0.0,"xy_step 0.18 < 2 µm → 2 µm 로 처리; 국소높이 패치 높이 1000 µm > depth 10 µm; 단차 패치 높이 400 µm > depth 10 µm; 선폭 패치 높이 200 µm > depth 10 µm; 구멍지름 패치 높이 1000 µm > depth 10 µm; 위치 패치 높이 1000 µm > depth 10 µm; 배율 calibrated 20 ppm, seam 444개; mode area (csv)"
보수-500,M36,area,calibrated,단차,높이(참고),-20.0,,,,5.0,2.0,,측정 불가,,0.0,"xy_step 0.18 < 2 µm → 2 µm 로 처리; 국소높이 패치 높이 1000 µm > depth 10 µm; 단차 패치 높이 400 µm > depth 10 µm; 선폭 패치 높이 200 µm > depth 10 µm; 구멍지름 패치 높이 1000 µm > depth 10 µm; 위치 패치 높이 1000 µm > depth 10 µm; 배율 calibrated 20 ppm, seam 444개; mode area (csv)"
보수-500,M36,area,calibrated,국소선폭,윤곽,40.0,,,,10.0,4.0,,측정 불가,,0.0,"xy_step 0.18 < 2 µm → 2 µm 로 처리; 국소높이 패치 높이 1000 µm > depth 10 µm; 단차 패치 높이 400 µm > depth 10 µm; 선폭 패치 높이 200 µm > depth 10 µm; 구멍지름 패치 높이 1000 µm > depth 10 µm; 위치 패치 높이 1000 µm > depth 10 µm; 배율 calibrated 20 ppm, seam 444개; mode area (csv)"
보수-500,M36,area,calibrated,선폭,윤곽(참고),40.0,,,,10.0,4.0,,측정 불가,,0.0,"xy_step 0.18 < 2 µm → 2 µm 로 처리; 국소높이 패치 높이 1000 µm > depth 10 µm; 단차 패치 높이 400 µm > depth 10 µm; 선폭 패치 높이 200 µm > depth 10 µm; 구멍지름 패치 높이 1000 µm > depth 10 µm; 위치 패치 높이 1000 µm > depth 10 µm; 배율 calibrated 20 ppm, seam 444개; mode area (csv)"
보수-500,M36,area,calibrated,구멍지름,치수,-100.0,,,,25.0,10.0,,측정 불가,,0.0,"xy_step 0.18 < 2 µm → 2 µm 로 처리; 국소높이 패치 높이 1000 µm > depth 10 µm; 단차 패치 높이 400 µm > depth 10 µm; 선폭 패치 높이 200 µm > depth 10 µm; 구멍지름 패치 높이 1000 µm > depth 10 µm; 위치 패치 높이 1000 µm > depth 10 µm; 배율 calibrated 20 ppm, seam 444개; mode area (csv)"
보수-500,M36,area,calibrated,길이40,치수,0.0,0.0,42.20458110995377,42.20458110995377,25.0,10.0,1.6881832443981508,불합격,,1.0,"해석 계산; xy_step 0.18 < 2 µm → 2 µm 로 처리; 국소높이 패치 높이 1000 µm > depth 10 µm; 단차 패치 높이 400 µm > depth 10 µm; 선폭 패치 높이 200 µm > depth 10 µm; 구멍지름 패치 높이 1000 µm > depth 10 µm; 위치 패치 높이 1000 µm > depth 10 µm; 배율 calibrated 20 ppm, seam 444개; mode area (csv)"
보수-500,M36,area,calibrated,경계,윤곽(참고),50.0,,,,25.0,10.0,,측정 불가,,0.0,"xy_step 0.18 < 2 µm → 2 µm 로 처리; 국소높이 패치 높이 1000 µm > depth 10 µm; 단차 패치 높이 400 µm > depth 10 µm; 선폭 패치 높이 200 µm > depth 10 µm; 구멍지름 패치 높이 1000 µm > depth 10 µm; 위치 패치 높이 1000 µm > depth 10 µm; 배율 calibrated 20 ppm, seam 444개; mode area (csv)"
보수-500,M36,area,calibrated,위치,위치,223.60679774997897,,,,50.0,20.0,,측정 불가,,0.0,"xy_step 0.18 < 2 µm → 2 µm 로 처리; 국소높이 패치 높이 1000 µm > depth 10 µm; 단차 패치 높이 400 µm > depth 10 µm; 선폭 패치 높이 200 µm > depth 10 µm; 구멍지름 패치 높이 1000 µm > depth 10 µm; 위치 패치 높이 1000 µm > depth 10 µm; 배율 calibrated 20 ppm, seam 444개; mode area (csv)"
보수-500,M37,2d,calibrated,국소높이,높이,0.0,,,,5.0,2.0,,측정 불가,,0.0,"배율 calibrated 20 ppm, seam 6개; mode 2d (csv)"
보수-500,M37,2d,calibrated,단차,높이(참고),-20.0,,,,5.0,2.0,,측정 불가,,0.0,"배율 calibrated 20 ppm, seam 6개; mode 2d (csv)"
보수-500,M37,2d,calibrated,국소선폭,윤곽,40.0,0.11541368538916799,2.544369386249143,2.659783071638311,10.0,4.0,0.2659783071638311,10:1 통과,,1.0,"배율 calibrated 20 ppm, seam 6개; mode 2d (csv)"
보수-500,M37,2d,calibrated,선폭,윤곽(참고),40.0,0.11541368538916799,2.5687729233828227,2.6841866087719906,10.0,4.0,0.26841866087719907,10:1 통과,,1.0,"배율 calibrated 20 ppm, seam 6개; mode 2d (csv)"
보수-500,M37,2d,calibrated,구멍지름,치수,-100.0,0.015613157798543397,0.16177554737515593,0.1773887051736993,25.0,10.0,0.007095548206947973,10:1 통과,,1.0,"배율 calibrated 20 ppm, seam 6개; mode 2d (csv)"
보수-500,M37,2d,calibrated,길이40,치수,0.0,0.0,7.909487973314076,7.909487973314076,25.0,10.0,0.31637951893256305,10:1 통과,,1.0,"해석 계산; 배율 calibrated 20 ppm, seam 6개; mode 2d (csv)"
보수-500,M37,2d,calibrated,경계,윤곽(참고),50.0,-0.0078065788992716986,0.08088777368757796,0.08869435258684966,25.0,10.0,0.0035477741034739864,10:1 통과,,1.0,"배율 calibrated 20 ppm, seam 6개; mode 2d (csv)"
보수-500,M37,2d,calibrated,위치,위치,223.60679774997897,0.0055820576728799936,0.043085894532569974,0.04866795220544997,50.0,20.0,0.0009733590441089994,10:1 통과,,1.0,"배율 calibrated 20 ppm, seam 6개; mode 2d (csv)"
보수-500,M38,area,industrial,국소높이,높이,0.0,-0.08116169174135597,4.315628929248921,4.396790620990276,5.0,2.0,0.8793581241980553,4:1 통과,,1.0,"배율 industrial 100 ppm, seam 5개; mode area (csv)"
보수-500,M38,area,industrial,단차,높이(참고),-20.0,-0.3451654052734375,2.5732419153876713,2.918407320661109,5.0,2.0,0.5836814641322218,4:1 통과,,1.0,"배율 industrial 100 ppm, seam 5개; mode area (csv)"
보수-500,M38,area,industrial,국소선폭,윤곽,40.0,-5.189608361673336,2.53397259653569,7.723580958209027,10.0,4.0,0.7723580958209026,4:1 통과,,1.0,"배율 industrial 100 ppm, seam 5개; mode area (csv)"
보수-500,M38,area,industrial,선폭,윤곽(참고),40.0,-5.206648163474631,1.0586023006908885,6.265250464165519,10.0,4.0,0.6265250464165519,4:1 통과,,1.0,"배율 industrial 100 ppm, seam 5개; mode area (csv)"
보수-500,M38,area,industrial,구멍지름,치수,-100.0,-0.04249370911848928,1.0863490117265442,1.1288427208450336,25.0,10.0,0.04515370883380134,10:1 통과,,1.0,"배율 industrial 100 ppm, seam 5개; mode area (csv)"
보수-500,M38,area,industrial,길이40,치수,0.0,0.0,9.970790674097348,9.970790674097348,25.0,10.0,0.3988316269638939,10:1 통과,,1.0,"해석 계산; 배율 industrial 100 ppm, seam 5개; mode area (csv)"
보수-500,M38,area,industrial,경계,윤곽(참고),50.0,0.02124685455924464,0.5431745058632721,0.5644213604225168,25.0,10.0,0.02257685441690067,10:1 통과,,1.0,"배율 industrial 100 ppm, seam 5개; mode area (csv)"
보수-500,M38,area,industrial,위치,위치,223.60679774997897,0.018661920370171295,0.28976974045141063,0.3084316608215819,50.0,20.0,0.006168633216431638,10:1 통과,,1.0,"배율 industrial 100 ppm, seam 5개; mode area (csv)"
보수-500,M39,area,industrial,국소높이,높이,0.0,-0.05312349371863346,5.52413881328795,5.577262307006583,5.0,2.0,1.1154524614013166,불합격,경계,1.0,"배율 industrial 100 ppm, seam 6개; mode area (csv)"
보수-500,M39,area,industrial,단차,높이(참고),-20.0,0.251766357421875,4.247340913651342,4.499107271073217,5.0,2.0,0.8998214542146433,4:1 통과,,1.0,"배율 industrial 100 ppm, seam 6개; mode area (csv)"
보수-500,M39,area,industrial,국소선폭,윤곽,40.0,-3.008837224865568,4.027902668782086,7.036739893647654,10.0,4.0,0.7036739893647654,4:1 통과,,1.0,"배율 industrial 100 ppm, seam 6개; mode area (csv)"
보수-500,M39,area,industrial,선폭,윤곽(참고),40.0,-3.012361510730884,3.0267150066874633,6.039076517418348,10.0,4.0,0.6039076517418348,4:1 통과,,1.0,"배율 industrial 100 ppm, seam 6개; mode area (csv)"
보수-500,M39,area,industrial,구멍지름,치수,-100.0,-0.11376602676213224,0.6103751425208045,0.7241411692829367,25.0,10.0,0.02896564677131747,10:1 통과,,1.0,"배율 industrial 100 ppm, seam 6개; mode area (csv)"
보수-500,M39,area,industrial,길이40,치수,0.0,0.0,27.03084657695106,27.03084657695106,25.0,10.0,1.0812338630780425,불합격,경계,1.0,"해석 계산; 배율 industrial 100 ppm, seam 6개; mode area (csv)"
보수-500,M39,area,industrial,경계,윤곽(참고),50.0,0.05688301338106612,0.30518757126040225,0.36207058464146835,25.0,10.0,0.014482823385658735,10:1 통과,,1.0,"배율 industrial 100 ppm, seam 6개; mode area (csv)"
보수-500,M39,area,industrial,위치,위치,223.60679774997897,0.40307177119293275,2.894725778004408,3.2977975491973406,50.0,20.0,0.06595595098394681,10:1 통과,,1.0,"배율 industrial 100 ppm, seam 6개; mode area (csv)"
보수-500,M40,area,industrial,국소높이,높이,0.0,-0.11328374652133409,4.604301204994763,4.717584951516097,5.0,2.0,0.9435169903032193,4:1 통과,,1.0,"배율 industrial 100 ppm, seam 3개; mode area (csv)"
보수-500,M40,area,industrial,단차,높이(참고),-20.0,0.17783905029296876,3.2974392598207913,3.47527831011376,5.0,2.0,0.6950556620227519,4:1 통과,,1.0,"배율 industrial 100 ppm, seam 3개; mode area (csv)"
보수-500,M40,area,industrial,국소선폭,윤곽,40.0,-3.209599083744511,2.560677755128913,5.770276838873424,10.0,4.0,0.5770276838873424,4:1 통과,,1.0,"배율 industrial 100 ppm, seam 3개; mode area (csv)"
보수-500,M40,area,industrial,선폭,윤곽(참고),40.0,-3.216366625685944,1.1508364937342117,4.3672031194201555,10.0,4.0,0.43672031194201555,4:1 통과,,1.0,"배율 industrial 100 ppm, seam 3개; mode area (csv)"
보수-500,M40,area,industrial,구멍지름,치수,-100.0,-0.10890271343134372,0.8201308108588553,0.929033524290199,25.0,10.0,0.03716134097160796,10:1 통과,,1.0,"배율 industrial 100 ppm, seam 3개; mode area (csv)"
보수-500,M40,area,industrial,길이40,치수,0.0,0.0,17.281975195754296,17.281975195754296,25.0,10.0,0.6912790078301718,4:1 통과,,1.0,"해석 계산; 배율 industrial 100 ppm, seam 3개; mode area (csv)"
보수-500,M40,area,industrial,경계,윤곽(참고),50.0,0.05445135671567186,0.41006540542942765,0.4645167621450995,25.0,10.0,0.01858067048580398,10:1 통과,,1.0,"배율 industrial 100 ppm, seam 3개; mode area (csv)"
보수-500,M40,area,industrial,위치,위치,223.60679774997897,0.3450890336124132,2.4293521045509205,2.7744411381633336,50.0,20.0,0.05548882276326667,10:1 통과,,1.0,"배율 industrial 100 ppm, seam 3개; mode area (csv)"
보수-500,M41,area,industrial,국소높이,높이,0.0,-0.05320168253151005,6.629548294659085,6.682749977190595,5.0,2.0,1.336549995438119,불합격,,1.0,"배율 industrial 100 ppm, seam 1개; mode area (csv)"
보수-500,M41,area,industrial,단차,높이(참고),-20.0,1.0635794067382813,6.130319339031281,7.1938987457695625,5.0,2.0,1.4387797491539125,불합격,,1.0,"배율 industrial 100 ppm, seam 1개; mode area (csv)"
보수-500,M41,area,industrial,국소선폭,윤곽,40.0,-6.28199101485254,4.256096301179279,10.53808731603182,10.0,4.0,1.0538087316031821,불합격,경계,1.0,"배율 industrial 100 ppm, seam 1개; mode area (csv)"
보수-500,M41,area,industrial,선폭,윤곽(참고),40.0,-6.283884219981647,1.7857900178748602,8.069674237856507,10.0,4.0,0.8069674237856507,4:1 통과,,1.0,"배율 industrial 100 ppm, seam 1개; mode area (csv)"
보수-500,M41,area,industrial,구멍지름,치수,-100.0,-0.12131371624168423,0.8628307360561869,0.9841444522978711,25.0,10.0,0.03936577809191484,10:1 통과,,1.0,"배율 industrial 100 ppm, seam 1개; mode area (csv)"
보수-500,M41,area,industrial,길이40,치수,0.0,0.0,18.59211302317912,18.59211302317912,25.0,10.0,0.7436845209271649,4:1 통과,,1.0,"해석 계산; 배율 industrial 100 ppm, seam 1개; mode area (csv)"
보수-500,M41,area,industrial,경계,윤곽(참고),50.0,0.060656858120842115,0.43141536802809344,0.49207222614893553,25.0,10.0,0.01968288904595742,10:1 통과,,1.0,"배율 industrial 100 ppm, seam 1개; mode area (csv)"
보수-500,M41,area,industrial,위치,위치,223.60679774997897,0.32946180065686154,2.7564434057891574,3.085905206446019,50.0,20.0,0.06171810412892038,10:1 통과,,1.0,"배율 industrial 100 ppm, seam 1개; mode area (csv)"
보수-500,M42,area,industrial,국소높이,높이,0.0,0.027906043170395196,8.675960725372752,8.703866768543147,5.0,2.0,1.7407733537086294,불합격,,1.0,"배율 industrial 100 ppm, seam 1개; mode area (csv)"
보수-500,M42,area,industrial,단차,높이(참고),-20.0,0.115592041015625,6.730301280376643,6.845893321392268,5.0,2.0,1.3691786642784536,불합격,,1.0,"배율 industrial 100 ppm, seam 1개; mode area (csv)"
보수-500,M42,area,industrial,국소선폭,윤곽,40.0,-5.459243310520145,9.099978135186914,14.55922144570706,10.0,4.0,1.455922144570706,불합격,,1.0,"배율 industrial 100 ppm, seam 1개; mode area (csv)"
보수-500,M42,area,industrial,선폭,윤곽(참고),40.0,-5.471955518407756,7.4806776566233175,12.952633175031075,10.0,4.0,1.2952633175031074,불합격,경계,1.0,"배율 industrial 100 ppm, seam 1개; mode area (csv)"
보수-500,M42,area,industrial,구멍지름,치수,-100.0,0.3500176971489873,1.0650749656137475,1.4150926627627347,25.0,10.0,0.05660370651050939,10:1 통과,,1.0,"배율 industrial 100 ppm, seam 1개; mode area (csv)"
보수-500,M42,area,industrial,길이40,치수,0.0,0.0,30.75169372029233,30.75169372029233,25.0,10.0,1.2300677488116931,불합격,경계,1.0,"해석 계산; 배율 industrial 100 ppm, seam 1개; mode area (csv)"
보수-500,M42,area,industrial,경계,윤곽(참고),50.0,-0.17500884857449364,0.5325374828068737,0.7075463313813674,25.0,10.0,0.028301853255254694,10:1 통과,,1.0,"배율 industrial 100 ppm, seam 1개; mode area (csv)"
보수-500,M42,area,industrial,위치,위치,223.60679774997897,0.07999169414319834,0.7498917012014514,0.8298833953446498,50.0,20.0,0.016597667906892998,10:1 통과,,1.0,"배율 industrial 100 ppm, seam 1개; mode area (csv)"
보수-500,M43,area,industrial,국소높이,높이,0.0,-0.7170099926618588,13.164830127511115,13.881840120172974,5.0,2.0,2.776368024034595,불합격,,1.0,"배율 industrial 100 ppm, seam 1개; mode area (csv)"
보수-500,M43,area,industrial,단차,높이(참고),-20.0,-0.5515777587890625,7.667281285662236,8.218859044451298,5.0,2.0,1.6437718088902595,불합격,,1.0,"배율 industrial 100 ppm, seam 1개; mode area (csv)"
보수-500,M43,area,industrial,국소선폭,윤곽,40.0,-7.358891980922615,9.37029160970126,16.729183590623876,10.0,4.0,1.6729183590623875,불합격,,1.0,"배율 industrial 100 ppm, seam 1개; mode area (csv)"
보수-500,M43,area,industrial,선폭,윤곽(참고),40.0,-7.3859628687587495,6.620246907655055,14.006209776413804,10.0,4.0,1.4006209776413805,불합격,,1.0,"배율 industrial 100 ppm, seam 1개; mode area (csv)"
보수-500,M43,area,industrial,구멍지름,치수,-100.0,-0.13790901118240073,0.9329424410034388,1.0708514521858397,25.0,10.0,0.04283405808743359,10:1 통과,,1.0,"배율 industrial 100 ppm, seam 1개; mode area (csv)"
보수-500,M43,area,industrial,길이40,치수,0.0,0.0,23.35950912726264,23.35950912726264,25.0,10.0,0.9343803650905056,4:1 통과,,1.0,"해석 계산; 배율 industrial 100 ppm, seam 1개; mode area (csv)"
보수-500,M43,area,industrial,경계,윤곽(참고),50.0,0.06895450559120037,0.4664712205017194,0.5354257260929198,25.0,10.0,0.021417029043716795,10:1 통과,,1.0,"배율 industrial 100 ppm, seam 1개; mode area (csv)"
보수-500,M43,area,industrial,위치,위치,223.60679774997897,0.2888739961238838,3.3527083766498924,3.6415823727737764,50.0,20.0,0.07283164745547553,10:1 통과,,1.0,"배율 industrial 100 ppm, seam 1개; mode area (csv)"
보수-500,M44,area,industrial,국소높이,높이,0.0,-0.15775415983896637,10.019852980458177,10.177607140297143,5.0,2.0,2.0355214280594285,불합격,,1.0,"배율 industrial 100 ppm, seam 1개; mode area (csv)"
보수-500,M44,area,industrial,단차,높이(참고),-20.0,-0.7277066040039063,7.645787392234059,8.373493996237965,5.0,2.0,1.674698799247593,불합격,,1.0,"배율 industrial 100 ppm, seam 1개; mode area (csv)"
보수-500,M44,area,industrial,국소선폭,윤곽,40.0,-5.656340311421904,7.611497909174577,13.26783822059648,10.0,4.0,1.3267838220596482,불합격,,1.0,"배율 industrial 100 ppm, seam 1개; mode area (csv)"
보수-500,M44,area,industrial,선폭,윤곽(참고),40.0,-5.681034167667743,5.387236946565411,11.068271114233154,10.0,4.0,1.1068271114233155,불합격,경계,1.0,"배율 industrial 100 ppm, seam 1개; mode area (csv)"
보수-500,M44,area,industrial,구멍지름,치수,-100.0,0.13277642960563754,1.0519180219697064,1.184694451575344,25.0,10.0,0.04738777806301376,10:1 통과,,1.0,"배율 industrial 100 ppm, seam 1개; mode area (csv)"
보수-500,M44,area,industrial,길이40,치수,0.0,0.0,20.476002213973963,20.476002213973963,25.0,10.0,0.8190400885589585,4:1 통과,,1.0,"해석 계산; 배율 industrial 100 ppm, seam 1개; mode area (csv)"
보수-500,M44,area,industrial,경계,윤곽(참고),50.0,-0.06638821480281877,0.5259590109848532,0.592347225787672,25.0,10.0,0.02369388903150688,10:1 통과,,1.0,"배율 industrial 100 ppm, seam 1개; mode area (csv)"
보수-500,M44,area,industrial,위치,위치,223.60679774997897,0.11779545653844364,3.360574372913845,3.4783698294522885,50.0,20.0,0.06956739658904577,10:1 통과,,1.0,"배율 industrial 100 ppm, seam 1개; mode area (csv)"
보수-500,M45,area,industrial,국소높이,높이,0.0,0.5599395221237917,7.842112148636913,8.402051670760704,5.0,2.0,1.6804103341521408,불합격,,1.0,"배율 industrial 100 ppm, seam 1개; mode area (csv)"
보수-500,M45,area,industrial,단차,높이(참고),-20.0,0.573861083984375,5.461631209367461,6.035492293351836,5.0,2.0,1.2070984586703672,불합격,경계,1.0,"배율 industrial 100 ppm, seam 1개; mode area (csv)"
보수-500,M45,area,industrial,국소선폭,윤곽,40.0,-6.482754422201869,4.881411392339818,11.364165814541687,10.0,4.0,1.1364165814541687,불합격,경계,1.0,"배율 industrial 100 ppm, seam 1개; mode area (csv)"
보수-500,M45,area,industrial,선폭,윤곽(참고),40.0,-6.492724546925607,3.2915868138285966,9.784311360754204,10.0,4.0,0.9784311360754204,4:1 통과,,1.0,"배율 industrial 100 ppm, seam 1개; mode area (csv)"
보수-500,M45,area,industrial,구멍지름,치수,-100.0,0.033109455838466605,0.9170410108921008,0.9501504667305674,25.0,10.0,0.038006018669222694,10:1 통과,,1.0,"배율 industrial 100 ppm, seam 1개; mode area (csv)"
보수-500,M45,area,industrial,길이40,치수,0.0,0.0,18.825514601200148,18.825514601200148,25.0,10.0,0.7530205840480059,4:1 통과,,1.0,"해석 계산; 배율 industrial 100 ppm, seam 1개; mode area (csv)"
보수-500,M45,area,industrial,경계,윤곽(참고),50.0,-0.016554727919233302,0.4585205054460504,0.4750752333652837,25.0,10.0,0.019003009334611347,10:1 통과,,1.0,"배율 industrial 100 ppm, seam 1개; mode area (csv)"
보수-500,M45,area,industrial,위치,위치,223.60679774997897,0.48654123616401307,3.0367333010101847,3.523274537174198,50.0,20.0,0.07046549074348396,10:1 통과,,1.0,"배율 industrial 100 ppm, seam 1개; mode area (csv)"
보수-500,M46,area,industrial,국소높이,높이,0.0,-0.4367893751731519,5.6638706876916345,6.100660062864787,5.0,2.0,1.2201320125729573,불합격,경계,1.0,"배율 industrial 100 ppm, seam 1개; mode area (csv)"
보수-500,M46,area,industrial,단차,높이(참고),-20.0,0.1109637451171875,4.047276652493903,4.15824039761109,5.0,2.0,0.831648079522218,4:1 통과,,1.0,"배율 industrial 100 ppm, seam 1개; mode area (csv)"
보수-500,M46,area,industrial,국소선폭,윤곽,40.0,-6.322091161246178,5.182748640215565,11.504839801461742,10.0,4.0,1.1504839801461741,불합격,경계,1.0,"배율 industrial 100 ppm, seam 1개; mode area (csv)"
보수-500,M46,area,industrial,선폭,윤곽(참고),40.0,-6.308732931120327,4.192249639323014,10.500982570443341,10.0,4.0,1.050098257044334,불합격,경계,1.0,"배율 industrial 100 ppm, seam 1개; mode area (csv)"
보수-500,M46,area,industrial,구멍지름,치수,-100.0,-0.20828595063510874,0.7698938468979293,0.978179797533038,25.0,10.0,0.039127191901321516,10:1 통과,,1.0,"배율 industrial 100 ppm, seam 1개; mode area (csv)"
보수-500,M46,area,industrial,길이40,치수,0.0,0.0,16.864657324317818,16.864657324317818,25.0,10.0,0.6745862929727128,4:1 통과,,1.0,"해석 계산; 배율 industrial 100 ppm, seam 1개; mode area (csv)"
보수-500,M46,area,industrial,경계,윤곽(참고),50.0,0.10414297531755437,0.38494692344896464,0.489089898766519,25.0,10.0,0.019563595950660758,10:1 통과,,1.0,"배율 industrial 100 ppm, seam 1개; mode area (csv)"
보수-500,M46,area,industrial,위치,위치,223.60679774997897,0.16354484747013584,1.9217795017538752,2.085324349224011,50.0,20.0,0.04170648698448022,10:1 통과,,1.0,"배율 industrial 100 ppm, seam 1개; mode area (csv)"
보수-500,M47,area,industrial,국소높이,높이,0.0,0.5821615213012252,9.94805022403956,10.530211745340786,5.0,2.0,2.106042349068157,불합격,,1.0,"배율 industrial 100 ppm, seam 1개; mode area (csv)"
보수-500,M47,area,industrial,단차,높이(참고),-20.0,-0.07010772705078125,6.897899398130166,6.9680071251809474,5.0,2.0,1.3936014250361894,불합격,,1.0,"배율 industrial 100 ppm, seam 1개; mode area (csv)"
보수-500,M47,area,industrial,국소선폭,윤곽,40.0,-5.8795722708191995,7.223508873845627,13.103081144664827,10.0,4.0,1.3103081144664828,불합격,,1.0,"배율 industrial 100 ppm, seam 1개; mode area (csv)"
보수-500,M47,area,industrial,선폭,윤곽(참고),40.0,-5.8876192739231525,4.444568004655079,10.332187278578232,10.0,4.0,1.033218727857823,불합격,경계,1.0,"배율 industrial 100 ppm, seam 1개; mode area (csv)"
보수-500,M47,area,industrial,구멍지름,치수,-100.0,0.02301348314893403,0.7310369676849164,0.7540504508338505,25.0,10.0,0.03016201803335402,10:1 통과,,1.0,"배율 industrial 100 ppm, seam 1개; mode area (csv)"
보수-500,M47,area,industrial,길이40,치수,0.0,0.0,22.150996967781534,22.150996967781534,25.0,10.0,0.8860398787112613,4:1 통과,,1.0,"해석 계산; 배율 industrial 100 ppm, seam 1개; mode area (csv)"
보수-500,M47,area,industrial,경계,윤곽(참고),50.0,-0.011506741574467015,0.3655184838424582,0.37702522541692524,25.0,10.0,0.01508100901667701,10:1 통과,,1.0,"배율 industrial 100 ppm, seam 1개; mode area (csv)"
보수-500,M47,area,industrial,위치,위치,223.60679774997897,0.1955602416065357,4.318825881779866,4.514386123386402,50.0,20.0,0.09028772246772805,10:1 통과,,1.0,"배율 industrial 100 ppm, seam 1개; mode area (csv)"
보수-500,M48,area,industrial,국소높이,높이,0.0,-0.17031647793920193,5.805246119410211,5.975562597349413,5.0,2.0,1.1951125194698826,불합격,경계,1.0,"배율 industrial 100 ppm, seam 3개; mode area (csv)"
보수-500,M48,area,industrial,단차,높이(참고),-20.0,-0.083580322265625,4.065625594032063,4.149205916297689,5.0,2.0,0.8298411832595377,4:1 통과,,1.0,"배율 industrial 100 ppm, seam 3개; mode area (csv)"
보수-500,M48,area,industrial,국소선폭,윤곽,40.0,9.942812817092868,5.809589021292906,15.752401838385774,10.0,4.0,1.5752401838385774,불합격,,1.0,"배율 industrial 100 ppm, seam 3개; mode area (csv)"
보수-500,M48,area,industrial,선폭,윤곽(참고),40.0,9.951026864728986,3.6888526007646836,13.639879465493669,10.0,4.0,1.363987946549367,불합격,,1.0,"배율 industrial 100 ppm, seam 3개; mode area (csv)"
보수-500,M48,area,industrial,구멍지름,치수,-100.0,-0.07118795116050024,0.8613503817665251,0.9325383329270254,25.0,10.0,0.03730153331708101,10:1 통과,,1.0,"배율 industrial 100 ppm, seam 3개; mode area (csv)"
보수-500,M48,area,industrial,길이40,치수,0.0,0.0,14.0,14.0,25.0,10.0,0.56,4:1 통과,,1.0,"해석 계산; 배율 industrial 100 ppm, seam 3개; mode area (csv)"
보수-500,M48,area,industrial,경계,윤곽(참고),50.0,0.03559397558025012,0.43067519088326256,0.4662691664635127,25.0,10.0,0.018650766658540506,10:1 통과,,1.0,"배율 industrial 100 ppm, seam 3개; mode area (csv)"
보수-500,M48,area,industrial,위치,위치,223.60679774997897,0.3623654271276067,1.792338217277573,2.15470364440518,50.0,20.0,0.0430940728881036,10:1 통과,,1.0,"배율 industrial 100 ppm, seam 3개; mode area (csv)"
보수-500,M49,area,diy,국소높이,높이,0.0,-0.7112251286915299,11.451152998828473,12.162378127520002,5.0,2.0,2.4324756255040003,불합격,,1.0,"배율 diy 500 ppm, seam 1개; mode area (csv)"
보수-500,M49,area,diy,단차,높이(참고),-20.0,1.6275387573242188,7.252371050755288,8.879909808079507,5.0,2.0,1.7759819616159014,불합격,,1.0,"배율 diy 500 ppm, seam 1개; mode area (csv)"
보수-500,M49,area,diy,국소선폭,윤곽,40.0,-4.947952903633005,8.392988334675234,13.34094123830824,10.0,4.0,1.334094123830824,불합격,,1.0,"배율 diy 500 ppm, seam 1개; mode area (csv)"
보수-500,M49,area,diy,선폭,윤곽(참고),40.0,-4.984874493677803,4.213631485044632,9.198505978722435,10.0,4.0,0.9198505978722435,4:1 통과,,1.0,"배율 diy 500 ppm, seam 1개; mode area (csv)"
보수-500,M49,area,diy,구멍지름,치수,-100.0,0.042878602694281655,3.3340599569537295,3.376938559648011,25.0,10.0,0.13507754238592043,10:1 통과,,1.0,"배율 diy 500 ppm, seam 1개; mode area (csv)"
보수-500,M49,area,diy,길이40,치수,0.0,0.0,42.03173404306164,42.03173404306164,25.0,10.0,1.6812693617224657,불합격,,1.0,"해석 계산; 배율 diy 500 ppm, seam 1개; mode area (csv)"
보수-500,M49,area,diy,경계,윤곽(참고),50.0,-0.021439301347140827,1.6670299784768647,1.6884692798240055,25.0,10.0,0.06753877119296021,10:1 통과,,1.0,"배율 diy 500 ppm, seam 1개; mode area (csv)"
보수-500,M49,area,diy,위치,위치,223.60679774997897,0.1653174499143537,2.986869737923157,3.1521871878375105,50.0,20.0,0.0630437437567502,10:1 통과,,1.0,"배율 diy 500 ppm, seam 1개; mode area (csv)"
보수-500,M50,area,diy,국소높이,높이,0.0,0.17469148908050036,12.850167524696872,13.024859013777371,5.0,2.0,2.6049718027554745,불합격,,1.0,"배율 diy 500 ppm, seam 1개; mode area (csv)"
보수-500,M50,area,diy,단차,높이(참고),-20.0,0.794979248046875,11.265399115644337,12.060378363691212,5.0,2.0,2.4120756727382426,불합격,,1.0,"배율 diy 500 ppm, seam 1개; mode area (csv)"
보수-500,M50,area,diy,국소선폭,윤곽,40.0,-4.490922751712947,9.258478450424624,13.749401202137571,10.0,4.0,1.3749401202137572,불합격,,1.0,"배율 diy 500 ppm, seam 1개; mode area (csv)"
보수-500,M50,area,diy,선폭,윤곽(참고),40.0,-4.558572706750325,4.218344740124844,8.776917446875169,10.0,4.0,0.8776917446875169,4:1 통과,,1.0,"배율 diy 500 ppm, seam 1개; mode area (csv)"
보수-500,M50,area,diy,구멍지름,치수,-100.0,-0.19274122742666805,3.770249276063139,3.962990503489807,25.0,10.0,0.15851962013959228,10:1 통과,,1.0,"배율 diy 500 ppm, seam 1개; mode area (csv)"
보수-500,M50,area,diy,길이40,치수,0.0,0.0,42.03173404306164,42.03173404306164,25.0,10.0,1.6812693617224657,불합격,,1.0,"해석 계산; 배율 diy 500 ppm, seam 1개; mode area (csv)"
보수-500,M50,area,diy,경계,윤곽(참고),50.0,0.09637061371333402,1.8851246380315696,1.9814952517449036,25.0,10.0,0.07925981006979614,10:1 통과,,1.0,"배율 diy 500 ppm, seam 1개; mode area (csv)"
보수-500,M50,area,diy,위치,위치,223.60679774997897,0.07291924227264682,2.6104596541286718,2.6833788964013188,50.0,20.0,0.05366757792802637,10:1 통과,,1.0,"배율 diy 500 ppm, seam 1개; mode area (csv)"
보수-500,M51,area,diy,국소높이,높이,0.0,-0.2209657462665997,8.048584659527089,8.269550405793689,5.0,2.0,1.6539100811587377,불합격,,1.0,"배율 diy 500 ppm, seam 2개; mode area (csv)"
보수-500,M51,area,diy,단차,높이(참고),-20.0,-1.1941717529296876,7.119890371000167,8.314062123929855,5.0,2.0,1.662812424785971,불합격,,1.0,"배율 diy 500 ppm, seam 2개; mode area (csv)"
보수-500,M51,area,diy,국소선폭,윤곽,40.0,-6.6159906072093895,9.6736396268457,16.28963023405509,10.0,4.0,1.6289630234055088,불합격,,1.0,"배율 diy 500 ppm, seam 2개; mode area (csv)"
보수-500,M51,area,diy,선폭,윤곽(참고),40.0,-6.66704112159502,4.963247099620184,11.630288221215203,10.0,4.0,1.1630288221215204,불합격,경계,1.0,"배율 diy 500 ppm, seam 2개; mode area (csv)"
보수-500,M51,area,diy,구멍지름,치수,-100.0,-1.6626905262875153,4.173565393044594,5.8362559193321095,25.0,10.0,0.2334502367732844,10:1 통과,,1.0,"배율 diy 500 ppm, seam 2개; mode area (csv)"
보수-500,M51,area,diy,길이40,치수,0.0,0.0,51.63977794943223,51.63977794943223,25.0,10.0,2.0655911179772892,불합격,,1.0,"해석 계산; 배율 diy 500 ppm, seam 2개; mode area (csv)"
보수-500,M51,area,diy,경계,윤곽(참고),50.0,0.8313452631437577,2.086782696522297,2.9181279596660548,25.0,10.0,0.1167251183866422,10:1 통과,,1.0,"배율 diy 500 ppm, seam 2개; mode area (csv)"
보수-500,M51,area,diy,위치,위치,223.60679774997897,1.0035793587551116,5.618863245810785,6.622442604565897,50.0,20.0,0.13244885209131796,10:1 통과,,1.0,"배율 diy 500 ppm, seam 2개; mode area (csv)"
보수-500,M52,area,diy,국소높이,높이,0.0,1.1715041325784326,15.515283815210546,16.68678794778898,5.0,2.0,3.337357589557796,불합격,,1.0,"배율 diy 500 ppm, seam 2개; mode area (csv)"
보수-500,M52,area,diy,단차,높이(참고),-20.0,-0.13950408935546876,10.189881581734369,10.329385671089838,5.0,2.0,2.065877134217968,불합격,,1.0,"배율 diy 500 ppm, seam 2개; mode area (csv)"
보수-500,M52,area,diy,국소선폭,윤곽,40.0,-11.603867162155659,7.160164422788283,18.764031584943943,10.0,4.0,1.8764031584943943,불합격,,1.0,"배율 diy 500 ppm, seam 2개; mode area (csv)"
보수-500,M52,area,diy,선폭,윤곽(참고),40.0,-11.60330678774083,3.9480608727375213,15.551367660478352,10.0,4.0,1.5551367660478352,불합격,,1.0,"배율 diy 500 ppm, seam 2개; mode area (csv)"
보수-500,M52,area,diy,구멍지름,치수,-100.0,0.7832422053467053,4.2136478955929535,4.996890100939659,25.0,10.0,0.19987560403758636,10:1 통과,,1.0,"배율 diy 500 ppm, seam 2개; mode area (csv)"
보수-500,M52,area,diy,길이40,치수,0.0,0.0,51.63977794943223,51.63977794943223,25.0,10.0,2.0655911179772892,불합격,,1.0,"해석 계산; 배율 diy 500 ppm, seam 2개; mode area (csv)"
보수-500,M52,area,diy,경계,윤곽(참고),50.0,-0.39162110267335265,2.1068239477964767,2.4984450504698295,25.0,10.0,0.09993780201879318,10:1 통과,,1.0,"배율 diy 500 ppm, seam 2개; mode area (csv)"
보수-500,M52,area,diy,위치,위치,223.60679774997897,0.21229221054040284,5.618760579289224,5.831052789829626,50.0,20.0,0.11662105579659253,10:1 통과,,1.0,"배율 diy 500 ppm, seam 2개; mode area (csv)"
보수-500,M53,area,diy,국소높이,높이,0.0,-2.54438430710081,35.92731988451787,38.471704191618684,5.0,2.0,7.694340838323737,불합격,,1.0,"배율 diy 500 ppm, seam 1개; mode area (csv)"
보수-500,M53,area,diy,단차,높이(참고),-20.0,0.4846197509765625,26.238006359771784,26.722626110748347,5.0,2.0,5.344525222149669,불합격,,1.0,"배율 diy 500 ppm, seam 1개; mode area (csv)"
보수-500,M53,area,diy,국소선폭,윤곽,40.0,25.97130682429213,69.14715030766608,95.11845713195821,10.0,4.0,9.511845713195822,불합격,,1.0,"배율 diy 500 ppm, seam 1개; mode area (csv)"
보수-500,M53,area,diy,선폭,윤곽(참고),40.0,30.82999898496049,29.175894485217864,60.00589347017835,10.0,4.0,6.000589347017835,불합격,,1.0,"배율 diy 500 ppm, seam 1개; mode area (csv)"
보수-500,M53,area,diy,구멍지름,치수,-100.0,-9.32425951507994,4.520253520912195,13.844513035992133,25.0,10.0,0.5537805214396854,4:1 통과,,1.0,"배율 diy 500 ppm, seam 1개; mode area (csv)"
보수-500,M53,area,diy,길이40,치수,0.0,0.0,75.93857166596345,75.93857166596345,25.0,10.0,3.037542866638538,불합격,,1.0,"해석 계산; 배율 diy 500 ppm, seam 1개; mode area (csv)"
보수-500,M53,area,diy,경계,윤곽(참고),50.0,4.66212975753997,2.2601267604560973,6.9222565179960664,25.0,10.0,0.2768902607198427,10:1 통과,,1.0,"배율 diy 500 ppm, seam 1개; mode area (csv)"
보수-500,M53,area,diy,위치,위치,223.60679774997897,0.6478460380500332,14.886040901140001,15.533886939190035,50.0,20.0,0.31067773878380067,10:1 통과,,1.0,"배율 diy 500 ppm, seam 1개; mode area (csv)"
보수-500,M54,area,printer_axis,국소높이,높이,0.0,-0.47594709471106506,21.37370361452956,21.849650709240624,5.0,2.0,4.3699301418481244,불합격,,1.0,"배율 printer_axis 500 ppm, seam 1개; mode area (csv)"
보수-500,M54,area,printer_axis,단차,높이(참고),-20.0,-1.5098483276367187,15.319986238596426,16.829834566233146,5.0,2.0,3.365966913246629,불합격,,1.0,"배율 printer_axis 500 ppm, seam 1개; mode area (csv)"
보수-500,M54,area,printer_axis,국소선폭,윤곽,40.0,-3.1456561335140107,17.89032472536632,21.03598085888033,10.0,4.0,2.103598085888033,불합격,,1.0,"배율 printer_axis 500 ppm, seam 1개; mode area (csv)"
보수-500,M54,area,printer_axis,선폭,윤곽(참고),40.0,-3.060066606199762,10.150387120941735,13.210453727141497,10.0,4.0,1.3210453727141496,불합격,,1.0,"배율 printer_axis 500 ppm, seam 1개; mode area (csv)"
보수-500,M54,area,printer_axis,구멍지름,치수,-100.0,-0.23964959307378195,4.383608709806364,4.623258302880146,25.0,10.0,0.18493033211520582,10:1 통과,,1.0,"배율 printer_axis 500 ppm, seam 1개; mode area (csv)"
보수-500,M54,area,printer_axis,길이40,치수,0.0,0.0,47.60952285695234,47.60952285695234,25.0,10.0,1.9043809142780936,불합격,,1.0,"해석 계산; 배율 printer_axis 500 ppm, seam 1개; mode area (csv)"
보수-500,M54,area,printer_axis,경계,윤곽(참고),50.0,0.11982479653689097,2.191804354903182,2.311629151440073,25.0,10.0,0.09246516605760291,10:1 통과,,1.0,"배율 printer_axis 500 ppm, seam 1개; mode area (csv)"
보수-500,M54,area,printer_axis,위치,위치,223.60679774997897,0.22695252815336217,6.017863875637039,6.2448164037904,50.0,20.0,0.12489632807580801,10:1 통과,,1.0,"배율 printer_axis 500 ppm, seam 1개; mode area (csv)"
보수-500,M55,raster_point,printer_axis,국소높이,높이,0.0,0.5276578303355145,4.652976858732458,5.180634689067973,5.0,2.0,1.0361269378135947,불합격,경계,1.0,"프린터 축 래스터: seam 0, 샘플 XY 잡음 5 µm(보수); 배율 printer_axis 500 ppm, seam 0개; mode raster_point (csv)"
보수-500,M55,raster_point,printer_axis,단차,높이(참고),-20.0,0.01520751953125,3.946973984116757,3.962181503648007,5.0,2.0,0.7924363007296014,4:1 통과,,1.0,"프린터 축 래스터: seam 0, 샘플 XY 잡음 5 µm(보수); 배율 printer_axis 500 ppm, seam 0개; mode raster_point (csv)"
보수-500,M55,raster_point,printer_axis,국소선폭,윤곽,40.0,-12.141677365655264,8.203525868007027,20.34520323366229,10.0,4.0,2.034520323366229,불합격,,1.0,"프린터 축 래스터: seam 0, 샘플 XY 잡음 5 µm(보수); 배율 printer_axis 500 ppm, seam 0개; mode raster_point (csv)"
보수-500,M55,raster_point,printer_axis,선폭,윤곽(참고),40.0,-12.154323552355208,7.861827852339351,20.01615140469456,10.0,4.0,2.001615140469456,불합격,,1.0,"프린터 축 래스터: seam 0, 샘플 XY 잡음 5 µm(보수); 배율 printer_axis 500 ppm, seam 0개; mode raster_point (csv)"
보수-500,M55,raster_point,printer_axis,구멍지름,치수,-100.0,-0.009404434860925903,3.239269771274774,3.2486742061357,25.0,10.0,0.129946968245428,10:1 통과,,1.0,"프린터 축 래스터: seam 0, 샘플 XY 잡음 5 µm(보수); 배율 printer_axis 500 ppm, seam 0개; mode raster_point (csv)"
보수-500,M55,raster_point,printer_axis,길이40,치수,0.0,0.0,43.20493798938573,43.20493798938573,25.0,10.0,1.7281975195754293,불합격,,1.0,"해석 계산; 프린터 축 래스터: seam 0, 샘플 XY 잡음 5 µm(보수); 배율 printer_axis 500 ppm, seam 0개; mode raster_point (csv)"
보수-500,M55,raster_point,printer_axis,경계,윤곽(참고),50.0,0.004702217430462952,1.619634885637387,1.62433710306785,25.0,10.0,0.064973484122714,10:1 통과,,1.0,"프린터 축 래스터: seam 0, 샘플 XY 잡음 5 µm(보수); 배율 printer_axis 500 ppm, seam 0개; mode raster_point (csv)"
보수-500,M55,raster_point,printer_axis,위치,위치,223.60679774997897,0.023992635677896647,0.33133829654589814,0.3553309322237948,50.0,20.0,0.007106618644475896,10:1 통과,,1.0,"프린터 축 래스터: seam 0, 샘플 XY 잡음 5 µm(보수); 배율 printer_axis 500 ppm, seam 0개; mode raster_point (csv)"
보수-500,M56,raster_point,printer_axis,국소높이,높이,0.0,-0.003190038815727911,1.5212935380460786,1.5244835768618066,5.0,2.0,0.3048967153723613,10:1 통과,,1.0,"프린터 축 래스터: seam 0, 샘플 XY 잡음 5 µm(보수); 배율 printer_axis 500 ppm, seam 0개; mode raster_point (csv)"
보수-500,M56,raster_point,printer_axis,단차,높이(참고),-20.0,-0.05035003662109375,1.0420890192548105,1.0924390558759043,5.0,2.0,0.21848781117518085,10:1 통과,,1.0,"프린터 축 래스터: seam 0, 샘플 XY 잡음 5 µm(보수); 배율 printer_axis 500 ppm, seam 0개; mode raster_point (csv)"
보수-500,M56,raster_point,printer_axis,국소선폭,윤곽,40.0,-62.548073999953324,7.638196609766258,70.18627060971959,10.0,4.0,7.0186270609719585,불합격,,1.0,"프린터 축 래스터: seam 0, 샘플 XY 잡음 5 µm(보수); 배율 printer_axis 500 ppm, seam 0개; mode raster_point (csv)"
보수-500,M56,raster_point,printer_axis,선폭,윤곽(참고),40.0,-62.55095135110648,7.652856144478507,70.20380749558498,10.0,4.0,7.020380749558498,불합격,,1.0,"프린터 축 래스터: seam 0, 샘플 XY 잡음 5 µm(보수); 배율 printer_axis 500 ppm, seam 0개; mode raster_point (csv)"
보수-500,M56,raster_point,printer_axis,구멍지름,치수,-100.0,0.5132261080212356,3.7851722094034277,4.298398317424663,25.0,10.0,0.17193593269698654,10:1 통과,,1.0,"프린터 축 래스터: seam 0, 샘플 XY 잡음 5 µm(보수); 배율 printer_axis 500 ppm, seam 0개; mode raster_point (csv)"
보수-500,M56,raster_point,printer_axis,길이40,치수,0.0,0.0,43.20493798938573,43.20493798938573,25.0,10.0,1.7281975195754293,불합격,,1.0,"해석 계산; 프린터 축 래스터: seam 0, 샘플 XY 잡음 5 µm(보수); 배율 printer_axis 500 ppm, seam 0개; mode raster_point (csv)"
보수-500,M56,raster_point,printer_axis,경계,윤곽(참고),50.0,-0.2566130540106178,1.8925861047017138,2.1491991587123316,25.0,10.0,0.08596796634849327,10:1 통과,,1.0,"프린터 축 래스터: seam 0, 샘플 XY 잡음 5 µm(보수); 배율 printer_axis 500 ppm, seam 0개; mode raster_point (csv)"
보수-500,M56,raster_point,printer_axis,위치,위치,223.60679774997897,0.05456693006941148,0.3695963562944108,0.4241632863638223,50.0,20.0,0.008483265727276446,10:1 통과,,1.0,"프린터 축 래스터: seam 0, 샘플 XY 잡음 5 µm(보수); 배율 printer_axis 500 ppm, seam 0개; mode raster_point (csv)"
보수-500,M57,raster_point,printer_axis,국소높이,높이,0.0,0.01380363290321734,1.5044954236213406,1.518299056524558,5.0,2.0,0.3036598113049116,10:1 통과,,1.0,"프린터 축 래스터: seam 0, 샘플 XY 잡음 5 µm(보수); 배율 printer_axis 500 ppm, seam 0개; mode raster_point (csv)"
보수-500,M57,raster_point,printer_axis,단차,높이(참고),-20.0,-0.04334503173828125,0.9875272510202122,1.0308722827584935,5.0,2.0,0.2061744565516987,10:1 통과,,1.0,"프린터 축 래스터: seam 0, 샘플 XY 잡음 5 µm(보수); 배율 printer_axis 500 ppm, seam 0개; mode raster_point (csv)"
보수-500,M57,raster_point,printer_axis,국소선폭,윤곽,40.0,-64.55556693982652,9.166119439904518,73.72168637973104,10.0,4.0,7.372168637973104,불합격,,1.0,"프린터 축 래스터: seam 0, 샘플 XY 잡음 5 µm(보수); 배율 printer_axis 500 ppm, seam 0개; mode raster_point (csv)"
보수-500,M57,raster_point,printer_axis,선폭,윤곽(참고),40.0,-64.5583057576448,9.217980385004724,73.77628614264952,10.0,4.0,7.377628614264952,불합격,,1.0,"프린터 축 래스터: seam 0, 샘플 XY 잡음 5 µm(보수); 배율 printer_axis 500 ppm, seam 0개; mode raster_point (csv)"
보수-500,M57,raster_point,printer_axis,구멍지름,치수,-100.0,-0.1856140588467224,4.495387976522313,4.681002035369035,25.0,10.0,0.1872400814147614,10:1 통과,,1.0,"프린터 축 래스터: seam 0, 샘플 XY 잡음 5 µm(보수); 배율 printer_axis 500 ppm, seam 0개; mode raster_point (csv)"
보수-500,M57,raster_point,printer_axis,길이40,치수,0.0,0.0,43.20493798938573,43.20493798938573,25.0,10.0,1.7281975195754293,불합격,,1.0,"해석 계산; 프린터 축 래스터: seam 0, 샘플 XY 잡음 5 µm(보수); 배율 printer_axis 500 ppm, seam 0개; mode raster_point (csv)"
보수-500,M57,raster_point,printer_axis,경계,윤곽(참고),50.0,0.0928070294233612,2.2476939882611564,2.3405010176845176,25.0,10.0,0.0936200407073807,10:1 통과,,1.0,"프린터 축 래스터: seam 0, 샘플 XY 잡음 5 µm(보수); 배율 printer_axis 500 ppm, seam 0개; mode raster_point (csv)"
보수-500,M57,raster_point,printer_axis,위치,위치,223.60679774997897,0.024954593245289272,0.4098598845130669,0.43481447775835613,50.0,20.0,0.008696289555167123,10:1 통과,,1.0,"프린터 축 래스터: seam 0, 샘플 XY 잡음 5 µm(보수); 배율 printer_axis 500 ppm, seam 0개; mode raster_point (csv)"
보수-500,M58,raster_point,printer_axis,국소높이,높이,0.0,-0.41732248941883443,22.226796836299794,22.644119325718627,5.0,2.0,4.528823865143726,불합격,,1.0,"프린터 축 래스터: seam 0, 샘플 XY 잡음 5 µm(보수); 배율 printer_axis 500 ppm, seam 0개; mode raster_point (csv)"
보수-500,M58,raster_point,printer_axis,단차,높이(참고),-20.0,0.4089395141601562,14.716286991559691,15.125226505719848,5.0,2.0,3.0250453011439697,불합격,,1.0,"프린터 축 래스터: seam 0, 샘플 XY 잡음 5 µm(보수); 배율 printer_axis 500 ppm, seam 0개; mode raster_point (csv)"
보수-500,M58,raster_point,printer_axis,국소선폭,윤곽,40.0,8.540620493604747,30.872871135428515,39.41349162903326,10.0,4.0,3.941349162903326,불합격,,1.0,"프린터 축 래스터: seam 0, 샘플 XY 잡음 5 µm(보수); 배율 printer_axis 500 ppm, seam 0개; mode raster_point (csv)"
보수-500,M58,raster_point,printer_axis,선폭,윤곽(참고),40.0,10.055232731893017,23.430532896183934,33.48576562807695,10.0,4.0,3.3485765628076947,불합격,,1.0,"프린터 축 래스터: seam 0, 샘플 XY 잡음 5 µm(보수); 배율 printer_axis 500 ppm, seam 0개; mode raster_point (csv)"
보수-500,M58,raster_point,printer_axis,구멍지름,치수,-100.0,-0.0714272007301588,3.9394382061594353,4.010865406889594,25.0,10.0,0.16043461627558375,10:1 통과,,1.0,"프린터 축 래스터: seam 0, 샘플 XY 잡음 5 µm(보수); 배율 printer_axis 500 ppm, seam 0개; mode raster_point (csv)"
보수-500,M58,raster_point,printer_axis,길이40,치수,0.0,0.0,57.154760664940824,57.154760664940824,25.0,10.0,2.286190426597633,불합격,,1.0,"해석 계산; 프린터 축 래스터: seam 0, 샘플 XY 잡음 5 µm(보수); 배율 printer_axis 500 ppm, seam 0개; mode raster_point (csv)"
보수-500,M58,raster_point,printer_axis,경계,윤곽(참고),50.0,0.0357136003650794,1.9697191030797176,2.005432703444797,25.0,10.0,0.08021730813779188,10:1 통과,,1.0,"프린터 축 래스터: seam 0, 샘플 XY 잡음 5 µm(보수); 배율 printer_axis 500 ppm, seam 0개; mode raster_point (csv)"
보수-500,M58,raster_point,printer_axis,위치,위치,223.60679774997897,0.06304649642687084,0.9745656160817696,1.0376121125086404,50.0,20.0,0.020752242250172807,10:1 통과,,1.0,"프린터 축 래스터: seam 0, 샘플 XY 잡음 5 µm(보수); 배율 printer_axis 500 ppm, seam 0개; mode raster_point (csv)"
보수-500,M59,raster_point,printer_axis,국소높이,높이,0.0,-0.057570774603444605,2.174930935254566,2.2325017098580107,5.0,2.0,0.44650034197160215,4:1 통과,,1.0,"프린터 축 래스터: seam 0, 샘플 XY 잡음 5 µm(보수); 배율 printer_axis 500 ppm, seam 0개; mode raster_point (csv)"
보수-500,M59,raster_point,printer_axis,단차,높이(참고),-20.0,-0.0298150634765625,1.5878070008309442,1.6176220643075068,5.0,2.0,0.32352441286150135,10:1 통과,,1.0,"프린터 축 래스터: seam 0, 샘플 XY 잡음 5 µm(보수); 배율 printer_axis 500 ppm, seam 0개; mode raster_point (csv)"
보수-500,M59,raster_point,printer_axis,국소선폭,윤곽,40.0,-61.992419674405824,3.761890481103955,65.75431015550978,10.0,4.0,6.575431015550978,불합격,,1.0,"프린터 축 래스터: seam 0, 샘플 XY 잡음 5 µm(보수); 배율 printer_axis 500 ppm, seam 0개; mode raster_point (csv)"
보수-500,M59,raster_point,printer_axis,선폭,윤곽(참고),40.0,-61.99747792918065,3.5719436805387206,65.56942160971937,10.0,4.0,6.556942160971937,불합격,,1.0,"프린터 축 래스터: seam 0, 샘플 XY 잡음 5 µm(보수); 배율 printer_axis 500 ppm, seam 0개; mode raster_point (csv)"
보수-500,M59,raster_point,printer_axis,구멍지름,치수,-100.0,-0.14334292508142427,3.992867772453708,4.136210697535132,25.0,10.0,0.1654484279014053,10:1 통과,,1.0,"프린터 축 래스터: seam 0, 샘플 XY 잡음 5 µm(보수); 배율 printer_axis 500 ppm, seam 0개; mode raster_point (csv)"
보수-500,M59,raster_point,printer_axis,길이40,치수,0.0,0.0,43.20493798938573,43.20493798938573,25.0,10.0,1.7281975195754293,불합격,,1.0,"해석 계산; 프린터 축 래스터: seam 0, 샘플 XY 잡음 5 µm(보수); 배율 printer_axis 500 ppm, seam 0개; mode raster_point (csv)"
보수-500,M59,raster_point,printer_axis,경계,윤곽(참고),50.0,0.07167146254071213,1.996433886226854,2.068105348767566,25.0,10.0,0.08272421395070265,10:1 통과,,1.0,"프린터 축 래스터: seam 0, 샘플 XY 잡음 5 µm(보수); 배율 printer_axis 500 ppm, seam 0개; mode raster_point (csv)"
보수-500,M59,raster_point,printer_axis,위치,위치,223.60679774997897,0.04107978983972822,0.3406780865238493,0.3817578763635775,50.0,20.0,0.00763515752727155,10:1 통과,,1.0,"프린터 축 래스터: seam 0, 샘플 XY 잡음 5 µm(보수); 배율 printer_axis 500 ppm, seam 0개; mode raster_point (csv)"
보수-500,M60,raster_point,printer_axis,국소높이,높이,0.0,-0.06459004158560326,1.3436857986402297,1.408275840225833,5.0,2.0,0.2816551680451666,10:1 통과,,1.0,"프린터 축 래스터: seam 0, 샘플 XY 잡음 5 µm(보수); 배율 printer_axis 500 ppm, seam 0개; mode raster_point (csv)"
보수-500,M60,raster_point,printer_axis,단차,높이(참고),-20.0,0.0312799072265625,1.0480612720311737,1.0793411792577363,5.0,2.0,0.21586823585154727,10:1 통과,,1.0,"프린터 축 래스터: seam 0, 샘플 XY 잡음 5 µm(보수); 배율 printer_axis 500 ppm, seam 0개; mode raster_point (csv)"
보수-500,M60,raster_point,printer_axis,국소선폭,윤곽,40.0,-47.97521318378349,1.1154133261373136,49.0906265099208,10.0,4.0,4.90906265099208,불합격,,1.0,"프린터 축 래스터: seam 0, 샘플 XY 잡음 5 µm(보수); 배율 printer_axis 500 ppm, seam 0개; mode raster_point (csv)"
보수-500,M60,raster_point,printer_axis,선폭,윤곽(참고),40.0,-47.97684547222483,0.5720256759449881,48.548871148169816,10.0,4.0,4.854887114816981,불합격,,1.0,"프린터 축 래스터: seam 0, 샘플 XY 잡음 5 µm(보수); 배율 printer_axis 500 ppm, seam 0개; mode raster_point (csv)"
보수-500,M60,raster_point,printer_axis,구멍지름,치수,-100.0,-0.13933542528228826,4.10749810759552,4.246833532877808,25.0,10.0,0.16987334131511234,10:1 통과,,1.0,"프린터 축 래스터: seam 0, 샘플 XY 잡음 5 µm(보수); 배율 printer_axis 500 ppm, seam 0개; mode raster_point (csv)"
보수-500,M60,raster_point,printer_axis,길이40,치수,0.0,0.0,43.20493798938573,43.20493798938573,25.0,10.0,1.7281975195754293,불합격,,1.0,"해석 계산; 프린터 축 래스터: seam 0, 샘플 XY 잡음 5 µm(보수); 배율 printer_axis 500 ppm, seam 0개; mode raster_point (csv)"
보수-500,M60,raster_point,printer_axis,경계,윤곽(참고),50.0,0.06966771264114413,2.05374905379776,2.123416766438904,25.0,10.0,0.08493667065755617,10:1 통과,,1.0,"프린터 축 래스터: seam 0, 샘플 XY 잡음 5 µm(보수); 배율 printer_axis 500 ppm, seam 0개; mode raster_point (csv)"
보수-500,M60,raster_point,printer_axis,위치,위치,223.60679774997897,0.033851156110321384,0.39240756083770256,0.426258716948024,50.0,20.0,0.00852517433896048,10:1 통과,,1.0,"프린터 축 래스터: seam 0, 샘플 XY 잡음 5 µm(보수); 배율 printer_axis 500 ppm, seam 0개; mode raster_point (csv)"
보수-500,M61,raster_point,printer_axis,국소높이,높이,0.0,0.2668559914268706,6.0741687195912695,6.34102471101814,5.0,2.0,1.2682049422036281,불합격,경계,1.0,"프린터 축 래스터: seam 0, 샘플 XY 잡음 5 µm(보수); 배율 printer_axis 500 ppm, seam 0개; mode raster_point (csv)"
보수-500,M61,raster_point,printer_axis,단차,높이(참고),-20.0,0.18975372314453126,4.123828504190345,4.3135822273348765,5.0,2.0,0.8627164454669753,4:1 통과,,1.0,"프린터 축 래스터: seam 0, 샘플 XY 잡음 5 µm(보수); 배율 printer_axis 500 ppm, seam 0개; mode raster_point (csv)"
보수-500,M61,raster_point,printer_axis,국소선폭,윤곽,40.0,-7.853763709997989,8.158023509614019,16.011787219612007,10.0,4.0,1.6011787219612006,불합격,,1.0,"프린터 축 래스터: seam 0, 샘플 XY 잡음 5 µm(보수); 배율 printer_axis 500 ppm, seam 0개; mode raster_point (csv)"
보수-500,M61,raster_point,printer_axis,선폭,윤곽(참고),40.0,-7.82530389607622,7.6905370362209124,15.515840932297133,10.0,4.0,1.5515840932297134,불합격,,1.0,"프린터 축 래스터: seam 0, 샘플 XY 잡음 5 µm(보수); 배율 printer_axis 500 ppm, seam 0개; mode raster_point (csv)"
보수-500,M61,raster_point,printer_axis,구멍지름,치수,-100.0,-0.1773727895293723,4.6125703762931405,4.789943165822513,25.0,10.0,0.19159772663290053,10:1 통과,,1.0,"프린터 축 래스터: seam 0, 샘플 XY 잡음 5 µm(보수); 배율 printer_axis 500 ppm, seam 0개; mode raster_point (csv)"
보수-500,M61,raster_point,printer_axis,길이40,치수,0.0,0.0,44.90731195102493,44.90731195102493,25.0,10.0,1.7962924780409972,불합격,,1.0,"해석 계산; 프린터 축 래스터: seam 0, 샘플 XY 잡음 5 µm(보수); 배율 printer_axis 500 ppm, seam 0개; mode raster_point (csv)"
보수-500,M61,raster_point,printer_axis,경계,윤곽(참고),50.0,0.08868639476468615,2.3062851881465702,2.3949715829112566,25.0,10.0,0.09579886331645027,10:1 통과,,1.0,"프린터 축 래스터: seam 0, 샘플 XY 잡음 5 µm(보수); 배율 printer_axis 500 ppm, seam 0개; mode raster_point (csv)"
보수-500,M61,raster_point,printer_axis,위치,위치,223.60679774997897,0.01672562310310797,0.4529637678910471,0.4696893909941551,50.0,20.0,0.009393787819883101,10:1 통과,,1.0,"프린터 축 래스터: seam 0, 샘플 XY 잡음 5 µm(보수); 배율 printer_axis 500 ppm, seam 0개; mode raster_point (csv)"
보수-500,M62,raster_point,printer_axis,국소높이,높이,0.0,-0.1064798416605778,3.230569891152352,3.33704973281293,5.0,2.0,0.667409946562586,4:1 통과,,1.0,"프린터 축 래스터: seam 0, 샘플 XY 잡음 5 µm(보수); 배율 printer_axis 500 ppm, seam 0개; mode raster_point (csv)"
보수-500,M62,raster_point,printer_axis,단차,높이(참고),-20.0,0.24725006103515626,1.833022564050475,2.080272625085631,5.0,2.0,0.41605452501712625,4:1 통과,,1.0,"프린터 축 래스터: seam 0, 샘플 XY 잡음 5 µm(보수); 배율 printer_axis 500 ppm, seam 0개; mode raster_point (csv)"
보수-500,M62,raster_point,printer_axis,국소선폭,윤곽,40.0,-99.54685610593619,26.79581059873492,126.3426667046711,10.0,4.0,12.63426667046711,불합격,,1.0,"프린터 축 래스터: seam 0, 샘플 XY 잡음 5 µm(보수); 배율 printer_axis 500 ppm, seam 0개; mode raster_point (csv)"
보수-500,M62,raster_point,printer_axis,선폭,윤곽(참고),40.0,-99.52380954782997,26.914395894548957,126.43820544237893,10.0,4.0,12.643820544237894,불합격,,1.0,"프린터 축 래스터: seam 0, 샘플 XY 잡음 5 µm(보수); 배율 printer_axis 500 ppm, seam 0개; mode raster_point (csv)"
보수-500,M62,raster_point,printer_axis,구멍지름,치수,-100.0,-0.19235272645610166,3.572497560726802,3.7648502871829037,25.0,10.0,0.15059401148731616,10:1 통과,,1.0,"프린터 축 래스터: seam 0, 샘플 XY 잡음 5 µm(보수); 배율 printer_axis 500 ppm, seam 0개; mode raster_point (csv)"
보수-500,M62,raster_point,printer_axis,길이40,치수,0.0,0.0,51.63977794943223,51.63977794943223,25.0,10.0,2.0655911179772892,불합격,,1.0,"해석 계산; 프린터 축 래스터: seam 0, 샘플 XY 잡음 5 µm(보수); 배율 printer_axis 500 ppm, seam 0개; mode raster_point (csv)"
보수-500,M62,raster_point,printer_axis,경계,윤곽(참고),50.0,0.09617636322805083,1.786248780363401,1.8824251435914519,25.0,10.0,0.07529700574365808,10:1 통과,,1.0,"프린터 축 래스터: seam 0, 샘플 XY 잡음 5 µm(보수); 배율 printer_axis 500 ppm, seam 0개; mode raster_point (csv)"
보수-500,M62,raster_point,printer_axis,위치,위치,223.60679774997897,0.048292187663268815,1.0978789192988674,1.1461711069621363,50.0,20.0,0.022923422139242727,10:1 통과,,1.0,"프린터 축 래스터: seam 0, 샘플 XY 잡음 5 µm(보수); 배율 printer_axis 500 ppm, seam 0개; mode raster_point (csv)"
보수-500,M63,raster_point,printer_axis,국소높이,높이,0.0,-0.16849815392667428,2.775011300229878,2.943509454156552,5.0,2.0,0.5887018908313104,4:1 통과,,1.0,"프린터 축 래스터: seam 0, 샘플 XY 잡음 5 µm(보수); 배율 printer_axis 500 ppm, seam 0개; mode raster_point (csv)"
보수-500,M63,raster_point,printer_axis,단차,높이(참고),-20.0,0.165281982421875,2.518935553917917,2.684217536339792,5.0,2.0,0.5368435072679584,4:1 통과,,1.0,"프린터 축 래스터: seam 0, 샘플 XY 잡음 5 µm(보수); 배율 printer_axis 500 ppm, seam 0개; mode raster_point (csv)"
보수-500,M63,raster_point,printer_axis,국소선폭,윤곽,40.0,-150.09101552886014,4.503336475320164,154.5943520041803,10.0,4.0,15.459435200418032,불합격,,1.0,"프린터 축 래스터: seam 0, 샘플 XY 잡음 5 µm(보수); 배율 printer_axis 500 ppm, seam 0개; mode raster_point (csv)"
보수-500,M63,raster_point,printer_axis,선폭,윤곽(참고),40.0,-150.0886406848028,4.034268086588525,154.12290877139134,10.0,4.0,15.412290877139133,불합격,,1.0,"프린터 축 래스터: seam 0, 샘플 XY 잡음 5 µm(보수); 배율 printer_axis 500 ppm, seam 0개; mode raster_point (csv)"
보수-500,M63,raster_point,printer_axis,구멍지름,치수,-100.0,-0.6370790471617147,4.4545406072202,5.0916196543819146,25.0,10.0,0.20366478617527659,10:1 통과,,1.0,"프린터 축 래스터: seam 0, 샘플 XY 잡음 5 µm(보수); 배율 printer_axis 500 ppm, seam 0개; mode raster_point (csv)"
보수-500,M63,raster_point,printer_axis,길이40,치수,0.0,0.0,43.20493798938573,43.20493798938573,25.0,10.0,1.7281975195754293,불합격,,1.0,"해석 계산; 프린터 축 래스터: seam 0, 샘플 XY 잡음 5 µm(보수); 배율 printer_axis 500 ppm, seam 0개; mode raster_point (csv)"
보수-500,M63,raster_point,printer_axis,경계,윤곽(참고),50.0,0.31853952358085735,2.2272703036101,2.5458098271909573,25.0,10.0,0.10183239308763829,10:1 통과,,1.0,"프린터 축 래스터: seam 0, 샘플 XY 잡음 5 µm(보수); 배율 printer_axis 500 ppm, seam 0개; mode raster_point (csv)"
보수-500,M63,raster_point,printer_axis,위치,위치,223.60679774997897,0.027510132919584037,0.3723186011533042,0.3998287340728882,50.0,20.0,0.007996574681457765,10:1 통과,,1.0,"프린터 축 래스터: seam 0, 샘플 XY 잡음 5 µm(보수); 배율 printer_axis 500 ppm, seam 0개; mode raster_point (csv)"
보수-500,M64,area,printer_axis,국소높이,높이,0.0,0.04968563151698837,2.9133026826350483,2.9629883141520366,5.0,2.0,0.5925976628304073,4:1 통과,,1.0,"배율 printer_axis 500 ppm, seam 3개; mode area (csv)"
보수-500,M64,area,printer_axis,단차,높이(참고),-20.0,0.33235107421875,2.183685742294096,2.516036816512846,5.0,2.0,0.5032073633025692,4:1 통과,,1.0,"배율 printer_axis 500 ppm, seam 3개; mode area (csv)"
보수-500,M64,area,printer_axis,국소선폭,윤곽,40.0,-52.29523372402208,4.0189320865179,56.31416581053998,10.0,4.0,5.6314165810539984,불합격,,1.0,"배율 printer_axis 500 ppm, seam 3개; mode area (csv)"
보수-500,M64,area,printer_axis,선폭,윤곽(참고),40.0,-52.298958886579804,3.914230783371628,56.21318966995143,10.0,4.0,5.621318966995143,불합격,,1.0,"배율 printer_axis 500 ppm, seam 3개; mode area (csv)"
보수-500,M64,area,printer_axis,구멍지름,치수,-100.0,0.2727548769432815,3.830292603129845,4.103047480073126,25.0,10.0,0.16412189920292505,10:1 통과,,1.0,"배율 printer_axis 500 ppm, seam 3개; mode area (csv)"
보수-500,M64,area,printer_axis,길이40,치수,0.0,0.0,44.347115652166906,44.347115652166906,25.0,10.0,1.7738846260866763,불합격,,1.0,"해석 계산; 배율 printer_axis 500 ppm, seam 3개; mode area (csv)"
보수-500,M64,area,printer_axis,경계,윤곽(참고),50.0,-0.13637743847164074,1.9151463015649226,2.051523740036563,25.0,10.0,0.08206094960146253,10:1 통과,,1.0,"배율 printer_axis 500 ppm, seam 3개; mode area (csv)"
보수-500,M64,area,printer_axis,위치,위치,223.60679774997897,0.08119426204846586,1.2271837586935233,1.308378020741989,50.0,20.0,0.02616756041483978,10:1 통과,,1.0,"배율 printer_axis 500 ppm, seam 3개; mode area (csv)"
보수-500,M65,line_profiler,industrial,국소높이,높이,0.0,-0.11764511165076261,1.5000677710508277,1.6177128827015903,5.0,2.0,0.32354257654031804,10:1 통과,,1.0,"배율 industrial 100 ppm, seam 9개; 선 단면 장비(면 측정은 래스터 가정, 면 래스터 37,940 분); mode line_profiler (csv)"
보수-500,M65,line_profiler,industrial,단차,높이(참고),-20.0,-0.09377593994140625,0.9771492954390775,1.0709252353804837,5.0,2.0,0.21418504707609673,10:1 통과,,1.0,"배율 industrial 100 ppm, seam 9개; 선 단면 장비(면 측정은 래스터 가정, 면 래스터 37,940 분); mode line_profiler (csv)"
보수-500,M65,line_profiler,industrial,국소선폭,윤곽,40.0,-44.63500290664045,2.0243304869393444,46.65933339357979,10.0,4.0,4.665933339357979,불합격,,1.0,"배율 industrial 100 ppm, seam 9개; 선 단면 장비(면 측정은 래스터 가정, 면 래스터 37,940 분); mode line_profiler (csv)"
보수-500,M65,line_profiler,industrial,선폭,윤곽(참고),40.0,-44.63665522283263,1.992694431759251,46.629349654591884,10.0,4.0,4.662934965459188,불합격,,1.0,"배율 industrial 100 ppm, seam 9개; 선 단면 장비(면 측정은 래스터 가정, 면 래스터 37,940 분); mode line_profiler (csv)"
보수-500,M65,line_profiler,industrial,구멍지름,치수,-100.0,-0.07614715614711713,0.7285418363705569,0.804688992517674,25.0,10.0,0.03218755970070696,10:1 통과,,1.0,"배율 industrial 100 ppm, seam 9개; 선 단면 장비(면 측정은 래스터 가정, 면 래스터 37,940 분); mode line_profiler (csv)"
보수-500,M65,line_profiler,industrial,길이40,치수,0.0,0.0,13.986504209415589,13.986504209415589,25.0,10.0,0.5594601683766236,4:1 통과,,1.0,"해석 계산; 배율 industrial 100 ppm, seam 9개; 선 단면 장비(면 측정은 래스터 가정, 면 래스터 37,940 분); mode line_profiler (csv)"
보수-500,M65,line_profiler,industrial,경계,윤곽(참고),50.0,0.038073578073558566,0.36427091818527846,0.402344496258837,25.0,10.0,0.01609377985035348,10:1 통과,,1.0,"배율 industrial 100 ppm, seam 9개; 선 단면 장비(면 측정은 래스터 가정, 면 래스터 37,940 분); mode line_profiler (csv)"
보수-500,M65,line_profiler,industrial,위치,위치,223.60679774997897,0.0017544068727366987,0.11082664000667242,0.11258104687940912,50.0,20.0,0.002251620937588182,10:1 통과,,1.0,"배율 industrial 100 ppm, seam 9개; 선 단면 장비(면 측정은 래스터 가정, 면 래스터 37,940 분); mode line_profiler (csv)"
보수-500,M66,area,calibrated,국소높이,높이,0.0,0.07544521310246675,2.3070749224403078,2.3825201355427743,5.0,2.0,0.4765040271085549,4:1 통과,,1.0,"배율 calibrated 20 ppm, seam 2개; mode area (csv)"
보수-500,M66,area,calibrated,단차,높이(참고),-20.0,0.36343170166015626,1.4682379060000255,1.8316696076601817,5.0,2.0,0.36633392153203637,10:1 통과,,1.0,"배율 calibrated 20 ppm, seam 2개; mode area (csv)"
보수-500,M66,area,calibrated,국소선폭,윤곽,40.0,-8.199923217587711,3.2295569338123107,11.429480151400021,10.0,4.0,1.1429480151400022,불합격,경계,1.0,"배율 calibrated 20 ppm, seam 2개; mode area (csv)"
보수-500,M66,area,calibrated,선폭,윤곽(참고),40.0,-8.201368632041886,3.1633436775052015,11.364712309547087,10.0,4.0,1.1364712309547087,불합격,경계,1.0,"배율 calibrated 20 ppm, seam 2개; mode area (csv)"
보수-500,M66,area,calibrated,구멍지름,치수,-100.0,-0.04400147273778202,0.4015991509379386,0.4456006236757206,25.0,10.0,0.017824024947028824,10:1 통과,,1.0,"배율 calibrated 20 ppm, seam 2개; mode area (csv)"
보수-500,M66,area,calibrated,길이40,치수,0.0,0.0,19.172897537930982,19.172897537930982,25.0,10.0,0.7669159015172393,4:1 통과,,1.0,"해석 계산; 배율 calibrated 20 ppm, seam 2개; mode area (csv)"
보수-500,M66,area,calibrated,경계,윤곽(참고),50.0,0.02200073636889101,0.2007995754689693,0.2228003118378603,25.0,10.0,0.008912012473514412,10:1 통과,,1.0,"배율 calibrated 20 ppm, seam 2개; mode area (csv)"
보수-500,M66,area,calibrated,위치,위치,223.60679774997897,0.006593678718548415,0.1625423038182337,0.1691359825367821,50.0,20.0,0.003382719650735642,10:1 통과,,1.0,"배율 calibrated 20 ppm, seam 2개; mode area (csv)"
보수-500,M67,area,industrial,국소높이,높이,0.0,-0.022360403062636338,2.717875264458581,2.7402356675212176,5.0,2.0,0.5480471335042435,4:1 통과,,1.0,"배율 industrial 100 ppm, seam 2개; mode area (csv)"
보수-500,M67,area,industrial,단차,높이(참고),-20.0,0.06032470703125,1.7255105861240636,1.7858352931553136,5.0,2.0,0.35716705863106274,10:1 통과,,1.0,"배율 industrial 100 ppm, seam 2개; mode area (csv)"
보수-500,M67,area,industrial,국소선폭,윤곽,40.0,-7.541425541401909,3.2309070554827164,10.772332596884626,10.0,4.0,1.0772332596884626,불합격,경계,1.0,"배율 industrial 100 ppm, seam 2개; mode area (csv)"
보수-500,M67,area,industrial,선폭,윤곽(참고),40.0,-7.543428387033148,3.077908734910876,10.621337121944023,10.0,4.0,1.0621337121944023,불합격,경계,1.0,"배율 industrial 100 ppm, seam 2개; mode area (csv)"
보수-500,M67,area,industrial,구멍지름,치수,-100.0,-0.06408343128214256,0.8197581084762477,0.8838415397583903,25.0,10.0,0.035353661590335615,10:1 통과,,1.0,"배율 industrial 100 ppm, seam 2개; mode area (csv)"
보수-500,M67,area,industrial,길이40,치수,0.0,0.0,20.713280763799826,20.713280763799826,25.0,10.0,0.8285312305519931,4:1 통과,,1.0,"해석 계산; 배율 industrial 100 ppm, seam 2개; mode area (csv)"
보수-500,M67,area,industrial,경계,윤곽(참고),50.0,0.03204171564107128,0.4098790542381239,0.44192076987919515,25.0,10.0,0.017676830795167808,10:1 통과,,1.0,"배율 industrial 100 ppm, seam 2개; mode area (csv)"
보수-500,M67,area,industrial,위치,위치,223.60679774997897,0.0028459660782958634,0.1809882607145898,0.18383422679288566,50.0,20.0,0.003676684535857713,10:1 통과,,1.0,"배율 industrial 100 ppm, seam 2개; mode area (csv)"
보수-500,M68,area,industrial,국소높이,높이,0.0,-0.035583014285962375,2.7610417956670386,2.796624809953001,5.0,2.0,0.5593249619906002,4:1 통과,,1.0,"배율 industrial 100 ppm, seam 3개; mode area (csv)"
보수-500,M68,area,industrial,단차,높이(참고),-20.0,-0.26641815185546874,2.013672250667586,2.280090402523055,5.0,2.0,0.45601808050461096,4:1 통과,,1.0,"배율 industrial 100 ppm, seam 3개; mode area (csv)"
보수-500,M68,area,industrial,국소선폭,윤곽,40.0,-5.482465900350474,2.4645222606278967,7.94698816097837,10.0,4.0,0.794698816097837,4:1 통과,,1.0,"배율 industrial 100 ppm, seam 3개; mode area (csv)"
보수-500,M68,area,industrial,선폭,윤곽(참고),40.0,-5.4828694628576296,2.325922704212318,7.808792167069948,10.0,4.0,0.7808792167069948,4:1 통과,,1.0,"배율 industrial 100 ppm, seam 3개; mode area (csv)"
보수-500,M68,area,industrial,구멍지름,치수,-100.0,0.02134720606622068,0.8479776014986964,0.869324807564917,25.0,10.0,0.03477299230259668,10:1 통과,,1.0,"배율 industrial 100 ppm, seam 3개; mode area (csv)"
보수-500,M68,area,industrial,길이40,치수,0.0,0.0,15.609825965290794,15.609825965290794,25.0,10.0,0.6243930386116318,4:1 통과,,1.0,"해석 계산; 배율 industrial 100 ppm, seam 3개; mode area (csv)"
보수-500,M68,area,industrial,경계,윤곽(참고),50.0,-0.01067360303311034,0.4239888007493482,0.4346624037824585,25.0,10.0,0.01738649615129834,10:1 통과,,1.0,"배율 industrial 100 ppm, seam 3개; mode area (csv)"
보수-500,M68,area,industrial,위치,위치,223.60679774997897,0.011545735705970587,0.11953307532882837,0.13107881103479896,50.0,20.0,0.0026215762206959793,10:1 통과,,1.0,"배율 industrial 100 ppm, seam 3개; mode area (csv)"
보수-500,M69,area,industrial,국소높이,높이,0.0,5.32764415115118,82.9695831570555,88.29722730820667,5.0,2.0,17.659445461641333,불합격,,1.0,"배율 industrial 100 ppm, seam 0개; mode area (csv)"
보수-500,M69,area,industrial,단차,높이(참고),-20.0,-0.46775054931640625,47.92649172362662,48.394242272943025,5.0,2.0,9.678848454588605,불합격,,1.0,"배율 industrial 100 ppm, seam 0개; mode area (csv)"
보수-500,M69,area,industrial,국소선폭,윤곽,40.0,-11.938011700744172,858.6226434968606,870.5606551976048,10.0,4.0,87.05606551976048,불합격,,0.98,"배율 industrial 100 ppm, seam 0개; mode area (csv)"
보수-500,M69,area,industrial,선폭,윤곽(참고),40.0,,,,10.0,4.0,,측정 불가,,0.76,"배율 industrial 100 ppm, seam 0개; mode area (csv)"
보수-500,M69,area,industrial,구멍지름,치수,-100.0,-1.7005206567565256,14.354228645056128,16.054749301812656,25.0,10.0,0.6421899720725063,4:1 통과,,1.0,"배율 industrial 100 ppm, seam 0개; mode area (csv)"
보수-500,M69,area,industrial,길이40,치수,0.0,0.0,99.93331109628393,99.93331109628393,25.0,10.0,3.997332443851357,불합격,,1.0,"해석 계산; 배율 industrial 100 ppm, seam 0개; mode area (csv)"
보수-500,M69,area,industrial,경계,윤곽(참고),50.0,0.8502603283782628,7.177114322528064,8.027374650906328,25.0,10.0,0.32109498603625314,10:1 통과,,1.0,"배율 industrial 100 ppm, seam 0개; mode area (csv)"
보수-500,M69,area,industrial,위치,위치,223.60679774997897,0.17142735103702225,3.9700178739398897,4.141445224976912,50.0,20.0,0.08282890449953824,10:1 통과,,1.0,"배율 industrial 100 ppm, seam 0개; mode area (csv)"
보수-500,M70,area,industrial,국소높이,높이,0.0,-1.6551067646563054,149.09254647273977,150.74765323739607,5.0,2.0,30.149530647479214,불합격,,1.0,"배율 industrial 100 ppm, seam 0개; mode area (csv)"
보수-500,M70,area,industrial,단차,높이(참고),-20.0,-2.9514508056640625,93.40689114969993,96.358341955364,5.0,2.0,19.2716683910728,불합격,,1.0,"배율 industrial 100 ppm, seam 0개; mode area (csv)"
보수-500,M70,area,industrial,국소선폭,윤곽,40.0,67.14500738057278,1034.4550107944365,1101.6000181750092,10.0,4.0,110.16000181750091,불합격,,0.98,"배율 industrial 100 ppm, seam 0개; mode area (csv)"
보수-500,M70,area,industrial,선폭,윤곽(참고),40.0,,,,10.0,4.0,,측정 불가,,0.52,"배율 industrial 100 ppm, seam 0개; mode area (csv)"
보수-500,M70,area,industrial,구멍지름,치수,-100.0,-4.94660054207282,27.651216204481763,32.597816746554585,25.0,10.0,1.3039126698621835,불합격,,1.0,"배율 industrial 100 ppm, seam 0개; mode area (csv)"
보수-500,M70,area,industrial,길이40,치수,0.0,0.0,142.29546725036607,142.29546725036607,25.0,10.0,5.691818690014643,불합격,,1.0,"해석 계산; 배율 industrial 100 ppm, seam 0개; mode area (csv)"
보수-500,M70,area,industrial,경계,윤곽(참고),50.0,2.47330027103641,13.825608102240881,16.298908373277293,25.0,10.0,0.6519563349310917,4:1 통과,,1.0,"배율 industrial 100 ppm, seam 0개; mode area (csv)"
보수-500,M70,area,industrial,위치,위치,223.60679774997897,0.5377724418813203,11.055616051382728,11.593388493264047,50.0,20.0,0.23186776986528096,10:1 통과,,1.0,"배율 industrial 100 ppm, seam 0개; mode area (csv)"
보수-500,M71,area,industrial,국소높이,높이,0.0,-0.32642851875275375,74.18042726334409,74.50685578209684,5.0,2.0,14.901371156419367,불합격,,1.0,"배율 industrial 100 ppm, seam 0개; mode area (csv)"
보수-500,M71,area,industrial,단차,높이(참고),-20.0,-1.0646124267578125,45.71550496010072,46.780117386858535,5.0,2.0,9.356023477371707,불합격,,1.0,"배율 industrial 100 ppm, seam 0개; mode area (csv)"
보수-500,M71,area,industrial,국소선폭,윤곽,40.0,107.7099699378093,360.60361968678455,468.3135896245939,10.0,4.0,46.83135896245939,불합격,,1.0,"배율 industrial 100 ppm, seam 0개; mode area (csv)"
보수-500,M71,area,industrial,선폭,윤곽(참고),40.0,126.18021669832707,356.1403950345574,482.32061173288446,10.0,4.0,48.23206117328844,불합격,,0.96,"배율 industrial 100 ppm, seam 0개; mode area (csv)"
보수-500,M71,area,industrial,구멍지름,치수,-100.0,-2.3851190504165696,32.023391384196984,34.408510434613554,25.0,10.0,1.3763404173845422,불합격,,1.0,"배율 industrial 100 ppm, seam 0개; mode area (csv)"
보수-500,M71,area,industrial,길이40,치수,0.0,0.0,139.03476783404454,139.03476783404454,25.0,10.0,5.5613907133617815,불합격,,1.0,"해석 계산; 배율 industrial 100 ppm, seam 0개; mode area (csv)"
보수-500,M71,area,industrial,경계,윤곽(참고),50.0,1.1925595252082848,16.011695692098492,17.204255217306777,25.0,10.0,0.6881702086922711,4:1 통과,,1.0,"배율 industrial 100 ppm, seam 0개; mode area (csv)"
보수-500,M71,area,industrial,위치,위치,223.60679774997897,0.9938027301614585,8.362030492264498,9.355833222425957,50.0,20.0,0.18711666444851915,10:1 통과,,1.0,"배율 industrial 100 ppm, seam 0개; mode area (csv)"
보수-500,M72,area,industrial,국소높이,높이,0.0,0.2851451726941159,12.123917621503901,12.409062794198018,5.0,2.0,2.4818125588396036,불합격,,1.0,"배율 industrial 100 ppm, seam 0개; mode area (csv)"
보수-500,M72,area,industrial,단차,높이(참고),-20.0,-0.3692559814453125,8.634952898111562,9.004208879556876,5.0,2.0,1.800841775911375,불합격,,1.0,"배율 industrial 100 ppm, seam 0개; mode area (csv)"
보수-500,M72,area,industrial,국소선폭,윤곽,40.0,-5.801770496872484,15.128444947487498,20.93021544435998,10.0,4.0,2.093021544435998,불합격,,1.0,"배율 industrial 100 ppm, seam 0개; mode area (csv)"
보수-500,M72,area,industrial,선폭,윤곽(참고),40.0,-5.439166880488739,11.292322179155219,16.73148905964396,10.0,4.0,1.6731489059643958,불합격,,1.0,"배율 industrial 100 ppm, seam 0개; mode area (csv)"
보수-500,M72,area,industrial,구멍지름,치수,-100.0,-1.4313093602332083,4.288501007156736,5.719810367389944,25.0,10.0,0.22879241469559777,10:1 통과,,1.0,"배율 industrial 100 ppm, seam 0개; mode area (csv)"
보수-500,M72,area,industrial,길이40,치수,0.0,0.0,41.60128203152719,41.60128203152719,25.0,10.0,1.6640512812610877,불합격,,1.0,"해석 계산; 배율 industrial 100 ppm, seam 0개; mode area (csv)"
보수-500,M72,area,industrial,경계,윤곽(참고),50.0,0.7156546801166042,2.144250503578368,2.859905183694972,25.0,10.0,0.11439620734779889,10:1 통과,,1.0,"배율 industrial 100 ppm, seam 0개; mode area (csv)"
보수-500,M72,area,industrial,위치,위치,223.60679774997897,0.1633264602536405,4.299754095833163,4.463080556086803,50.0,20.0,0.08926161112173606,10:1 통과,,1.0,"배율 industrial 100 ppm, seam 0개; mode area (csv)"
보수-500,M73,area,calibrated,국소높이,높이,0.0,0.28983001306441064,4.032631755933139,4.322461768997549,5.0,2.0,0.8644923537995097,4:1 통과,,1.0,"배율 calibrated 20 ppm, seam 0개; mode area (csv)"
보수-500,M73,area,calibrated,단차,높이(참고),-20.0,0.14102630615234374,3.178721934959667,3.3197482411120105,5.0,2.0,0.6639496482224021,4:1 통과,,1.0,"배율 calibrated 20 ppm, seam 0개; mode area (csv)"
보수-500,M73,area,calibrated,국소선폭,윤곽,40.0,-11.255744714227209,4.748835777537055,16.004580491764266,10.0,4.0,1.6004580491764266,불합격,,1.0,"배율 calibrated 20 ppm, seam 0개; mode area (csv)"
보수-500,M73,area,calibrated,선폭,윤곽(참고),40.0,-11.245013660605105,4.192423050357932,15.437436710963038,10.0,4.0,1.5437436710963037,불합격,,1.0,"배율 calibrated 20 ppm, seam 0개; mode area (csv)"
보수-500,M73,area,calibrated,구멍지름,치수,-100.0,-0.20192078564095028,1.4052441144103676,1.607164900051318,25.0,10.0,0.06428659600205272,10:1 통과,,1.0,"배율 calibrated 20 ppm, seam 0개; mode area (csv)"
보수-500,M73,area,calibrated,길이40,치수,0.0,0.0,24.547097588106013,24.547097588106013,25.0,10.0,0.9818839035242405,4:1 통과,,1.0,"해석 계산; 배율 calibrated 20 ppm, seam 0개; mode area (csv)"
보수-500,M73,area,calibrated,경계,윤곽(참고),50.0,0.10096039282047514,0.7026220572051838,0.803582450025659,25.0,10.0,0.03214329800102636,10:1 통과,,1.0,"배율 calibrated 20 ppm, seam 0개; mode area (csv)"
보수-500,M73,area,calibrated,위치,위치,223.60679774997897,0.1646212837394469,1.3587352747490018,1.5233565584884488,50.0,20.0,0.030467131169768975,10:1 통과,,1.0,"배율 calibrated 20 ppm, seam 0개; mode area (csv)"
보수-500,M74,area,calibrated,국소높이,높이,0.0,-3.0129748222596944,34.70432728608845,37.71730210834814,5.0,2.0,7.543460421669629,불합격,,1.0,"배율 calibrated 20 ppm, seam 0개; mode area (csv)"
보수-500,M74,area,calibrated,단차,높이(참고),-20.0,2.884136962890625,27.985339629566695,30.86947659245732,5.0,2.0,6.173895318491464,불합격,,1.0,"배율 calibrated 20 ppm, seam 0개; mode area (csv)"
보수-500,M74,area,calibrated,국소선폭,윤곽,40.0,9.424301795485428,43.402969146927326,52.82727094241275,10.0,4.0,5.282727094241276,불합격,,1.0,"배율 calibrated 20 ppm, seam 0개; mode area (csv)"
보수-500,M74,area,calibrated,선폭,윤곽(참고),40.0,12.23944416999303,20.460059042122975,32.69950321211601,10.0,4.0,3.2699503212116006,불합격,,1.0,"배율 calibrated 20 ppm, seam 0개; mode area (csv)"
보수-500,M74,area,calibrated,구멍지름,치수,-100.0,-0.4000190659271175,1.1713243620654605,1.571343427992578,25.0,10.0,0.06285373711970312,10:1 통과,,1.0,"배율 calibrated 20 ppm, seam 0개; mode area (csv)"
보수-500,M74,area,calibrated,길이40,치수,0.0,0.0,20.47502543750964,20.47502543750964,25.0,10.0,0.8190010175003856,4:1 통과,,1.0,"해석 계산; 배율 calibrated 20 ppm, seam 0개; mode area (csv)"
보수-500,M74,area,calibrated,경계,윤곽(참고),50.0,0.20000953296355875,0.5856621810327303,0.785671713996289,25.0,10.0,0.03142686855985156,10:1 통과,,1.0,"배율 calibrated 20 ppm, seam 0개; mode area (csv)"
보수-500,M74,area,calibrated,위치,위치,223.60679774997897,0.5496131034433631,6.861549904561389,7.411163008004752,50.0,20.0,0.14822326016009504,10:1 통과,,1.0,"배율 calibrated 20 ppm, seam 0개; mode area (csv)"
보수-500,M75,area,industrial,국소높이,높이,0.0,0.7986330360582923,34.14311062996983,34.941743666028124,5.0,2.0,6.988348733205624,불합격,,1.0,"배율 industrial 100 ppm, seam 0개; mode area (csv)"
보수-500,M75,area,industrial,단차,높이(참고),-20.0,0.40753509521484377,29.21270536806584,29.620240463280684,5.0,2.0,5.924048092656137,불합격,,1.0,"배율 industrial 100 ppm, seam 0개; mode area (csv)"
보수-500,M75,area,industrial,국소선폭,윤곽,40.0,-0.25101232287029535,35.19182656468084,35.44283888755113,10.0,4.0,3.544283888755113,불합격,,1.0,"배율 industrial 100 ppm, seam 0개; mode area (csv)"
보수-500,M75,area,industrial,선폭,윤곽(참고),40.0,1.5080767475956247,16.510475978175112,18.018552725770736,10.0,4.0,1.8018552725770736,불합격,,1.0,"배율 industrial 100 ppm, seam 0개; mode area (csv)"
보수-500,M75,area,industrial,구멍지름,치수,-100.0,-0.20840813869853264,0.6493953155500073,0.85780345424854,25.0,10.0,0.0343121381699416,10:1 통과,,1.0,"배율 industrial 100 ppm, seam 0개; mode area (csv)"
보수-500,M75,area,industrial,길이40,치수,0.0,0.0,18.18424226264781,18.18424226264781,25.0,10.0,0.7273696905059124,4:1 통과,,1.0,"해석 계산; 배율 industrial 100 ppm, seam 0개; mode area (csv)"
보수-500,M75,area,industrial,경계,윤곽(참고),50.0,0.10420406934926632,0.32469765777500365,0.42890172712427,25.0,10.0,0.0171560690849708,10:1 통과,,1.0,"배율 industrial 100 ppm, seam 0개; mode area (csv)"
보수-500,M75,area,industrial,위치,위치,223.60679774997897,0.4659068672355832,5.9709815970088265,6.43688846424441,50.0,20.0,0.1287377692848882,10:1 통과,,1.0,"배율 industrial 100 ppm, seam 0개; mode area (csv)"
보수-500,M76,area,industrial,국소높이,높이,0.0,0.4979051638354511,14.705242485722268,15.20314764955772,5.0,2.0,3.040629529911544,불합격,,1.0,"배율 industrial 100 ppm, seam 0개; mode area (csv)"
보수-500,M76,area,industrial,단차,높이(참고),-20.0,-0.35795440673828127,9.647890633706432,10.005845040444713,5.0,2.0,2.001169008088943,불합격,,1.0,"배율 industrial 100 ppm, seam 0개; mode area (csv)"
보수-500,M76,area,industrial,국소선폭,윤곽,40.0,-7.641467561387421,14.842739895789324,22.484207457176744,10.0,4.0,2.2484207457176746,불합격,,1.0,"배율 industrial 100 ppm, seam 0개; mode area (csv)"
보수-500,M76,area,industrial,선폭,윤곽(참고),40.0,-7.161904722069231,9.940284174609213,17.10218889667844,10.0,4.0,1.710218889667844,불합격,,1.0,"배율 industrial 100 ppm, seam 0개; mode area (csv)"
보수-500,M76,area,industrial,구멍지름,치수,-100.0,-0.2569086936045642,2.944269794291556,3.20117848789612,25.0,10.0,0.1280471395158448,10:1 통과,,1.0,"배율 industrial 100 ppm, seam 0개; mode area (csv)"
보수-500,M76,area,industrial,길이40,치수,0.0,0.0,33.62538723444931,33.62538723444931,25.0,10.0,1.3450154893779724,불합격,,1.0,"해석 계산; 배율 industrial 100 ppm, seam 0개; mode area (csv)"
보수-500,M76,area,industrial,경계,윤곽(참고),50.0,0.1284543468022821,1.472134897145778,1.60058924394806,25.0,10.0,0.0640235697579224,10:1 통과,,1.0,"배율 industrial 100 ppm, seam 0개; mode area (csv)"
보수-500,M76,area,industrial,위치,위치,223.60679774997897,0.3039778732433111,3.0515634135202303,3.3555412867635415,50.0,20.0,0.06711082573527083,10:1 통과,,1.0,"배율 industrial 100 ppm, seam 0개; mode area (csv)"
보수-500,M77,area,industrial,국소높이,높이,0.0,-0.7684618532598428,14.635341432625644,15.403803285885488,5.0,2.0,3.0807606571770974,불합격,,1.0,"배율 industrial 100 ppm, seam 0개; mode area (csv)"
보수-500,M77,area,industrial,단차,높이(참고),-20.0,-1.5893936157226562,9.372522328904319,10.961915944626975,5.0,2.0,2.192383188925395,불합격,,1.0,"배율 industrial 100 ppm, seam 0개; mode area (csv)"
보수-500,M77,area,industrial,국소선폭,윤곽,40.0,-7.338307764894099,14.418461878111772,21.75676964300587,10.0,4.0,2.175676964300587,불합격,,1.0,"배율 industrial 100 ppm, seam 0개; mode area (csv)"
보수-500,M77,area,industrial,선폭,윤곽(참고),40.0,-7.03802088286028,9.834770620174929,16.87279150303521,10.0,4.0,1.687279150303521,불합격,,1.0,"배율 industrial 100 ppm, seam 0개; mode area (csv)"
보수-500,M77,area,industrial,구멍지름,치수,-100.0,-0.6401338243617556,2.923586485188837,3.5637203095505923,25.0,10.0,0.1425488123820237,10:1 통과,,1.0,"배율 industrial 100 ppm, seam 0개; mode area (csv)"
보수-500,M77,area,industrial,길이40,치수,0.0,0.0,33.62538723444931,33.62538723444931,25.0,10.0,1.3450154893779724,불합격,,1.0,"해석 계산; 배율 industrial 100 ppm, seam 0개; mode area (csv)"
보수-500,M77,area,industrial,경계,윤곽(참고),50.0,0.3200669121808778,1.4617932425944185,1.7818601547752961,25.0,10.0,0.07127440619101184,10:1 통과,,1.0,"배율 industrial 100 ppm, seam 0개; mode area (csv)"
보수-500,M77,area,industrial,위치,위치,223.60679774997897,0.2699111983875833,3.1258136213149545,3.395724819702538,50.0,20.0,0.06791449639405076,10:1 통과,,1.0,"배율 industrial 100 ppm, seam 0개; mode area (csv)"
보수-500,M78,area,industrial,국소높이,높이,0.0,4.329947601465385,53.231016511701256,57.56096411316664,5.0,2.0,11.512192822633327,불합격,,1.0,"배율 industrial 100 ppm, seam 0개; mode area (csv)"
보수-500,M78,area,industrial,단차,높이(참고),-20.0,3.5422433471679686,40.55177329250012,44.09401663966809,5.0,2.0,8.818803327933619,불합격,,1.0,"배율 industrial 100 ppm, seam 0개; mode area (csv)"
보수-500,M78,area,industrial,국소선폭,윤곽,40.0,14.801636241946625,83.3508331036332,98.15246934557983,10.0,4.0,9.815246934557983,불합격,,1.0,"배율 industrial 100 ppm, seam 0개; mode area (csv)"
보수-500,M78,area,industrial,선폭,윤곽(참고),40.0,19.22192358572353,44.423041193491414,63.644964779214945,10.0,4.0,6.364496477921494,불합격,,1.0,"배율 industrial 100 ppm, seam 0개; mode area (csv)"
보수-500,M78,area,industrial,구멍지름,치수,-100.0,-2.1635130080406815,10.59006922256464,12.753582230605321,25.0,10.0,0.5101432892242128,4:1 통과,,1.0,"배율 industrial 100 ppm, seam 0개; mode area (csv)"
보수-500,M78,area,industrial,길이40,치수,0.0,0.0,69.86176827612272,69.86176827612272,25.0,10.0,2.7944707310449086,불합격,,1.0,"해석 계산; 배율 industrial 100 ppm, seam 0개; mode area (csv)"
보수-500,M78,area,industrial,경계,윤곽(참고),50.0,1.0817565040203407,5.29503461128232,6.376791115302661,25.0,10.0,0.2550716446121064,10:1 통과,,1.0,"배율 industrial 100 ppm, seam 0개; mode area (csv)"
보수-500,M78,area,industrial,위치,위치,223.60679774997897,0.19658196219131233,4.480477366409691,4.677059328601003,50.0,20.0,0.09354118657202007,10:1 통과,,1.0,"배율 industrial 100 ppm, seam 0개; mode area (csv)"
보수-500,M79,area,calibrated,국소높이,높이,0.0,-0.10995060260672836,7.215432782277976,7.325383384884704,5.0,2.0,1.4650766769769408,불합격,,1.0,"배율 calibrated 20 ppm, seam 0개; mode area (csv)"
보수-500,M79,area,calibrated,단차,높이(참고),-20.0,-0.3015658569335937,5.0497062678403415,5.351272124773935,5.0,2.0,1.070254424954787,불합격,경계,1.0,"배율 calibrated 20 ppm, seam 0개; mode area (csv)"
보수-500,M79,area,calibrated,국소선폭,윤곽,40.0,-5.569139779786081,12.607685328792943,18.176825108579024,10.0,4.0,1.8176825108579024,불합격,,1.0,"배율 calibrated 20 ppm, seam 0개; mode area (csv)"
보수-500,M79,area,calibrated,선폭,윤곽(참고),40.0,-5.5566385630845545,11.798527469970573,17.355166033055127,10.0,4.0,1.7355166033055127,불합격,,1.0,"배율 calibrated 20 ppm, seam 0개; mode area (csv)"
보수-500,M79,area,calibrated,구멍지름,치수,-100.0,-0.14987707072922604,1.5616732149155472,1.7115502856447733,25.0,10.0,0.06846201142579093,10:1 통과,,1.0,"배율 calibrated 20 ppm, seam 0개; mode area (csv)"
보수-500,M79,area,calibrated,길이40,치수,0.0,0.0,20.47502543750964,20.47502543750964,25.0,10.0,0.8190010175003856,4:1 통과,,1.0,"해석 계산; 배율 calibrated 20 ppm, seam 0개; mode area (csv)"
보수-500,M79,area,calibrated,경계,윤곽(참고),50.0,0.07493853536461302,0.7808366074577736,0.8557751428223866,25.0,10.0,0.03423100571289547,10:1 통과,,1.0,"배율 calibrated 20 ppm, seam 0개; mode area (csv)"
보수-500,M79,area,calibrated,위치,위치,223.60679774997897,0.11737832147718404,0.8750758341465433,0.9924541556237274,50.0,20.0,0.019849083112474547,10:1 통과,,1.0,"배율 calibrated 20 ppm, seam 0개; mode area (csv)"
보수-500,M80,area,calibrated,국소높이,높이,0.0,-0.01221245995422588,1.3226231728514921,1.334835632805718,5.0,2.0,0.26696712656114363,10:1 통과,,1.0,"xy_step 1.38 < 2 µm → 2 µm 로 처리; 배율 calibrated 20 ppm, seam 14개; mode area (csv)"
보수-500,M80,area,calibrated,단차,높이(참고),-20.0,-0.0095379638671875,0.8544490966572936,0.8639870605244812,5.0,2.0,0.17279741210489624,10:1 통과,,1.0,"xy_step 1.38 < 2 µm → 2 µm 로 처리; 배율 calibrated 20 ppm, seam 14개; mode area (csv)"
보수-500,M80,area,calibrated,국소선폭,윤곽,40.0,-18.017198585508535,1.010786364728844,19.02798495023738,10.0,4.0,1.9027984950237378,불합격,,1.0,"xy_step 1.38 < 2 µm → 2 µm 로 처리; 배율 calibrated 20 ppm, seam 14개; mode area (csv)"
보수-500,M80,area,calibrated,선폭,윤곽(참고),40.0,-18.019440971372966,0.9700786231326994,18.989519594505666,10.0,4.0,1.8989519594505666,불합격,,1.0,"xy_step 1.38 < 2 µm → 2 µm 로 처리; 배율 calibrated 20 ppm, seam 14개; mode area (csv)"
보수-500,M80,area,calibrated,구멍지름,치수,-100.0,-0.058030914085084075,0.1805966570795363,0.23862757116462036,25.0,10.0,0.009545102846584814,10:1 통과,,1.0,"xy_step 1.38 < 2 µm → 2 µm 로 처리; 배율 calibrated 20 ppm, seam 14개; mode area (csv)"
보수-500,M80,area,calibrated,길이40,치수,0.0,0.0,7.824747067264645,7.824747067264645,25.0,10.0,0.3129898826905858,10:1 통과,,1.0,"해석 계산; xy_step 1.38 < 2 µm → 2 µm 로 처리; 배율 calibrated 20 ppm, seam 14개; mode area (csv)"
보수-500,M80,area,calibrated,경계,윤곽(참고),50.0,0.029015457042542037,0.09029832853976814,0.11931378558231018,25.0,10.0,0.004772551423292407,10:1 통과,,1.0,"xy_step 1.38 < 2 µm → 2 µm 로 처리; 배율 calibrated 20 ppm, seam 14개; mode area (csv)"
보수-500,M80,area,calibrated,위치,위치,223.60679774997897,0.08186811829747234,1.183356519939427,1.2652246382368992,50.0,20.0,0.025304492764737986,10:1 통과,,1.0,"xy_step 1.38 < 2 µm → 2 µm 로 처리; 배율 calibrated 20 ppm, seam 14개; mode area (csv)"
보수-500,M81,area,calibrated,국소높이,높이,0.0,0.025248273894378254,0.31328721579497754,0.33853548968935576,5.0,2.0,0.06770709793787115,10:1 통과,,1.0,"배율 calibrated 20 ppm, seam 15개; mode area (csv)"
보수-500,M81,area,calibrated,단차,높이(참고),-20.0,-0.0076763916015625,0.2439853949990623,0.2516617866006248,5.0,2.0,0.05033235732012496,10:1 통과,,1.0,"배율 calibrated 20 ppm, seam 15개; mode area (csv)"
보수-500,M81,area,calibrated,국소선폭,윤곽,40.0,-84.84026959135686,1.4240708966358324,86.26434048799268,10.0,4.0,8.626434048799268,불합격,,1.0,"배율 calibrated 20 ppm, seam 15개; mode area (csv)"
보수-500,M81,area,calibrated,선폭,윤곽(참고),40.0,-84.84031214155279,1.4338745740269818,86.27418671557977,10.0,4.0,8.627418671557978,불합격,,1.0,"배율 calibrated 20 ppm, seam 15개; mode area (csv)"
보수-500,M81,area,calibrated,구멍지름,치수,-100.0,0.018098427415125115,0.17326937248082977,0.19136779989595487,25.0,10.0,0.007654711995838195,10:1 통과,,1.0,"배율 calibrated 20 ppm, seam 15개; mode area (csv)"
보수-500,M81,area,calibrated,길이40,치수,0.0,0.0,10.414733153886694,10.414733153886694,25.0,10.0,0.41658932615546773,4:1 통과,,1.0,"해석 계산; 배율 calibrated 20 ppm, seam 15개; mode area (csv)"
보수-500,M81,area,calibrated,경계,윤곽(참고),50.0,-0.009049213707562558,0.08663468624041488,0.09568389994797744,25.0,10.0,0.0038273559979190973,10:1 통과,,1.0,"배율 calibrated 20 ppm, seam 15개; mode area (csv)"
보수-500,M81,area,calibrated,위치,위치,223.60679774997897,0.019349547966446425,0.11862684871754259,0.137976396683989,50.0,20.0,0.00275952793367978,10:1 통과,,1.0,"배율 calibrated 20 ppm, seam 15개; mode area (csv)"
보수-500,M82,area,industrial,국소높이,높이,0.0,0.23601132812143405,4.837225440121445,5.07323676824288,5.0,2.0,1.0146473536485758,불합격,경계,1.0,"xy_step 1.06 < 2 µm → 2 µm 로 처리; 배율 industrial 100 ppm, seam 17개; mode area (csv)"
보수-500,M82,area,industrial,단차,높이(참고),-20.0,0.05777557373046875,2.768396776449503,2.826172350179972,5.0,2.0,0.5652344700359944,4:1 통과,,1.0,"xy_step 1.06 < 2 µm → 2 µm 로 처리; 배율 industrial 100 ppm, seam 17개; mode area (csv)"
보수-500,M82,area,industrial,국소선폭,윤곽,40.0,-0.09388897726652475,1.4345833976046793,1.5284723748712041,10.0,4.0,0.15284723748712042,10:1 통과,,1.0,"xy_step 1.06 < 2 µm → 2 µm 로 처리; 배율 industrial 100 ppm, seam 17개; mode area (csv)"
보수-500,M82,area,industrial,선폭,윤곽(참고),40.0,-0.09677608058055398,0.556576353094825,0.653352433675379,10.0,4.0,0.0653352433675379,10:1 통과,,1.0,"xy_step 1.06 < 2 µm → 2 µm 로 처리; 배율 industrial 100 ppm, seam 17개; mode area (csv)"
보수-500,M82,area,industrial,구멍지름,치수,-100.0,0.08522495529135994,0.8694456788621634,0.9546706341535234,25.0,10.0,0.03818682536614094,10:1 통과,,1.0,"xy_step 1.06 < 2 µm → 2 µm 로 처리; 배율 industrial 100 ppm, seam 17개; mode area (csv)"
보수-500,M82,area,industrial,길이40,치수,0.0,0.0,11.604596790352806,11.604596790352806,25.0,10.0,0.46418387161411223,4:1 통과,,1.0,"해석 계산; xy_step 1.06 < 2 µm → 2 µm 로 처리; 배율 industrial 100 ppm, seam 17개; mode area (csv)"
보수-500,M82,area,industrial,경계,윤곽(참고),50.0,-0.04261247764567997,0.4347228394310817,0.4773353170767617,25.0,10.0,0.01909341268307047,10:1 통과,,1.0,"xy_step 1.06 < 2 µm → 2 µm 로 처리; 배율 industrial 100 ppm, seam 17개; mode area (csv)"
보수-500,M82,area,industrial,위치,위치,223.60679774997897,0.13906225190325422,1.145836197719401,1.2848984496226552,50.0,20.0,0.025697968992453104,10:1 통과,,1.0,"xy_step 1.06 < 2 µm → 2 µm 로 처리; 배율 industrial 100 ppm, seam 17개; mode area (csv)"
보수-500,M83,area,industrial,국소높이,높이,0.0,-0.17882867344812797,3.196919697185524,3.375748370633652,5.0,2.0,0.6751496741267304,4:1 통과,,1.0,"xy_step 1.6 < 2 µm → 2 µm 로 처리; 배율 industrial 100 ppm, seam 20개; mode area (csv)"
보수-500,M83,area,industrial,단차,높이(참고),-20.0,-0.1892877197265625,2.4777562145620036,2.667043934288566,5.0,2.0,0.5334087868577132,4:1 통과,,1.0,"xy_step 1.6 < 2 µm → 2 µm 로 처리; 배율 industrial 100 ppm, seam 20개; mode area (csv)"
보수-500,M83,area,industrial,국소선폭,윤곽,40.0,-0.043370069212599054,1.000360679203867,1.0437307484164662,10.0,4.0,0.10437307484164662,10:1 통과,,1.0,"xy_step 1.6 < 2 µm → 2 µm 로 처리; 배율 industrial 100 ppm, seam 20개; mode area (csv)"
보수-500,M83,area,industrial,선폭,윤곽(참고),40.0,-0.03919171564702879,0.4715759605425647,0.5107676761895935,10.0,4.0,0.05107676761895935,10:1 통과,,1.0,"xy_step 1.6 < 2 µm → 2 µm 로 처리; 배율 industrial 100 ppm, seam 20개; mode area (csv)"
보수-500,M83,area,industrial,구멍지름,치수,-100.0,-0.004201264092471319,0.781450624551906,0.7856518886443773,25.0,10.0,0.03142607554577509,10:1 통과,,1.0,"xy_step 1.6 < 2 µm → 2 µm 로 처리; 배율 industrial 100 ppm, seam 20개; mode area (csv)"
보수-500,M83,area,industrial,길이40,치수,0.0,0.0,12.110601416389967,12.110601416389967,25.0,10.0,0.4844240566555987,4:1 통과,,1.0,"해석 계산; xy_step 1.6 < 2 µm → 2 µm 로 처리; 배율 industrial 100 ppm, seam 20개; mode area (csv)"
보수-500,M83,area,industrial,경계,윤곽(참고),50.0,0.0021006320462356597,0.390725312275953,0.39282594432218865,25.0,10.0,0.015713037772887545,10:1 통과,,1.0,"xy_step 1.6 < 2 µm → 2 µm 로 처리; 배율 industrial 100 ppm, seam 20개; mode area (csv)"
보수-500,M83,area,industrial,위치,위치,223.60679774997897,0.03484655896746682,1.2709137719194994,1.3057603308869663,50.0,20.0,0.026115206617739327,10:1 통과,,1.0,"xy_step 1.6 < 2 µm → 2 µm 로 처리; 배율 industrial 100 ppm, seam 20개; mode area (csv)"
보수-500,M84,area,calibrated,국소높이,높이,0.0,-0.03299944232461109,0.856025095257691,0.889024537582302,5.0,2.0,0.17780490751646041,10:1 통과,,1.0,"배율 calibrated 20 ppm, seam 10개; mode area (csv)"
보수-500,M84,area,calibrated,단차,높이(참고),-20.0,-0.01159820556640625,0.544349137309351,0.5559473428757572,5.0,2.0,0.11118946857515144,10:1 통과,,1.0,"배율 calibrated 20 ppm, seam 10개; mode area (csv)"
보수-500,M84,area,calibrated,국소선폭,윤곽,40.0,-84.80731133448798,0.6853708730046928,85.49268220749266,10.0,4.0,8.549268220749266,불합격,,1.0,"배율 calibrated 20 ppm, seam 10개; mode area (csv)"
보수-500,M84,area,calibrated,선폭,윤곽(참고),40.0,-84.80781146671667,0.5936775719324766,85.40148903864915,10.0,4.0,8.540148903864914,불합격,,1.0,"배율 calibrated 20 ppm, seam 10개; mode area (csv)"
보수-500,M84,area,calibrated,구멍지름,치수,-100.0,-0.018017970956643693,0.1820335469424457,0.2000515178990894,25.0,10.0,0.008002060715963577,10:1 통과,,1.0,"배율 calibrated 20 ppm, seam 10개; mode area (csv)"
보수-500,M84,area,calibrated,길이40,치수,0.0,0.0,10.346993121997649,10.346993121997649,25.0,10.0,0.41387972487990593,4:1 통과,,1.0,"해석 계산; 배율 calibrated 20 ppm, seam 10개; mode area (csv)"
보수-500,M84,area,calibrated,경계,윤곽(참고),50.0,0.009008985478321846,0.09101677347122285,0.1000257589495447,25.0,10.0,0.004001030357981788,10:1 통과,,1.0,"배율 calibrated 20 ppm, seam 10개; mode area (csv)"
보수-500,M84,area,calibrated,위치,위치,223.60679774997897,0.0018421114891435033,0.03296523038095834,0.03480734187010184,50.0,20.0,0.0006961468374020368,10:1 통과,,1.0,"배율 calibrated 20 ppm, seam 10개; mode area (csv)"
보수-500,M85,area,calibrated,국소높이,높이,0.0,0.02658277828885253,0.6706255940699268,0.6972083723587794,5.0,2.0,0.13944167447175587,10:1 통과,,1.0,"배율 calibrated 20 ppm, seam 0개; mode area (csv)"
보수-500,M85,area,calibrated,단차,높이(참고),-20.0,-0.0175048828125,0.4986375527306118,0.5161424355431118,5.0,2.0,0.10322848710862235,10:1 통과,,1.0,"배율 calibrated 20 ppm, seam 0개; mode area (csv)"
보수-500,M85,area,calibrated,국소선폭,윤곽,40.0,-0.6954627777197453,0.8552500809474047,1.5507128586671501,10.0,4.0,0.155071285866715,10:1 통과,,1.0,"배율 calibrated 20 ppm, seam 0개; mode area (csv)"
보수-500,M85,area,calibrated,선폭,윤곽(참고),40.0,-0.6939604379220851,0.8391071698231258,1.533067607745211,10.0,4.0,0.1533067607745211,10:1 통과,,1.0,"배율 calibrated 20 ppm, seam 0개; mode area (csv)"
보수-500,M85,area,calibrated,구멍지름,치수,-100.0,-0.020771840044662895,0.3285607846875603,0.34933262473222315,25.0,10.0,0.013973304989288926,10:1 통과,,1.0,"배율 calibrated 20 ppm, seam 0개; mode area (csv)"
보수-500,M85,area,calibrated,길이40,치수,0.0,0.0,8.320256406305438,8.320256406305438,25.0,10.0,0.3328102562522175,10:1 통과,,1.0,"해석 계산; 배율 calibrated 20 ppm, seam 0개; mode area (csv)"
보수-500,M85,area,calibrated,경계,윤곽(참고),50.0,0.010385920022331447,0.16428039234378014,0.17466631236611158,25.0,10.0,0.006986652494644463,10:1 통과,,1.0,"배율 calibrated 20 ppm, seam 0개; mode area (csv)"
보수-500,M85,area,calibrated,위치,위치,223.60679774997897,0.15218974716779865,1.3814990732987595,1.5336888204665582,50.0,20.0,0.030673776409331163,10:1 통과,,1.0,"배율 calibrated 20 ppm, seam 0개; mode area (csv)"
보수-500,M86,area,calibrated,국소높이,높이,0.0,0.06938922949914454,0.6753026184812866,0.7446918479804311,5.0,2.0,0.14893836959608622,10:1 통과,,1.0,"배율 calibrated 20 ppm, seam 0개; mode area (csv)"
보수-500,M86,area,calibrated,단차,높이(참고),-20.0,-0.03856536865234375,0.42192297158197883,0.4604883402343226,5.0,2.0,0.09209766804686452,10:1 통과,,1.0,"배율 calibrated 20 ppm, seam 0개; mode area (csv)"
보수-500,M86,area,calibrated,국소선폭,윤곽,40.0,-0.7366109441802592,0.7572425644849778,1.4938535086652371,10.0,4.0,0.14938535086652371,10:1 통과,,1.0,"배율 calibrated 20 ppm, seam 0개; mode area (csv)"
보수-500,M86,area,calibrated,선폭,윤곽(참고),40.0,-0.7372951355342536,0.7339100126559517,1.4712051481902053,10.0,4.0,0.14712051481902053,10:1 통과,,1.0,"배율 calibrated 20 ppm, seam 0개; mode area (csv)"
보수-500,M86,area,calibrated,구멍지름,치수,-100.0,0.029391593388854744,0.21197733645835992,0.24136892984721467,25.0,10.0,0.009654757193888587,10:1 통과,,1.0,"배율 calibrated 20 ppm, seam 0개; mode area (csv)"
보수-500,M86,area,calibrated,길이40,치수,0.0,0.0,8.320256406305438,8.320256406305438,25.0,10.0,0.3328102562522175,10:1 통과,,1.0,"해석 계산; 배율 calibrated 20 ppm, seam 0개; mode area (csv)"
보수-500,M86,area,calibrated,경계,윤곽(참고),50.0,-0.014695796694427372,0.10598866822917996,0.12068446492360733,25.0,10.0,0.004827378596944294,10:1 통과,,1.0,"배율 calibrated 20 ppm, seam 0개; mode area (csv)"
보수-500,M86,area,calibrated,위치,위치,223.60679774997897,0.014688331438198405,1.2362849005958758,1.2509732320340743,50.0,20.0,0.025019464640681485,10:1 통과,,1.0,"배율 calibrated 20 ppm, seam 0개; mode area (csv)"
보수-500,M87,area,calibrated,국소높이,높이,0.0,-0.009027241214475294,0.343225737208331,0.3522529784228063,5.0,2.0,0.07045059568456126,10:1 통과,,1.0,"xy_step 1.6 < 2 µm → 2 µm 로 처리; 배율 calibrated 20 ppm, seam 12개; mode area (csv)"
보수-500,M87,area,calibrated,단차,높이(참고),-20.0,0.02600250244140625,0.21486915792449232,0.24087166036589858,5.0,2.0,0.04817433207317971,10:1 통과,,1.0,"xy_step 1.6 < 2 µm → 2 µm 로 처리; 배율 calibrated 20 ppm, seam 12개; mode area (csv)"
보수-500,M87,area,calibrated,국소선폭,윤곽,40.0,-67.84066664051838,0.1491037144549593,67.98977035497333,10.0,4.0,6.798977035497333,불합격,,1.0,"xy_step 1.6 < 2 µm → 2 µm 로 처리; 배율 calibrated 20 ppm, seam 12개; mode area (csv)"
보수-500,M87,area,calibrated,선폭,윤곽(참고),40.0,-67.84041074207103,0.11543806955618072,67.9558488116272,10.0,4.0,6.79558488116272,불합격,,1.0,"xy_step 1.6 < 2 µm → 2 µm 로 처리; 배율 calibrated 20 ppm, seam 12개; mode area (csv)"
보수-500,M87,area,calibrated,구멍지름,치수,-100.0,0.02434991076123879,0.1500918697791682,0.174441780540407,25.0,10.0,0.0069776712216162795,10:1 통과,,1.0,"xy_step 1.6 < 2 µm → 2 µm 로 처리; 배율 calibrated 20 ppm, seam 12개; mode area (csv)"
보수-500,M87,area,calibrated,길이40,치수,0.0,0.0,7.295660810829041,7.295660810829041,25.0,10.0,0.29182643243316164,10:1 통과,,1.0,"해석 계산; xy_step 1.6 < 2 µm → 2 µm 로 처리; 배율 calibrated 20 ppm, seam 12개; mode area (csv)"
보수-500,M87,area,calibrated,경계,윤곽(참고),50.0,-0.012174955380619395,0.0750459348895841,0.0872208902702035,25.0,10.0,0.0034888356108081398,10:1 통과,,1.0,"xy_step 1.6 < 2 µm → 2 µm 로 처리; 배율 calibrated 20 ppm, seam 12개; mode area (csv)"
보수-500,M87,area,calibrated,위치,위치,223.60679774997897,0.04135422290831445,1.2020690818733608,1.2434233047816752,50.0,20.0,0.024868466095633503,10:1 통과,,1.0,"xy_step 1.6 < 2 µm → 2 µm 로 처리; 배율 calibrated 20 ppm, seam 12개; mode area (csv)"
보수-500,M88,area,industrial,국소높이,높이,0.0,0.05596435415527362,0.4306388976290338,0.4866032517843074,5.0,2.0,0.09732065035686148,10:1 통과,,1.0,"배율 industrial 100 ppm, seam 11개; mode area (csv)"
보수-500,M88,area,industrial,단차,높이(참고),-20.0,0.01120819091796875,0.29947517021919184,0.3106833611371606,5.0,2.0,0.06213667222743212,10:1 통과,,1.0,"배율 industrial 100 ppm, seam 11개; mode area (csv)"
보수-500,M88,area,industrial,국소선폭,윤곽,40.0,-79.78313376373447,3.2624075995518598,83.04554136328633,10.0,4.0,8.304554136328633,불합격,,1.0,"배율 industrial 100 ppm, seam 11개; mode area (csv)"
보수-500,M88,area,industrial,선폭,윤곽(참고),40.0,-79.78504499526221,3.2877714238687754,83.07281641913099,10.0,4.0,8.307281641913098,불합격,,1.0,"배율 industrial 100 ppm, seam 11개; mode area (csv)"
보수-500,M88,area,industrial,구멍지름,치수,-100.0,-0.023920518238464864,0.6715258074670267,0.6954463257054916,25.0,10.0,0.027817853028219663,10:1 통과,,1.0,"배율 industrial 100 ppm, seam 11개; mode area (csv)"
보수-500,M88,area,industrial,길이40,치수,0.0,0.0,22.637726623198425,22.637726623198425,25.0,10.0,0.905509064927937,4:1 통과,,1.0,"해석 계산; 배율 industrial 100 ppm, seam 11개; mode area (csv)"
보수-500,M88,area,industrial,경계,윤곽(참고),50.0,0.011960259119232432,0.33576290373351336,0.3477231628527458,25.0,10.0,0.013908926514109831,10:1 통과,,1.0,"배율 industrial 100 ppm, seam 11개; mode area (csv)"
보수-500,M88,area,industrial,위치,위치,223.60679774997897,0.008010526589099742,0.13623108053237878,0.14424160712147852,50.0,20.0,0.0028848321424295702,10:1 통과,,1.0,"배율 industrial 100 ppm, seam 11개; mode area (csv)"
보수-500,M89,area,diy,국소높이,높이,0.0,-7.778362148677182,66.52749842051934,74.30586056919651,5.0,2.0,14.861172113839302,불합격,,1.0,"배율 diy 500 ppm, seam 0개; mode area (csv)"
보수-500,M89,area,diy,단차,높이(참고),-20.0,2.7534515380859377,48.036096141684055,50.789547679769996,5.0,2.0,10.157909535954,불합격,,1.0,"배율 diy 500 ppm, seam 0개; mode area (csv)"
보수-500,M89,area,diy,국소선폭,윤곽,40.0,-8.141735594149276,69.89124264889631,78.03297824304559,10.0,4.0,7.803297824304559,불합격,,1.0,"배율 diy 500 ppm, seam 0개; mode area (csv)"
보수-500,M89,area,diy,선폭,윤곽(참고),40.0,1.9493859725557445,28.842256801298273,30.79164277385402,10.0,4.0,3.0791642773854018,불합격,,1.0,"배율 diy 500 ppm, seam 0개; mode area (csv)"
보수-500,M89,area,diy,구멍지름,치수,-100.0,-0.1966937232908367,5.890015279498403,6.08670900278924,25.0,10.0,0.24346836011156958,10:1 통과,,1.0,"배율 diy 500 ppm, seam 0개; mode area (csv)"
보수-500,M89,area,diy,길이40,치수,0.0,0.0,50.12650662739891,50.12650662739891,25.0,10.0,2.0050602650959566,불합격,,1.0,"해석 계산; 배율 diy 500 ppm, seam 0개; mode area (csv)"
보수-500,M89,area,diy,경계,윤곽(참고),50.0,0.09834686164541835,2.9450076397492015,3.04335450139462,25.0,10.0,0.12173418005578479,10:1 통과,,1.0,"배율 diy 500 ppm, seam 0개; mode area (csv)"
보수-500,M89,area,diy,위치,위치,223.60679774997897,0.03531189020216259,1.0968293678316063,1.1321412580337689,50.0,20.0,0.022642825160675378,10:1 통과,,1.0,"배율 diy 500 ppm, seam 0개; mode area (csv)"
보수-500,M90,area,diy,국소높이,높이,0.0,-0.0013913596850374688,7.714822405102064,7.716213764787101,5.0,2.0,1.5432427529574202,불합격,,1.0,"배율 diy 500 ppm, seam 6개; mode area (csv)"
보수-500,M90,area,diy,단차,높이(참고),-20.0,0.0221148681640625,4.860118974012256,4.882233842176318,5.0,2.0,0.9764467684352637,4:1 통과,,1.0,"배율 diy 500 ppm, seam 6개; mode area (csv)"
보수-500,M90,area,diy,국소선폭,윤곽,40.0,-10.825104641568828,2.3359218400303066,13.161026481599134,10.0,4.0,1.3161026481599134,불합격,,1.0,"배율 diy 500 ppm, seam 6개; mode area (csv)"
보수-500,M90,area,diy,선폭,윤곽(참고),40.0,-10.821346059566624,0.9991717332636798,11.820517792830303,10.0,4.0,1.1820517792830303,불합격,경계,1.0,"배율 diy 500 ppm, seam 6개; mode area (csv)"
보수-500,M90,area,diy,구멍지름,치수,-100.0,-0.21827531534155242,3.8053661275175763,4.0236414428591285,25.0,10.0,0.16094565771436514,10:1 통과,,1.0,"배율 diy 500 ppm, seam 6개; mode area (csv)"
보수-500,M90,area,diy,길이40,치수,0.0,0.0,40.89743268226014,40.89743268226014,25.0,10.0,1.6358973072904055,불합격,,1.0,"해석 계산; 배율 diy 500 ppm, seam 6개; mode area (csv)"
보수-500,M90,area,diy,경계,윤곽(참고),50.0,0.10913765767077621,1.9026830637587882,2.0118207214295643,25.0,10.0,0.08047282885718257,10:1 통과,,1.0,"배율 diy 500 ppm, seam 6개; mode area (csv)"
보수-500,M90,area,diy,위치,위치,223.60679774997897,0.0279695877991753,0.23037513150187747,0.25834471930105274,50.0,20.0,0.0051668943860210545,10:1 통과,,1.0,"배율 diy 500 ppm, seam 6개; mode area (csv)"
보수-500,M91,area,diy,국소높이,높이,0.0,-1.6621897068389389,14.655534910027049,16.317724616865988,5.0,2.0,3.2635449233731975,불합격,,1.0,"배율 diy 500 ppm, seam 1개; mode area (csv)"
보수-500,M91,area,diy,단차,높이(참고),-20.0,1.0048678588867188,10.872996870934768,11.877864729821487,5.0,2.0,2.3755729459642976,불합격,,1.0,"배율 diy 500 ppm, seam 1개; mode area (csv)"
보수-500,M91,area,diy,국소선폭,윤곽,40.0,11.87406881016349,16.444641501451336,28.318710311614826,10.0,4.0,2.8318710311614828,불합격,,1.0,"배율 diy 500 ppm, seam 1개; mode area (csv)"
보수-500,M91,area,diy,선폭,윤곽(참고),40.0,11.841396321343877,9.150148763916286,20.991545085260164,10.0,4.0,2.0991545085260164,불합격,,1.0,"배율 diy 500 ppm, seam 1개; mode area (csv)"
보수-500,M91,area,diy,구멍지름,치수,-100.0,-0.20054857892507244,3.4265953538657308,3.627143932790803,25.0,10.0,0.14508575731163212,10:1 통과,,1.0,"배율 diy 500 ppm, seam 1개; mode area (csv)"
보수-500,M91,area,diy,길이40,치수,0.0,0.0,46.26013402488151,46.26013402488151,25.0,10.0,1.8504053609952604,불합격,,1.0,"해석 계산; 배율 diy 500 ppm, seam 1개; mode area (csv)"
보수-500,M91,area,diy,경계,윤곽(참고),50.0,0.10027428946253622,1.7132976769328654,1.8135719663954015,25.0,10.0,0.07254287865581606,10:1 통과,,1.0,"배율 diy 500 ppm, seam 1개; mode area (csv)"
보수-500,M91,area,diy,위치,위치,223.60679774997897,0.19261530648440994,1.7797494894189982,1.9723647959034083,50.0,20.0,0.03944729591806816,10:1 통과,,1.0,"배율 diy 500 ppm, seam 1개; mode area (csv)"
보수-500,M92,area,diy,국소높이,높이,0.0,-0.7185320956571184,12.802058744172724,13.520590839829843,5.0,2.0,2.7041181679659685,불합격,,1.0,"배율 diy 500 ppm, seam 3개; mode area (csv)"
보수-500,M92,area,diy,단차,높이(참고),-20.0,0.757353515625,11.771282001519959,12.52863551714496,5.0,2.0,2.505727103428992,불합격,,1.0,"배율 diy 500 ppm, seam 3개; mode area (csv)"
보수-500,M92,area,diy,국소선폭,윤곽,40.0,-19.332092794473922,6.320954566956763,25.653047361430687,10.0,4.0,2.5653047361430685,불합격,,1.0,"배율 diy 500 ppm, seam 3개; mode area (csv)"
보수-500,M92,area,diy,선폭,윤곽(참고),40.0,-19.440910464830967,2.799503713165398,22.240414177996364,10.0,4.0,2.2240414177996364,불합격,,1.0,"배율 diy 500 ppm, seam 3개; mode area (csv)"
보수-500,M92,area,diy,구멍지름,치수,-100.0,0.23104803112640185,3.7764015921042833,4.007449623230685,25.0,10.0,0.1602979849292274,10:1 통과,,1.0,"배율 diy 500 ppm, seam 3개; mode area (csv)"
보수-500,M92,area,diy,길이40,치수,0.0,0.0,41.08572339227663,41.08572339227663,25.0,10.0,1.6434289356910652,불합격,,1.0,"해석 계산; 배율 diy 500 ppm, seam 3개; mode area (csv)"
보수-500,M92,area,diy,경계,윤곽(참고),50.0,-0.11552401556320092,1.8882007960521416,2.0037248116153425,25.0,10.0,0.0801489924646137,10:1 통과,,1.0,"배율 diy 500 ppm, seam 3개; mode area (csv)"
보수-500,M92,area,diy,위치,위치,223.60679774997897,0.09928586545969804,1.4118233092005432,1.5111091746602412,50.0,20.0,0.030222183493204824,10:1 통과,,1.0,"배율 diy 500 ppm, seam 3개; mode area (csv)"
보수-500,M93,area,calibrated,국소높이,높이,0.0,,,,5.0,2.0,,측정 불가,,0.0,"국소높이 패치 높이 1000 µm > depth 200 µm; 단차 패치 높이 400 µm > depth 200 µm; 구멍지름 패치 높이 1000 µm > depth 200 µm; 위치 패치 높이 1000 µm > depth 200 µm; 배율 calibrated 20 ppm, seam 7개; mode area (csv)"
보수-500,M93,area,calibrated,단차,높이(참고),-20.0,,,,5.0,2.0,,측정 불가,,0.0,"국소높이 패치 높이 1000 µm > depth 200 µm; 단차 패치 높이 400 µm > depth 200 µm; 구멍지름 패치 높이 1000 µm > depth 200 µm; 위치 패치 높이 1000 µm > depth 200 µm; 배율 calibrated 20 ppm, seam 7개; mode area (csv)"
보수-500,M93,area,calibrated,국소선폭,윤곽,40.0,-110.21597537282811,18.267743795464572,128.48371916829268,10.0,4.0,12.848371916829269,불합격,,1.0,"국소높이 패치 높이 1000 µm > depth 200 µm; 단차 패치 높이 400 µm > depth 200 µm; 구멍지름 패치 높이 1000 µm > depth 200 µm; 위치 패치 높이 1000 µm > depth 200 µm; 배율 calibrated 20 ppm, seam 7개; mode area (csv)"
보수-500,M93,area,calibrated,선폭,윤곽(참고),40.0,-110.09339271602467,7.73905592585206,117.83244864187672,10.0,4.0,11.783244864187672,불합격,,1.0,"국소높이 패치 높이 1000 µm > depth 200 µm; 단차 패치 높이 400 µm > depth 200 µm; 구멍지름 패치 높이 1000 µm > depth 200 µm; 위치 패치 높이 1000 µm > depth 200 µm; 배율 calibrated 20 ppm, seam 7개; mode area (csv)"
보수-500,M93,area,calibrated,구멍지름,치수,-100.0,,,,25.0,10.0,,측정 불가,,0.0,"국소높이 패치 높이 1000 µm > depth 200 µm; 단차 패치 높이 400 µm > depth 200 µm; 구멍지름 패치 높이 1000 µm > depth 200 µm; 위치 패치 높이 1000 µm > depth 200 µm; 배율 calibrated 20 ppm, seam 7개; mode area (csv)"
보수-500,M93,area,calibrated,길이40,치수,0.0,0.0,13.661503089582299,13.661503089582299,25.0,10.0,0.546460123583292,4:1 통과,,1.0,"해석 계산; 국소높이 패치 높이 1000 µm > depth 200 µm; 단차 패치 높이 400 µm > depth 200 µm; 구멍지름 패치 높이 1000 µm > depth 200 µm; 위치 패치 높이 1000 µm > depth 200 µm; 배율 calibrated 20 ppm, seam 7개; mode area (csv)"
보수-500,M93,area,calibrated,경계,윤곽(참고),50.0,,,,25.0,10.0,,측정 불가,,0.0,"국소높이 패치 높이 1000 µm > depth 200 µm; 단차 패치 높이 400 µm > depth 200 µm; 구멍지름 패치 높이 1000 µm > depth 200 µm; 위치 패치 높이 1000 µm > depth 200 µm; 배율 calibrated 20 ppm, seam 7개; mode area (csv)"
보수-500,M93,area,calibrated,위치,위치,223.60679774997897,,,,50.0,20.0,,측정 불가,,0.0,"국소높이 패치 높이 1000 µm > depth 200 µm; 단차 패치 높이 400 µm > depth 200 µm; 구멍지름 패치 높이 1000 µm > depth 200 µm; 위치 패치 높이 1000 µm > depth 200 µm; 배율 calibrated 20 ppm, seam 7개; mode area (csv)"
보수-500,M94,area,industrial,국소높이,높이,0.0,-0.5633036854811848,71.06829032585343,71.63159401133461,5.0,2.0,14.326318802266922,불합격,,1.0,"배율 industrial 100 ppm, seam 1개; mode area (csv)"
보수-500,M94,area,industrial,단차,높이(참고),-20.0,1.3625759887695312,58.97781315348343,60.34038914225296,5.0,2.0,12.068077828450592,불합격,,1.0,"배율 industrial 100 ppm, seam 1개; mode area (csv)"
보수-500,M94,area,industrial,국소선폭,윤곽,40.0,-13.753909007991364,34.52199741149914,48.27590641949051,10.0,4.0,4.827590641949051,불합격,,1.0,"배율 industrial 100 ppm, seam 1개; mode area (csv)"
보수-500,M94,area,industrial,선폭,윤곽(참고),40.0,-8.872781410115996,13.336296855050094,22.20907826516609,10.0,4.0,2.2209078265166093,불합격,,1.0,"배율 industrial 100 ppm, seam 1개; mode area (csv)"
보수-500,M94,area,industrial,구멍지름,치수,-100.0,0.24777114650082693,1.1608746753777557,1.4086458218785827,25.0,10.0,0.056345832875143304,10:1 통과,,1.0,"배율 industrial 100 ppm, seam 1개; mode area (csv)"
보수-500,M94,area,industrial,길이40,치수,0.0,0.0,19.765289440498126,19.765289440498126,25.0,10.0,0.7906115776199251,4:1 통과,,1.0,"해석 계산; 배율 industrial 100 ppm, seam 1개; mode area (csv)"
보수-500,M94,area,industrial,경계,윤곽(참고),50.0,-0.12388557325041347,0.5804373376888778,0.7043229109392913,25.0,10.0,0.028172916437571652,10:1 통과,,1.0,"배율 industrial 100 ppm, seam 1개; mode area (csv)"
보수-500,M94,area,industrial,위치,위치,223.60679774997897,0.05752434476843026,0.4601226033442257,0.517646948112656,50.0,20.0,0.01035293896225312,10:1 통과,,1.0,"배율 industrial 100 ppm, seam 1개; mode area (csv)"
보수-500,M95,area,diy,국소높이,높이,0.0,0.24545899627703047,27.433780763827926,27.679239760104956,5.0,2.0,5.535847952020991,불합격,,1.0,"배율 diy 500 ppm, seam 0개; mode area (csv)"
보수-500,M95,area,diy,단차,높이(참고),-20.0,-0.3516958618164063,19.971052816212094,20.3227486780285,5.0,2.0,4.0645497356057,불합격,,1.0,"배율 diy 500 ppm, seam 0개; mode area (csv)"
보수-500,M95,area,diy,국소선폭,윤곽,40.0,-63.399954129683636,24.147902055721946,87.54785618540558,10.0,4.0,8.754785618540557,불합격,,1.0,"배율 diy 500 ppm, seam 0개; mode area (csv)"
보수-500,M95,area,diy,선폭,윤곽(참고),40.0,-62.93204365642774,11.702071025995204,74.63411468242295,10.0,4.0,7.4634114682422945,불합격,,1.0,"배율 diy 500 ppm, seam 0개; mode area (csv)"
보수-500,M95,area,diy,구멍지름,치수,-100.0,0.038478579751163124,3.4916178331517562,3.5300964129029193,25.0,10.0,0.14120385651611678,10:1 통과,,1.0,"배율 diy 500 ppm, seam 0개; mode area (csv)"
보수-500,M95,area,diy,길이40,치수,0.0,0.0,42.61455150532503,42.61455150532503,25.0,10.0,1.7045820602130013,불합격,,1.0,"해석 계산; 배율 diy 500 ppm, seam 0개; mode area (csv)"
보수-500,M95,area,diy,경계,윤곽(참고),50.0,-0.019239289875581562,1.7458089165758781,1.7650482064514597,25.0,10.0,0.07060192825805839,10:1 통과,,1.0,"배율 diy 500 ppm, seam 0개; mode area (csv)"
보수-500,M95,area,diy,위치,위치,223.60679774997897,0.029701798997089992,0.2801255995193886,0.30982739851647856,50.0,20.0,0.006196547970329571,10:1 통과,,1.0,"배율 diy 500 ppm, seam 0개; mode area (csv)"
보수-500,M96,area,printer_axis,국소높이,높이,0.0,0.088720489324351,35.73409647094604,35.822816960270394,5.0,2.0,7.164563392054079,불합격,,1.0,"배율 printer_axis 500 ppm, seam 4개; mode area (csv)"
보수-500,M96,area,printer_axis,단차,높이(참고),-20.0,2.7949765014648436,22.67871391858036,25.473690420045205,5.0,2.0,5.094738084009041,불합격,,1.0,"배율 printer_axis 500 ppm, seam 4개; mode area (csv)"
보수-500,M96,area,printer_axis,국소선폭,윤곽,40.0,-15.65918355739787,13.800349324172881,29.459532881570752,10.0,4.0,2.9459532881570754,불합격,,1.0,"배율 printer_axis 500 ppm, seam 4개; mode area (csv)"
보수-500,M96,area,printer_axis,선폭,윤곽(참고),40.0,-15.740739362294256,6.246517454572095,21.987256816866353,10.0,4.0,2.198725681686635,불합격,,1.0,"배율 printer_axis 500 ppm, seam 4개; mode area (csv)"
보수-500,M96,area,printer_axis,구멍지름,치수,-100.0,-0.29570150096932596,4.145292865366462,4.440994366335787,25.0,10.0,0.1776397746534315,10:1 통과,,1.0,"배율 printer_axis 500 ppm, seam 4개; mode area (csv)"
보수-500,M96,area,printer_axis,길이40,치수,0.0,0.0,40.2326567189723,40.2326567189723,25.0,10.0,1.609306268758892,불합격,,1.0,"해석 계산; 배율 printer_axis 500 ppm, seam 4개; mode area (csv)"
보수-500,M96,area,printer_axis,경계,윤곽(참고),50.0,0.14785075048466298,2.072646432683231,2.2204971831678937,25.0,10.0,0.08881988732671575,10:1 통과,,1.0,"배율 printer_axis 500 ppm, seam 4개; mode area (csv)"
보수-500,M96,area,printer_axis,위치,위치,223.60679774997897,0.05081329854695529,1.1615329880243617,1.212346286571317,50.0,20.0,0.024246925731426342,10:1 통과,,1.0,"배율 printer_axis 500 ppm, seam 4개; mode area (csv)"
보수-500,M97,line_profiler,diy,국소높이,높이,0.0,0.0013416400332222566,11.390779003055641,11.392120643088864,5.0,2.0,2.2784241286177727,불합격,,1.0,"배율 diy 500 ppm, seam 0개; 선 단면 장비(면 측정은 래스터 가정, 면 래스터 7,447 분); mode line_profiler (csv)"
보수-500,M97,line_profiler,diy,단차,높이(참고),-20.0,-0.1557257080078125,9.566613891876997,9.72233959988481,5.0,2.0,1.9444679199769621,불합격,,1.0,"배율 diy 500 ppm, seam 0개; 선 단면 장비(면 측정은 래스터 가정, 면 래스터 7,447 분); mode line_profiler (csv)"
보수-500,M97,line_profiler,diy,국소선폭,윤곽,40.0,73.97740413378429,2876.568122075274,2950.545526209058,10.0,4.0,295.05455262090584,불합격,,0.96,"배율 diy 500 ppm, seam 0개; 선 단면 장비(면 측정은 래스터 가정, 면 래스터 7,447 분); mode line_profiler (csv)"
보수-500,M97,line_profiler,diy,선폭,윤곽(참고),40.0,,,,10.0,4.0,,측정 불가,,0.56,"배율 diy 500 ppm, seam 0개; 선 단면 장비(면 측정은 래스터 가정, 면 래스터 7,447 분); mode line_profiler (csv)"
보수-500,M97,line_profiler,diy,구멍지름,치수,-100.0,0.0033197500708411097,4.85904101130852,4.862360761379361,25.0,10.0,0.19449443045517445,10:1 통과,,1.0,"배율 diy 500 ppm, seam 0개; 선 단면 장비(면 측정은 래스터 가정, 면 래스터 7,447 분); mode line_profiler (csv)"
보수-500,M97,line_profiler,diy,길이40,치수,0.0,0.0,42.84421392284688,42.84421392284688,25.0,10.0,1.7137685569138754,불합격,,1.0,"해석 계산; 배율 diy 500 ppm, seam 0개; 선 단면 장비(면 측정은 래스터 가정, 면 래스터 7,447 분); mode line_profiler (csv)"
보수-500,M97,line_profiler,diy,경계,윤곽(참고),50.0,-0.0016598750354205548,2.42952050565426,2.4311803806896806,25.0,10.0,0.09724721522758722,10:1 통과,,1.0,"배율 diy 500 ppm, seam 0개; 선 단면 장비(면 측정은 래스터 가정, 면 래스터 7,447 분); mode line_profiler (csv)"
보수-500,M97,line_profiler,diy,위치,위치,223.60679774997897,0.012606598977933297,0.3794684089757953,0.3920750079537286,50.0,20.0,0.007841500159074572,10:1 통과,,1.0,"배율 diy 500 ppm, seam 0개; 선 단면 장비(면 측정은 래스터 가정, 면 래스터 7,447 분); mode line_profiler (csv)"
보수-500,M98,area,printer_axis,국소높이,높이,0.0,,,,5.0,2.0,,측정 불가,,0.0,"국소높이 패치 높이 1000 µm > depth 600 µm; 구멍지름 패치 높이 1000 µm > depth 600 µm; 위치 패치 높이 1000 µm > depth 600 µm; 배율 printer_axis 500 ppm, seam 2개; mode area (csv)"
보수-500,M98,area,printer_axis,단차,높이(참고),-20.0,-0.7513272094726563,12.19780013369572,12.949127343168376,5.0,2.0,2.5898254686336752,불합격,,1.0,"국소높이 패치 높이 1000 µm > depth 600 µm; 구멍지름 패치 높이 1000 µm > depth 600 µm; 위치 패치 높이 1000 µm > depth 600 µm; 배율 printer_axis 500 ppm, seam 2개; mode area (csv)"
보수-500,M98,area,printer_axis,국소선폭,윤곽,40.0,-36.75836234895928,11.911971799345617,48.670334148304896,10.0,4.0,4.867033414830489,불합격,,1.0,"국소높이 패치 높이 1000 µm > depth 600 µm; 구멍지름 패치 높이 1000 µm > depth 600 µm; 위치 패치 높이 1000 µm > depth 600 µm; 배율 printer_axis 500 ppm, seam 2개; mode area (csv)"
보수-500,M98,area,printer_axis,선폭,윤곽(참고),40.0,-36.767799613521,5.720037917747842,42.48783753126884,10.0,4.0,4.248783753126884,불합격,,1.0,"국소높이 패치 높이 1000 µm > depth 600 µm; 구멍지름 패치 높이 1000 µm > depth 600 µm; 위치 패치 높이 1000 µm > depth 600 µm; 배율 printer_axis 500 ppm, seam 2개; mode area (csv)"
보수-500,M98,area,printer_axis,구멍지름,치수,-100.0,,,,25.0,10.0,,측정 불가,,0.0,"국소높이 패치 높이 1000 µm > depth 600 µm; 구멍지름 패치 높이 1000 µm > depth 600 µm; 위치 패치 높이 1000 µm > depth 600 µm; 배율 printer_axis 500 ppm, seam 2개; mode area (csv)"
보수-500,M98,area,printer_axis,길이40,치수,0.0,0.0,41.556708243074304,41.556708243074304,25.0,10.0,1.6622683297229721,불합격,,1.0,"해석 계산; 국소높이 패치 높이 1000 µm > depth 600 µm; 구멍지름 패치 높이 1000 µm > depth 600 µm; 위치 패치 높이 1000 µm > depth 600 µm; 배율 printer_axis 500 ppm, seam 2개; mode area (csv)"
보수-500,M98,area,printer_axis,경계,윤곽(참고),50.0,,,,25.0,10.0,,측정 불가,,0.0,"국소높이 패치 높이 1000 µm > depth 600 µm; 구멍지름 패치 높이 1000 µm > depth 600 µm; 위치 패치 높이 1000 µm > depth 600 µm; 배율 printer_axis 500 ppm, seam 2개; mode area (csv)"
보수-500,M98,area,printer_axis,위치,위치,223.60679774997897,,,,50.0,20.0,,측정 불가,,0.0,"국소높이 패치 높이 1000 µm > depth 600 µm; 구멍지름 패치 높이 1000 µm > depth 600 µm; 위치 패치 높이 1000 µm > depth 600 µm; 배율 printer_axis 500 ppm, seam 2개; mode area (csv)"
보수-500,M99,2d,diy,국소높이,높이,0.0,,,,5.0,2.0,,측정 불가,,0.0,"배율 diy 500 ppm, seam 0개; mode 2d (csv)"
보수-500,M99,2d,diy,단차,높이(참고),-20.0,,,,5.0,2.0,,측정 불가,,0.0,"배율 diy 500 ppm, seam 0개; mode 2d (csv)"
보수-500,M99,2d,diy,국소선폭,윤곽,40.0,0.1866845424022813,2.8660014043234106,3.052685946725692,10.0,4.0,0.30526859467256917,10:1 통과,,1.0,"배율 diy 500 ppm, seam 0개; mode 2d (csv)"
보수-500,M99,2d,diy,선폭,윤곽(참고),40.0,0.1866845424022813,2.893489776127274,3.0801743185295556,10.0,4.0,0.30801743185295555,10:1 통과,,1.0,"배율 diy 500 ppm, seam 0개; mode 2d (csv)"
보수-500,M99,2d,diy,구멍지름,치수,-100.0,0.0720963395202034,3.6357079786350104,3.7078043181552136,25.0,10.0,0.14831217272620856,10:1 통과,,1.0,"배율 diy 500 ppm, seam 0개; mode 2d (csv)"
보수-500,M99,2d,diy,길이40,치수,0.0,0.0,40.233402374975284,40.233402374975284,25.0,10.0,1.6093360949990114,불합격,,1.0,"해석 계산; 배율 diy 500 ppm, seam 0개; mode 2d (csv)"
보수-500,M99,2d,diy,경계,윤곽(참고),50.0,-0.0360481697601017,1.8178539893175052,1.8539021590776068,25.0,10.0,0.07415608636310428,10:1 통과,,1.0,"배율 diy 500 ppm, seam 0개; mode 2d (csv)"
보수-500,M99,2d,diy,위치,위치,223.60679774997897,0.016505157873727416,0.20358142428756776,0.22008658216129517,50.0,20.0,0.004401731643225904,10:1 통과,,1.0,"배율 diy 500 ppm, seam 0개; mode 2d (csv)"
보수-500,M100,2d,printer_axis,국소높이,높이,0.0,,,,5.0,2.0,,측정 불가,,0.0,"배율 printer_axis 500 ppm, seam 0개; mode 2d (csv)"
보수-500,M100,2d,printer_axis,단차,높이(참고),-20.0,,,,5.0,2.0,,측정 불가,,0.0,"배율 printer_axis 500 ppm, seam 0개; mode 2d (csv)"
보수-500,M100,2d,printer_axis,국소선폭,윤곽,40.0,-0.0892102868993743,5.036583205929678,5.125793492829052,10.0,4.0,0.5125793492829052,4:1 통과,,1.0,"배율 printer_axis 500 ppm, seam 0개; mode 2d (csv)"
보수-500,M100,2d,printer_axis,선폭,윤곽(참고),40.0,-0.0892102868993743,5.084890046106672,5.174100333006046,10.0,4.0,0.5174100333006046,4:1 통과,,1.0,"배율 printer_axis 500 ppm, seam 0개; mode 2d (csv)"
보수-500,M100,2d,printer_axis,구멍지름,치수,-100.0,-0.06423583818473162,3.8929225782689425,3.957158416453674,25.0,10.0,0.15828633665814695,10:1 통과,,1.0,"배율 printer_axis 500 ppm, seam 0개; mode 2d (csv)"
보수-500,M100,2d,printer_axis,길이40,치수,0.0,0.0,40.92562359533043,40.92562359533043,25.0,10.0,1.6370249438132172,불합격,,1.0,"해석 계산; 배율 printer_axis 500 ppm, seam 0개; mode 2d (csv)"
보수-500,M100,2d,printer_axis,경계,윤곽(참고),50.0,0.03211791909236581,1.9464612891344713,1.978579208226837,25.0,10.0,0.07914316832907348,10:1 통과,,1.0,"배율 printer_axis 500 ppm, seam 0개; mode 2d (csv)"
보수-500,M100,2d,printer_axis,위치,위치,223.60679774997897,0.012824165618663244,0.2577359381210488,0.270560103739712,50.0,20.0,0.005411202074794241,10:1 통과,,1.0,"배율 printer_axis 500 ppm, seam 0개; mode 2d (csv)"
보수-500,M101,2d,printer_axis,국소높이,높이,0.0,,,,5.0,2.0,,측정 불가,,0.0,"배율 printer_axis 500 ppm, seam 0개; mode 2d (csv)"
보수-500,M101,2d,printer_axis,단차,높이(참고),-20.0,,,,5.0,2.0,,측정 불가,,0.0,"배율 printer_axis 500 ppm, seam 0개; mode 2d (csv)"
보수-500,M101,2d,printer_axis,국소선폭,윤곽,40.0,0.6701283840953738,5.586118949360312,6.256247333455686,10.0,4.0,0.6256247333455687,4:1 통과,,1.0,"배율 printer_axis 500 ppm, seam 0개; mode 2d (csv)"
보수-500,M101,2d,printer_axis,선폭,윤곽(참고),40.0,0.6701283840953738,5.639696492758925,6.309824876854298,10.0,4.0,0.6309824876854299,4:1 통과,,1.0,"배율 printer_axis 500 ppm, seam 0개; mode 2d (csv)"
보수-500,M101,2d,printer_axis,구멍지름,치수,-100.0,0.25504660655510636,3.674639231510553,3.929685838065659,25.0,10.0,0.15718743352262637,10:1 통과,,1.0,"배율 printer_axis 500 ppm, seam 0개; mode 2d (csv)"
보수-500,M101,2d,printer_axis,길이40,치수,0.0,0.0,40.824829046386306,40.824829046386306,25.0,10.0,1.6329931618554523,불합격,,1.0,"해석 계산; 배율 printer_axis 500 ppm, seam 0개; mode 2d (csv)"
보수-500,M101,2d,printer_axis,경계,윤곽(참고),50.0,-0.12752330327755318,1.8373196157552765,1.9648429190328296,25.0,10.0,0.07859371676131319,10:1 통과,,1.0,"배율 printer_axis 500 ppm, seam 0개; mode 2d (csv)"
보수-500,M101,2d,printer_axis,위치,위치,223.60679774997897,0.010389511325578733,0.36371119614380243,0.3741007074693812,50.0,20.0,0.007482014149387623,10:1 통과,,1.0,"배율 printer_axis 500 ppm, seam 0개; mode 2d (csv)"
보수-500,M102,2d,diy,국소높이,높이,0.0,,,,5.0,2.0,,측정 불가,,0.0,"xy_step 1.7 < 2 µm → 2 µm 로 처리; 배율 diy 500 ppm, seam 9개; mode 2d (csv)"
보수-500,M102,2d,diy,단차,높이(참고),-20.0,,,,5.0,2.0,,측정 불가,,0.0,"xy_step 1.7 < 2 µm → 2 µm 로 처리; 배율 diy 500 ppm, seam 9개; mode 2d (csv)"
보수-500,M102,2d,diy,국소선폭,윤곽,40.0,-0.00875277102634186,0.6423089396528063,0.6510617106791482,10.0,4.0,0.06510617106791482,10:1 통과,,1.0,"xy_step 1.7 < 2 µm → 2 µm 로 처리; 배율 diy 500 ppm, seam 9개; mode 2d (csv)"
보수-500,M102,2d,diy,선폭,윤곽(참고),40.0,-0.00875277102634186,0.6484694484786175,0.6572222195049594,10.0,4.0,0.06572222195049594,10:1 통과,,1.0,"xy_step 1.7 < 2 µm → 2 µm 로 처리; 배율 diy 500 ppm, seam 9개; mode 2d (csv)"
보수-500,M102,2d,diy,구멍지름,치수,-100.0,0.14122977425801764,3.6474686991429817,3.7886984734009994,25.0,10.0,0.15154793893604,10:1 통과,,1.0,"xy_step 1.7 < 2 µm → 2 µm 로 처리; 배율 diy 500 ppm, seam 9개; mode 2d (csv)"
보수-500,M102,2d,diy,길이40,치수,0.0,0.0,40.4804479553607,40.4804479553607,25.0,10.0,1.6192179182144282,불합격,,1.0,"해석 계산; xy_step 1.7 < 2 µm → 2 µm 로 처리; 배율 diy 500 ppm, seam 9개; mode 2d (csv)"
보수-500,M102,2d,diy,경계,윤곽(참고),50.0,-0.07061488712900882,1.8237343495714908,1.8943492367004997,25.0,10.0,0.07577396946802,10:1 통과,,1.0,"xy_step 1.7 < 2 µm → 2 µm 로 처리; 배율 diy 500 ppm, seam 9개; mode 2d (csv)"
보수-500,M102,2d,diy,위치,위치,223.60679774997897,0.012362614964845895,0.2009244248453649,0.2132870398102108,50.0,20.0,0.004265740796204216,10:1 통과,,1.0,"xy_step 1.7 < 2 µm → 2 µm 로 처리; 배율 diy 500 ppm, seam 9개; mode 2d (csv)"
보수-500,M103,2d,diy,국소높이,높이,0.0,,,,5.0,2.0,,측정 불가,,0.0,"배율 diy 500 ppm, seam 0개; mode 2d (csv)"
보수-500,M103,2d,diy,단차,높이(참고),-20.0,,,,5.0,2.0,,측정 불가,,0.0,"배율 diy 500 ppm, seam 0개; mode 2d (csv)"
보수-500,M103,2d,diy,국소선폭,윤곽,40.0,-0.42274573879576904,9.449487432545187,9.872233171340955,10.0,4.0,0.9872233171340955,4:1 통과,,1.0,"배율 diy 500 ppm, seam 0개; mode 2d (csv)"
보수-500,M103,2d,diy,선폭,윤곽(참고),40.0,-0.42274573879576904,9.540119287613331,9.9628650264091,10.0,4.0,0.99628650264091,4:1 통과,,1.0,"배율 diy 500 ppm, seam 0개; mode 2d (csv)"
보수-500,M103,2d,diy,구멍지름,치수,-100.0,-0.2920018823299961,4.444138657673916,4.736140540003912,25.0,10.0,0.18944562160015646,10:1 통과,,1.0,"배율 diy 500 ppm, seam 0개; mode 2d (csv)"
보수-500,M103,2d,diy,길이40,치수,0.0,0.0,41.182520563948,41.182520563948,25.0,10.0,1.6473008225579202,불합격,,1.0,"해석 계산; 배율 diy 500 ppm, seam 0개; mode 2d (csv)"
보수-500,M103,2d,diy,경계,윤곽(참고),50.0,0.14600094116499804,2.222069328836958,2.368070270001956,25.0,10.0,0.09472281080007823,10:1 통과,,1.0,"배율 diy 500 ppm, seam 0개; mode 2d (csv)"
보수-500,M103,2d,diy,위치,위치,223.60679774997897,0.02199242023957111,0.4220490861109961,0.4440415063505672,50.0,20.0,0.008880830127011345,10:1 통과,,1.0,"배율 diy 500 ppm, seam 0개; mode 2d (csv)"
보수-500,M104,2d,diy,국소높이,높이,0.0,,,,5.0,2.0,,측정 불가,,0.0,"배율 diy 500 ppm, seam 0개; mode 2d (csv)"
보수-500,M104,2d,diy,단차,높이(참고),-20.0,,,,5.0,2.0,,측정 불가,,0.0,"배율 diy 500 ppm, seam 0개; mode 2d (csv)"
보수-500,M104,2d,diy,국소선폭,윤곽,40.0,0.15953447458774916,4.957470143693968,5.117004618281717,10.0,4.0,0.5117004618281717,4:1 통과,,1.0,"배율 diy 500 ppm, seam 0개; mode 2d (csv)"
보수-500,M104,2d,diy,선폭,윤곽(참고),40.0,0.15953447458774916,5.005018195244411,5.16455266983216,10.0,4.0,0.516455266983216,4:1 통과,,1.0,"배율 diy 500 ppm, seam 0개; mode 2d (csv)"
보수-500,M104,2d,diy,구멍지름,치수,-100.0,0.038369135915145305,4.5621545674450745,4.60052370336022,25.0,10.0,0.18402094813440878,10:1 통과,,1.0,"배율 diy 500 ppm, seam 0개; mode 2d (csv)"
보수-500,M104,2d,diy,길이40,치수,0.0,0.0,40.50382697968181,40.50382697968181,25.0,10.0,1.6201530791872725,불합격,,1.0,"해석 계산; 배율 diy 500 ppm, seam 0개; mode 2d (csv)"
보수-500,M104,2d,diy,경계,윤곽(참고),50.0,-0.019184567957572653,2.2810772837225373,2.30026185168011,25.0,10.0,0.09201047406720439,10:1 통과,,1.0,"배율 diy 500 ppm, seam 0개; mode 2d (csv)"
보수-500,M104,2d,diy,위치,위치,223.60679774997897,0.005967861458816038,0.24213349866409617,0.2481013601229122,50.0,20.0,0.004962027202458244,10:1 통과,,1.0,"배율 diy 500 ppm, seam 0개; mode 2d (csv)"
보수-500,M105,2d,diy,국소높이,높이,0.0,,,,5.0,2.0,,측정 불가,,0.0,"배율 diy 500 ppm, seam 1개; mode 2d (csv)"
보수-500,M105,2d,diy,단차,높이(참고),-20.0,,,,5.0,2.0,,측정 불가,,0.0,"배율 diy 500 ppm, seam 1개; mode 2d (csv)"
보수-500,M105,2d,diy,국소선폭,윤곽,40.0,-0.14437883626495476,2.0000965289317314,2.144475365196686,10.0,4.0,0.2144475365196686,10:1 통과,,1.0,"배율 diy 500 ppm, seam 1개; mode 2d (csv)"
보수-500,M105,2d,diy,선폭,윤곽(참고),40.0,-0.14437883626495476,2.0192798401987657,2.1636586764637205,10.0,4.0,0.21636586764637206,10:1 통과,,1.0,"배율 diy 500 ppm, seam 1개; mode 2d (csv)"
보수-500,M105,2d,diy,구멍지름,치수,-100.0,-0.1404558791893851,4.311534818151425,4.45199069734081,25.0,10.0,0.1780796278936324,10:1 통과,,1.0,"배율 diy 500 ppm, seam 1개; mode 2d (csv)"
보수-500,M105,2d,diy,길이40,치수,0.0,0.0,40.254399345495976,40.254399345495976,25.0,10.0,1.6101759738198391,불합격,,1.0,"해석 계산; 배율 diy 500 ppm, seam 1개; mode 2d (csv)"
보수-500,M105,2d,diy,경계,윤곽(참고),50.0,0.07022793959469255,2.1557674090757124,2.225995348670405,25.0,10.0,0.0890398139468162,10:1 통과,,1.0,"배율 diy 500 ppm, seam 1개; mode 2d (csv)"
보수-500,M105,2d,diy,위치,위치,223.60679774997897,0.006420737986110998,0.22257990405793426,0.22900064204404527,50.0,20.0,0.004580012840880905,10:1 통과,,1.0,"배율 diy 500 ppm, seam 1개; mode 2d (csv)"
보수-500,M106,2d,industrial,국소높이,높이,0.0,,,,5.0,2.0,,측정 불가,,0.0,"배율 industrial 100 ppm, seam 0개; mode 2d (csv)"
보수-500,M106,2d,industrial,단차,높이(참고),-20.0,,,,5.0,2.0,,측정 불가,,0.0,"배율 industrial 100 ppm, seam 0개; mode 2d (csv)"
보수-500,M106,2d,industrial,국소선폭,윤곽,40.0,0.5064478465572324,12.383023995805278,12.88947184236251,10.0,4.0,1.288947184236251,불합격,경계,1.0,"배율 industrial 100 ppm, seam 0개; mode 2d (csv)"
보수-500,M106,2d,industrial,선폭,윤곽(참고),40.0,0.5064478465572324,12.501791965402004,13.008239811959237,10.0,4.0,1.3008239811959237,불합격,,1.0,"배율 industrial 100 ppm, seam 0개; mode 2d (csv)"
보수-500,M106,2d,industrial,구멍지름,치수,-100.0,0.05392636340557146,1.1407828168231866,1.1947091802287582,25.0,10.0,0.04778836720915033,10:1 통과,,1.0,"배율 industrial 100 ppm, seam 0개; mode 2d (csv)"
보수-500,M106,2d,industrial,길이40,치수,0.0,0.0,19.6638416050035,19.6638416050035,25.0,10.0,0.7865536642001401,4:1 통과,,1.0,"해석 계산; 배율 industrial 100 ppm, seam 0개; mode 2d (csv)"
보수-500,M106,2d,industrial,경계,윤곽(참고),50.0,-0.02696318170278573,0.5703914084115933,0.5973545901143791,25.0,10.0,0.023894183604575164,10:1 통과,,1.0,"배율 industrial 100 ppm, seam 0개; mode 2d (csv)"
보수-500,M106,2d,industrial,위치,위치,223.60679774997897,0.012443708961226325,0.20113220414882846,0.21357591311005478,50.0,20.0,0.004271518262201095,10:1 통과,,1.0,"배율 industrial 100 ppm, seam 0개; mode 2d (csv)"
보수-500,M107,line_profiler,industrial,국소높이,높이,0.0,,,,5.0,2.0,,측정 불가,,0.0,"xy_step 1 < 2 µm → 2 µm 로 처리; 국소높이 패치 높이 1000 µm > depth 100 µm; 단차 패치 높이 400 µm > depth 100 µm; 선폭 패치 높이 200 µm > depth 100 µm; 구멍지름 패치 높이 1000 µm > depth 100 µm; 위치 패치 높이 1000 µm > depth 100 µm; 배율 industrial 100 ppm, seam 28개; 선 단면 장비(면 측정은 래스터 가정, 면 래스터 140,000 분); mode line_profiler (csv)"
보수-500,M107,line_profiler,industrial,단차,높이(참고),-20.0,,,,5.0,2.0,,측정 불가,,0.0,"xy_step 1 < 2 µm → 2 µm 로 처리; 국소높이 패치 높이 1000 µm > depth 100 µm; 단차 패치 높이 400 µm > depth 100 µm; 선폭 패치 높이 200 µm > depth 100 µm; 구멍지름 패치 높이 1000 µm > depth 100 µm; 위치 패치 높이 1000 µm > depth 100 µm; 배율 industrial 100 ppm, seam 28개; 선 단면 장비(면 측정은 래스터 가정, 면 래스터 140,000 분); mode line_profiler (csv)"
보수-500,M107,line_profiler,industrial,국소선폭,윤곽,40.0,,,,10.0,4.0,,측정 불가,,0.0,"xy_step 1 < 2 µm → 2 µm 로 처리; 국소높이 패치 높이 1000 µm > depth 100 µm; 단차 패치 높이 400 µm > depth 100 µm; 선폭 패치 높이 200 µm > depth 100 µm; 구멍지름 패치 높이 1000 µm > depth 100 µm; 위치 패치 높이 1000 µm > depth 100 µm; 배율 industrial 100 ppm, seam 28개; 선 단면 장비(면 측정은 래스터 가정, 면 래스터 140,000 분); mode line_profiler (csv)"
보수-500,M107,line_profiler,industrial,선폭,윤곽(참고),40.0,,,,10.0,4.0,,측정 불가,,0.0,"xy_step 1 < 2 µm → 2 µm 로 처리; 국소높이 패치 높이 1000 µm > depth 100 µm; 단차 패치 높이 400 µm > depth 100 µm; 선폭 패치 높이 200 µm > depth 100 µm; 구멍지름 패치 높이 1000 µm > depth 100 µm; 위치 패치 높이 1000 µm > depth 100 µm; 배율 industrial 100 ppm, seam 28개; 선 단면 장비(면 측정은 래스터 가정, 면 래스터 140,000 분); mode line_profiler (csv)"
보수-500,M107,line_profiler,industrial,구멍지름,치수,-100.0,,,,25.0,10.0,,측정 불가,,0.0,"xy_step 1 < 2 µm → 2 µm 로 처리; 국소높이 패치 높이 1000 µm > depth 100 µm; 단차 패치 높이 400 µm > depth 100 µm; 선폭 패치 높이 200 µm > depth 100 µm; 구멍지름 패치 높이 1000 µm > depth 100 µm; 위치 패치 높이 1000 µm > depth 100 µm; 배율 industrial 100 ppm, seam 28개; 선 단면 장비(면 측정은 래스터 가정, 면 래스터 140,000 분); mode line_profiler (csv)"
보수-500,M107,line_profiler,industrial,길이40,치수,0.0,0.0,13.366625103842281,13.366625103842281,25.0,10.0,0.5346650041536912,4:1 통과,,1.0,"해석 계산; xy_step 1 < 2 µm → 2 µm 로 처리; 국소높이 패치 높이 1000 µm > depth 100 µm; 단차 패치 높이 400 µm > depth 100 µm; 선폭 패치 높이 200 µm > depth 100 µm; 구멍지름 패치 높이 1000 µm > depth 100 µm; 위치 패치 높이 1000 µm > depth 100 µm; 배율 industrial 100 ppm, seam 28개; 선 단면 장비(면 측정은 래스터 가정, 면 래스터 140,000 분); mode line_profiler (csv)"
보수-500,M107,line_profiler,industrial,경계,윤곽(참고),50.0,,,,25.0,10.0,,측정 불가,,0.0,"xy_step 1 < 2 µm → 2 µm 로 처리; 국소높이 패치 높이 1000 µm > depth 100 µm; 단차 패치 높이 400 µm > depth 100 µm; 선폭 패치 높이 200 µm > depth 100 µm; 구멍지름 패치 높이 1000 µm > depth 100 µm; 위치 패치 높이 1000 µm > depth 100 µm; 배율 industrial 100 ppm, seam 28개; 선 단면 장비(면 측정은 래스터 가정, 면 래스터 140,000 분); mode line_profiler (csv)"
보수-500,M107,line_profiler,industrial,위치,위치,223.60679774997897,,,,50.0,20.0,,측정 불가,,0.0,"xy_step 1 < 2 µm → 2 µm 로 처리; 국소높이 패치 높이 1000 µm > depth 100 µm; 단차 패치 높이 400 µm > depth 100 µm; 선폭 패치 높이 200 µm > depth 100 µm; 구멍지름 패치 높이 1000 µm > depth 100 µm; 위치 패치 높이 1000 µm > depth 100 µm; 배율 industrial 100 ppm, seam 28개; 선 단면 장비(면 측정은 래스터 가정, 면 래스터 140,000 분); mode line_profiler (csv)"
보수-500,M108,2d,diy,국소높이,높이,0.0,,,,5.0,2.0,,측정 불가,,0.0,"배율 diy 500 ppm, seam 0개; mode 2d (csv)"
보수-500,M108,2d,diy,단차,높이(참고),-20.0,,,,5.0,2.0,,측정 불가,,0.0,"배율 diy 500 ppm, seam 0개; mode 2d (csv)"
보수-500,M108,2d,diy,국소선폭,윤곽,40.0,0.020002507232243262,6.05053799487692,6.070540502109163,10.0,4.0,0.6070540502109163,4:1 통과,,1.0,"배율 diy 500 ppm, seam 0개; mode 2d (csv)"
보수-500,M108,2d,diy,선폭,윤곽(참고),40.0,0.020002507232243262,6.108569870843792,6.1285723780760355,10.0,4.0,0.6128572378076036,4:1 통과,,1.0,"배율 diy 500 ppm, seam 0개; mode 2d (csv)"
보수-500,M108,2d,diy,구멍지름,치수,-100.0,0.3018720978413512,3.1771538628649374,3.479025960706289,25.0,10.0,0.13916103842825156,10:1 통과,,1.0,"배율 diy 500 ppm, seam 0개; mode 2d (csv)"
보수-500,M108,2d,diy,길이40,치수,0.0,0.0,41.38437708443449,41.38437708443449,25.0,10.0,1.6553750833773797,불합격,,1.0,"해석 계산; 배율 diy 500 ppm, seam 0개; mode 2d (csv)"
보수-500,M108,2d,diy,경계,윤곽(참고),50.0,-0.1509360489206756,1.5885769314324687,1.7395129803531444,25.0,10.0,0.06958051921412578,10:1 통과,,1.0,"배율 diy 500 ppm, seam 0개; mode 2d (csv)"
보수-500,M108,2d,diy,위치,위치,223.60679774997897,0.013480385849125205,0.1992086099350077,0.2126889957841329,50.0,20.0,0.004253779915682657,10:1 통과,,1.0,"배율 diy 500 ppm, seam 0개; mode 2d (csv)"
보수-500,M109,raster_point,printer_axis,국소높이,높이,0.0,-0.41061205213479696,15.653053952124605,16.063666004259403,5.0,2.0,3.2127332008518805,불합격,,1.0,"프린터 축 래스터: seam 0, 샘플 XY 잡음 5 µm(보수); 배율 printer_axis 500 ppm, seam 0개; mode raster_point (csv)"
보수-500,M109,raster_point,printer_axis,단차,높이(참고),-20.0,-0.12180633544921875,10.673050945381778,10.794857280830996,5.0,2.0,2.1589714561661992,불합격,,1.0,"프린터 축 래스터: seam 0, 샘플 XY 잡음 5 µm(보수); 배율 printer_axis 500 ppm, seam 0개; mode raster_point (csv)"
보수-500,M109,raster_point,printer_axis,국소선폭,윤곽,40.0,28.53988667061801,39.48859999516122,68.02848666577924,10.0,4.0,6.802848666577924,불합격,,1.0,"프린터 축 래스터: seam 0, 샘플 XY 잡음 5 µm(보수); 배율 printer_axis 500 ppm, seam 0개; mode raster_point (csv)"
보수-500,M109,raster_point,printer_axis,선폭,윤곽(참고),40.0,29.200858640494243,33.59583630306166,62.796694943555906,10.0,4.0,6.27966949435559,불합격,,1.0,"프린터 축 래스터: seam 0, 샘플 XY 잡음 5 µm(보수); 배율 printer_axis 500 ppm, seam 0개; mode raster_point (csv)"
보수-500,M109,raster_point,printer_axis,구멍지름,치수,-100.0,2.2463054357537295,7.0085288128749035,9.254834248628633,25.0,10.0,0.37019336994514535,10:1 통과,,1.0,"프린터 축 래스터: seam 0, 샘플 XY 잡음 5 µm(보수); 배율 printer_axis 500 ppm, seam 0개; mode raster_point (csv)"
보수-500,M109,raster_point,printer_axis,길이40,치수,0.0,0.0,90.92121131323904,90.92121131323904,25.0,10.0,3.6368484525295615,불합격,,1.0,"해석 계산; 프린터 축 래스터: seam 0, 샘플 XY 잡음 5 µm(보수); 배율 printer_axis 500 ppm, seam 0개; mode raster_point (csv)"
보수-500,M109,raster_point,printer_axis,경계,윤곽(참고),50.0,-1.1231527178768648,3.5042644064374517,4.6274171243143165,25.0,10.0,0.18509668497257267,10:1 통과,,1.0,"프린터 축 래스터: seam 0, 샘플 XY 잡음 5 µm(보수); 배율 printer_axis 500 ppm, seam 0개; mode raster_point (csv)"
보수-500,M109,raster_point,printer_axis,위치,위치,223.60679774997897,0.3586033733180345,3.0194766155469477,3.3780799888649824,50.0,20.0,0.06756159977729964,10:1 통과,,1.0,"프린터 축 래스터: seam 0, 샘플 XY 잡음 5 µm(보수); 배율 printer_axis 500 ppm, seam 0개; mode raster_point (csv)"
보수-500,M110,raster_point,printer_axis,국소높이,높이,0.0,-0.09699378043236793,5.751342660738759,5.848336441171127,5.0,2.0,1.1696672882342254,불합격,경계,1.0,"프린터 축 래스터: seam 0, 샘플 XY 잡음 5 µm(보수); 배율 printer_axis 500 ppm, seam 0개; mode raster_point (csv)"
보수-500,M110,raster_point,printer_axis,단차,높이(참고),-20.0,0.21565093994140624,4.164448472782337,4.380099412723744,5.0,2.0,0.8760198825447487,4:1 통과,,1.0,"프린터 축 래스터: seam 0, 샘플 XY 잡음 5 µm(보수); 배율 printer_axis 500 ppm, seam 0개; mode raster_point (csv)"
보수-500,M110,raster_point,printer_axis,국소선폭,윤곽,40.0,5.269547865902377,22.714605341288017,27.984153207190396,10.0,4.0,2.7984153207190396,불합격,,1.0,"프린터 축 래스터: seam 0, 샘플 XY 잡음 5 µm(보수); 배율 printer_axis 500 ppm, seam 0개; mode raster_point (csv)"
보수-500,M110,raster_point,printer_axis,선폭,윤곽(참고),40.0,5.321376110909622,22.27613823398635,27.597514344895973,10.0,4.0,2.7597514344895973,불합격,,1.0,"프린터 축 래스터: seam 0, 샘플 XY 잡음 5 µm(보수); 배율 printer_axis 500 ppm, seam 0개; mode raster_point (csv)"
보수-500,M110,raster_point,printer_axis,구멍지름,치수,-100.0,0.2607799240201075,4.494188387127152,4.75496831114726,25.0,10.0,0.1901987324458904,10:1 통과,,1.0,"프린터 축 래스터: seam 0, 샘플 XY 잡음 5 µm(보수); 배율 printer_axis 500 ppm, seam 0개; mode raster_point (csv)"
보수-500,M110,raster_point,printer_axis,길이40,치수,0.0,0.0,57.154760664940824,57.154760664940824,25.0,10.0,2.286190426597633,불합격,,1.0,"해석 계산; 프린터 축 래스터: seam 0, 샘플 XY 잡음 5 µm(보수); 배율 printer_axis 500 ppm, seam 0개; mode raster_point (csv)"
보수-500,M110,raster_point,printer_axis,경계,윤곽(참고),50.0,-0.13038996201005376,2.247094193563576,2.37748415557363,25.0,10.0,0.0950993662229452,10:1 통과,,1.0,"프린터 축 래스터: seam 0, 샘플 XY 잡음 5 µm(보수); 배율 printer_axis 500 ppm, seam 0개; mode raster_point (csv)"
보수-500,M110,raster_point,printer_axis,위치,위치,223.60679774997897,0.049250203402814205,1.7035746980530806,1.7528249014558948,50.0,20.0,0.035056498029117894,10:1 통과,,1.0,"프린터 축 래스터: seam 0, 샘플 XY 잡음 5 µm(보수); 배율 printer_axis 500 ppm, seam 0개; mode raster_point (csv)"
보수-500,M111,2d,industrial,국소높이,높이,0.0,,,,5.0,2.0,,측정 불가,,0.0,"배율 industrial 100 ppm, seam 0개; mode 2d (csv)"
보수-500,M111,2d,industrial,단차,높이(참고),-20.0,,,,5.0,2.0,,측정 불가,,0.0,"배율 industrial 100 ppm, seam 0개; mode 2d (csv)"
보수-500,M111,2d,industrial,국소선폭,윤곽,40.0,2.709803408861672,114.34085214995866,117.05065555882034,10.0,4.0,11.705065555882033,불합격,,1.0,"배율 industrial 100 ppm, seam 0개; mode 2d (csv)"
보수-500,M111,2d,industrial,선폭,윤곽(참고),40.0,2.7098034088616725,115.43751729866632,118.147320707528,10.0,4.0,11.8147320707528,불합격,,1.0,"배율 industrial 100 ppm, seam 0개; mode 2d (csv)"
보수-500,M111,2d,industrial,구멍지름,치수,-100.0,-10.638478085548613,20.33840253344842,30.976880618997033,25.0,10.0,1.2390752247598813,불합격,경계,1.0,"배율 industrial 100 ppm, seam 0개; mode 2d (csv)"
보수-500,M111,2d,industrial,길이40,치수,0.0,0.0,147.18695594379278,147.18695594379278,25.0,10.0,5.887478237751711,불합격,,1.0,"해석 계산; 배율 industrial 100 ppm, seam 0개; mode 2d (csv)"
보수-500,M111,2d,industrial,경계,윤곽(참고),50.0,5.319239042774306,10.16920126672421,15.488440309498516,25.0,10.0,0.6195376123799406,4:1 통과,,1.0,"배율 industrial 100 ppm, seam 0개; mode 2d (csv)"
보수-500,M111,2d,industrial,위치,위치,223.60679774997897,0.35147121582805285,4.214047335513211,4.565518551341263,50.0,20.0,0.09131037102682527,10:1 통과,,1.0,"배율 industrial 100 ppm, seam 0개; mode 2d (csv)"
보수-500,M112,2d,diy,국소높이,높이,0.0,,,,5.0,2.0,,측정 불가,,0.0,"배율 diy 500 ppm, seam 2개; mode 2d (csv)"
보수-500,M112,2d,diy,단차,높이(참고),-20.0,,,,5.0,2.0,,측정 불가,,0.0,"배율 diy 500 ppm, seam 2개; mode 2d (csv)"
보수-500,M112,2d,diy,국소선폭,윤곽,40.0,0.36097424104045445,4.049256381339729,4.410230622380184,10.0,4.0,0.4410230622380184,4:1 통과,,1.0,"배율 diy 500 ppm, seam 2개; mode 2d (csv)"
보수-500,M112,2d,diy,선폭,윤곽(참고),40.0,0.36097424104045445,4.088093579664728,4.449067820705183,10.0,4.0,0.4449067820705183,4:1 통과,,1.0,"배율 diy 500 ppm, seam 2개; mode 2d (csv)"
보수-500,M112,2d,diy,구멍지름,치수,-100.0,-0.19908442077693508,3.822132823310175,4.02121724408711,25.0,10.0,0.16084868976348438,10:1 통과,,1.0,"배율 diy 500 ppm, seam 2개; mode 2d (csv)"
보수-500,M112,2d,diy,길이40,치수,0.0,0.0,40.824829046386306,40.824829046386306,25.0,10.0,1.6329931618554523,불합격,,1.0,"해석 계산; 배율 diy 500 ppm, seam 2개; mode 2d (csv)"
보수-500,M112,2d,diy,경계,윤곽(참고),50.0,0.09954221038846754,1.9110664116550875,2.010608622043555,25.0,10.0,0.08042434488174219,10:1 통과,,1.0,"배율 diy 500 ppm, seam 2개; mode 2d (csv)"
보수-500,M112,2d,diy,위치,위치,223.60679774997897,0.017123039689096183,0.21618227177902938,0.23330531146812555,50.0,20.0,0.004666106229362511,10:1 통과,,1.0,"배율 diy 500 ppm, seam 2개; mode 2d (csv)"
보수-500,M113,area,diy,국소높이,높이,0.0,-0.2216182022558035,22.40305532535423,22.624673527610035,5.0,2.0,4.524934705522007,불합격,,1.0,"배율 diy 500 ppm, seam 1개; mode area (csv)"
보수-500,M113,area,diy,단차,높이(참고),-20.0,0.3218600463867187,16.436290113289576,16.758150159676294,5.0,2.0,3.351630031935259,불합격,,1.0,"배율 diy 500 ppm, seam 1개; mode area (csv)"
보수-500,M113,area,diy,국소선폭,윤곽,40.0,-2.991638629953958,16.313716808638183,19.30535543859214,10.0,4.0,1.930535543859214,불합격,,1.0,"배율 diy 500 ppm, seam 1개; mode area (csv)"
보수-500,M113,area,diy,선폭,윤곽(참고),40.0,-3.040935531072048,8.837348460941337,11.878283992013385,10.0,4.0,1.1878283992013385,불합격,경계,1.0,"배율 diy 500 ppm, seam 1개; mode area (csv)"
보수-500,M113,area,diy,구멍지름,치수,-100.0,0.03473786653218667,3.568655468265887,3.6033933347980738,25.0,10.0,0.14413573339192295,10:1 통과,,1.0,"배율 diy 500 ppm, seam 1개; mode area (csv)"
보수-500,M113,area,diy,길이40,치수,0.0,0.0,42.89522117905443,42.89522117905443,25.0,10.0,1.7158088471621773,불합격,,1.0,"해석 계산; 배율 diy 500 ppm, seam 1개; mode area (csv)"
보수-500,M113,area,diy,경계,윤곽(참고),50.0,-0.017368933266093334,1.7843277341329435,1.8016966673990369,25.0,10.0,0.07206786669596148,10:1 통과,,1.0,"배율 diy 500 ppm, seam 1개; mode area (csv)"
보수-500,M113,area,diy,위치,위치,223.60679774997897,0.24728250768516086,3.917246253967543,4.164528761652704,50.0,20.0,0.08329057523305408,10:1 통과,,1.0,"배율 diy 500 ppm, seam 1개; mode area (csv)"
보수-500,M114,indirect,,국소높이,높이,0.0,,,,5.0,2.0,,측정 불가,,0.0,"간접 지표 (형상을 재지 않음) → 모든 지표 측정 불가, 시뮬레이션 생략; mode indirect (csv)"
보수-500,M114,indirect,,단차,높이(참고),-20.0,,,,5.0,2.0,,측정 불가,,0.0,"간접 지표 (형상을 재지 않음) → 모든 지표 측정 불가, 시뮬레이션 생략; mode indirect (csv)"
보수-500,M114,indirect,,국소선폭,윤곽,40.0,,,,10.0,4.0,,측정 불가,,0.0,"간접 지표 (형상을 재지 않음) → 모든 지표 측정 불가, 시뮬레이션 생략; mode indirect (csv)"
보수-500,M114,indirect,,선폭,윤곽(참고),40.0,,,,10.0,4.0,,측정 불가,,0.0,"간접 지표 (형상을 재지 않음) → 모든 지표 측정 불가, 시뮬레이션 생략; mode indirect (csv)"
보수-500,M114,indirect,,구멍지름,치수,-100.0,,,,25.0,10.0,,측정 불가,,0.0,"간접 지표 (형상을 재지 않음) → 모든 지표 측정 불가, 시뮬레이션 생략; mode indirect (csv)"
보수-500,M114,indirect,,길이40,치수,0.0,,,,25.0,10.0,,측정 불가,,0.0,"간접 지표 (형상을 재지 않음) → 모든 지표 측정 불가, 시뮬레이션 생략; mode indirect (csv)"
보수-500,M114,indirect,,경계,윤곽(참고),50.0,,,,25.0,10.0,,측정 불가,,0.0,"간접 지표 (형상을 재지 않음) → 모든 지표 측정 불가, 시뮬레이션 생략; mode indirect (csv)"
보수-500,M114,indirect,,위치,위치,223.60679774997897,,,,50.0,20.0,,측정 불가,,0.0,"간접 지표 (형상을 재지 않음) → 모든 지표 측정 불가, 시뮬레이션 생략; mode indirect (csv)"
보수-500,M115,area,calibrated,국소높이,높이,0.0,-0.03640914533158948,1.3392722265517814,1.375681371883371,5.0,2.0,0.2751362743766742,10:1 통과,,1.0,"배율 calibrated 20 ppm, seam 1개; mode area (csv)"
보수-500,M115,area,calibrated,단차,높이(참고),-20.0,-0.01214202880859375,0.9140763134474447,0.9262183422560384,5.0,2.0,0.18524366845120768,10:1 통과,,1.0,"배율 calibrated 20 ppm, seam 1개; mode area (csv)"
보수-500,M115,area,calibrated,국소선폭,윤곽,40.0,-0.4258507687326347,0.530045836545788,0.9558966052784227,10.0,4.0,0.09558966052784226,10:1 통과,,1.0,"배율 calibrated 20 ppm, seam 1개; mode area (csv)"
보수-500,M115,area,calibrated,선폭,윤곽(참고),40.0,-0.4240275541583378,0.23213676170648218,0.65616431586482,10.0,4.0,0.065616431586482,10:1 통과,,1.0,"배율 calibrated 20 ppm, seam 1개; mode area (csv)"
보수-500,M115,area,calibrated,구멍지름,치수,-100.0,0.03494992581002407,0.18900625590743506,0.22395618171745912,25.0,10.0,0.008958247268698365,10:1 통과,,1.0,"배율 calibrated 20 ppm, seam 1개; mode area (csv)"
보수-500,M115,area,calibrated,길이40,치수,0.0,0.0,6.650313275828942,6.650313275828942,25.0,10.0,0.26601253103315764,10:1 통과,,1.0,"해석 계산; 배율 calibrated 20 ppm, seam 1개; mode area (csv)"
보수-500,M115,area,calibrated,경계,윤곽(참고),50.0,-0.017474962905012034,0.09450312795371753,0.11197809085872956,25.0,10.0,0.004479123634349182,10:1 통과,,1.0,"배율 calibrated 20 ppm, seam 1개; mode area (csv)"
보수-500,M115,area,calibrated,위치,위치,223.60679774997897,0.007667571183047191,0.09810767653323027,0.10577524771627746,50.0,20.0,0.002115504954325549,10:1 통과,,1.0,"배율 calibrated 20 ppm, seam 1개; mode area (csv)"
보수-500,M116,line_profiler,calibrated,국소높이,높이,0.0,0.008805859056815598,2.808916278979587,2.8177221380364026,5.0,2.0,0.5635444276072805,4:1 통과,,1.0,"xy_step 0.35 < 2 µm → 2 µm 로 처리; 배율 calibrated 20 ppm, seam 44개; 선 단면 장비(면 측정은 래스터 가정, 면 래스터 400,000 분); mode line_profiler (csv)"
보수-500,M116,line_profiler,calibrated,단차,높이(참고),-20.0,-0.19909149169921875,1.5148750181655382,1.713966509864757,5.0,2.0,0.3427933019729514,10:1 통과,,1.0,"xy_step 0.35 < 2 µm → 2 µm 로 처리; 배율 calibrated 20 ppm, seam 44개; 선 단면 장비(면 측정은 래스터 가정, 면 래스터 400,000 분); mode line_profiler (csv)"
보수-500,M116,line_profiler,calibrated,국소선폭,윤곽,40.0,-0.13574172211616695,0.6439139645253806,0.7796556866415476,10.0,4.0,0.07796556866415476,10:1 통과,,1.0,"xy_step 0.35 < 2 µm → 2 µm 로 처리; 배율 calibrated 20 ppm, seam 44개; 선 단면 장비(면 측정은 래스터 가정, 면 래스터 400,000 분); mode line_profiler (csv)"
보수-500,M116,line_profiler,calibrated,선폭,윤곽(참고),40.0,-0.11977783618285116,0.2583195758231105,0.37809741200596164,10.0,4.0,0.037809741200596166,10:1 통과,,1.0,"xy_step 0.35 < 2 µm → 2 µm 로 처리; 배율 calibrated 20 ppm, seam 44개; 선 단면 장비(면 측정은 래스터 가정, 면 래스터 400,000 분); mode line_profiler (csv)"
보수-500,M116,line_profiler,calibrated,구멍지름,치수,-100.0,0.016762385816764435,0.15044733268499347,0.1672097185017579,25.0,10.0,0.006688388740070316,10:1 통과,,1.0,"xy_step 0.35 < 2 µm → 2 µm 로 처리; 배율 calibrated 20 ppm, seam 44개; 선 단면 장비(면 측정은 래스터 가정, 면 래스터 400,000 분); mode line_profiler (csv)"
보수-500,M116,line_profiler,calibrated,길이40,치수,0.0,0.0,13.462045411699764,13.462045411699764,25.0,10.0,0.5384818164679905,4:1 통과,,1.0,"해석 계산; xy_step 0.35 < 2 µm → 2 µm 로 처리; 배율 calibrated 20 ppm, seam 44개; 선 단면 장비(면 측정은 래스터 가정, 면 래스터 400,000 분); mode line_profiler (csv)"
보수-500,M116,line_profiler,calibrated,경계,윤곽(참고),50.0,-0.008381192908382218,0.07522366634249673,0.08360485925087895,25.0,10.0,0.003344194370035158,10:1 통과,,1.0,"xy_step 0.35 < 2 µm → 2 µm 로 처리; 배율 calibrated 20 ppm, seam 44개; 선 단면 장비(면 측정은 래스터 가정, 면 래스터 400,000 분); mode line_profiler (csv)"
보수-500,M116,line_profiler,calibrated,위치,위치,223.60679774997897,0.17452005001981044,1.2457640081830927,1.4202840582029033,50.0,20.0,0.028405681164058064,10:1 통과,,1.0,"xy_step 0.35 < 2 µm → 2 µm 로 처리; 배율 calibrated 20 ppm, seam 44개; 선 단면 장비(면 측정은 래스터 가정, 면 래스터 400,000 분); mode line_profiler (csv)"
보수-500,M117,indirect,,국소높이,높이,0.0,,,,5.0,2.0,,측정 불가,,0.0,"간접 지표 (형상을 재지 않음) → 모든 지표 측정 불가, 시뮬레이션 생략; mode indirect (csv)"
보수-500,M117,indirect,,단차,높이(참고),-20.0,,,,5.0,2.0,,측정 불가,,0.0,"간접 지표 (형상을 재지 않음) → 모든 지표 측정 불가, 시뮬레이션 생략; mode indirect (csv)"
보수-500,M117,indirect,,국소선폭,윤곽,40.0,,,,10.0,4.0,,측정 불가,,0.0,"간접 지표 (형상을 재지 않음) → 모든 지표 측정 불가, 시뮬레이션 생략; mode indirect (csv)"
보수-500,M117,indirect,,선폭,윤곽(참고),40.0,,,,10.0,4.0,,측정 불가,,0.0,"간접 지표 (형상을 재지 않음) → 모든 지표 측정 불가, 시뮬레이션 생략; mode indirect (csv)"
보수-500,M117,indirect,,구멍지름,치수,-100.0,,,,25.0,10.0,,측정 불가,,0.0,"간접 지표 (형상을 재지 않음) → 모든 지표 측정 불가, 시뮬레이션 생략; mode indirect (csv)"
보수-500,M117,indirect,,길이40,치수,0.0,,,,25.0,10.0,,측정 불가,,0.0,"간접 지표 (형상을 재지 않음) → 모든 지표 측정 불가, 시뮬레이션 생략; mode indirect (csv)"
보수-500,M117,indirect,,경계,윤곽(참고),50.0,,,,25.0,10.0,,측정 불가,,0.0,"간접 지표 (형상을 재지 않음) → 모든 지표 측정 불가, 시뮬레이션 생략; mode indirect (csv)"
보수-500,M117,indirect,,위치,위치,223.60679774997897,,,,50.0,20.0,,측정 불가,,0.0,"간접 지표 (형상을 재지 않음) → 모든 지표 측정 불가, 시뮬레이션 생략; mode indirect (csv)"
보수-500,M118,indirect,,국소높이,높이,0.0,,,,5.0,2.0,,측정 불가,,0.0,"간접 지표 (형상을 재지 않음) → 모든 지표 측정 불가, 시뮬레이션 생략; mode indirect (csv)"
보수-500,M118,indirect,,단차,높이(참고),-20.0,,,,5.0,2.0,,측정 불가,,0.0,"간접 지표 (형상을 재지 않음) → 모든 지표 측정 불가, 시뮬레이션 생략; mode indirect (csv)"
보수-500,M118,indirect,,국소선폭,윤곽,40.0,,,,10.0,4.0,,측정 불가,,0.0,"간접 지표 (형상을 재지 않음) → 모든 지표 측정 불가, 시뮬레이션 생략; mode indirect (csv)"
보수-500,M118,indirect,,선폭,윤곽(참고),40.0,,,,10.0,4.0,,측정 불가,,0.0,"간접 지표 (형상을 재지 않음) → 모든 지표 측정 불가, 시뮬레이션 생략; mode indirect (csv)"
보수-500,M118,indirect,,구멍지름,치수,-100.0,,,,25.0,10.0,,측정 불가,,0.0,"간접 지표 (형상을 재지 않음) → 모든 지표 측정 불가, 시뮬레이션 생략; mode indirect (csv)"
보수-500,M118,indirect,,길이40,치수,0.0,,,,25.0,10.0,,측정 불가,,0.0,"간접 지표 (형상을 재지 않음) → 모든 지표 측정 불가, 시뮬레이션 생략; mode indirect (csv)"
보수-500,M118,indirect,,경계,윤곽(참고),50.0,,,,25.0,10.0,,측정 불가,,0.0,"간접 지표 (형상을 재지 않음) → 모든 지표 측정 불가, 시뮬레이션 생략; mode indirect (csv)"
보수-500,M118,indirect,,위치,위치,223.60679774997897,,,,50.0,20.0,,측정 불가,,0.0,"간접 지표 (형상을 재지 않음) → 모든 지표 측정 불가, 시뮬레이션 생략; mode indirect (csv)"
보수-500,M119,area,diy,국소높이,높이,0.0,-80.43458738014698,1739.3595136083695,1819.7941009885164,5.0,2.0,363.9588201977033,불합격,,1.0,"배율 diy 500 ppm, seam 0개; mode area (csv)"
보수-500,M119,area,diy,단차,높이(참고),-20.0,38.21756839752197,1282.4942501447779,1320.7118185422999,5.0,2.0,264.14236370846,불합격,,0.96,"배율 diy 500 ppm, seam 0개; mode area (csv)"
보수-500,M119,area,diy,국소선폭,윤곽,40.0,104.56520089279591,1441.8379948218198,1546.4031957146158,10.0,4.0,154.6403195714616,불합격,,1.0,"배율 diy 500 ppm, seam 0개; mode area (csv)"
보수-500,M119,area,diy,선폭,윤곽(참고),40.0,,,,10.0,4.0,,측정 불가,,0.68,"배율 diy 500 ppm, seam 0개; mode area (csv)"
보수-500,M119,area,diy,구멍지름,치수,-100.0,2638.3439008426208,211.44816446599802,2849.792065308619,25.0,10.0,113.99168261234476,불합격,,1.0,"배율 diy 500 ppm, seam 0개; mode area (csv)"
보수-500,M119,area,diy,길이40,치수,0.0,0.0,105.83005244258364,105.83005244258364,25.0,10.0,4.233202097703345,불합격,,1.0,"해석 계산; 배율 diy 500 ppm, seam 0개; mode area (csv)"
보수-500,M119,area,diy,경계,윤곽(참고),50.0,-1319.1719504213104,105.72408223299901,1424.8960326543095,25.0,10.0,56.99584130617238,불합격,,1.0,"배율 diy 500 ppm, seam 0개; mode area (csv)"
보수-500,M119,area,diy,위치,위치,223.60679774997897,192.72853693789676,29.257711850326075,221.98624878822284,50.0,20.0,4.439724975764457,불합격,,1.0,"배율 diy 500 ppm, seam 0개; mode area (csv)"
보수-500,M120,point_probe,industrial,국소높이,높이,0.0,,,,5.0,2.0,,측정 불가,,0.0,"해석 판정; 배율 industrial 100 ppm, seam 3개; mode point_probe (csv)"
보수-500,M120,point_probe,industrial,단차,높이(참고),-20.0,0.0,1131.370849898476,1131.370849898476,5.0,2.0,226.27416997969522,불합격,,1.0,"해석 판정; 배율 industrial 100 ppm, seam 3개; mode point_probe (csv)"
보수-500,M120,point_probe,industrial,국소선폭,윤곽,40.0,,,,10.0,4.0,,측정 불가,,0.0,"해석 판정; 배율 industrial 100 ppm, seam 3개; mode point_probe (csv)"
보수-500,M120,point_probe,industrial,선폭,윤곽(참고),40.0,,,,10.0,4.0,,측정 불가,,0.0,"해석 판정; 배율 industrial 100 ppm, seam 3개; mode point_probe (csv)"
보수-500,M120,point_probe,industrial,구멍지름,치수,-100.0,0.0,400.0007999992,400.0007999992,25.0,10.0,16.000031999968,불합격,,1.0,"해석 판정; 배율 industrial 100 ppm, seam 3개; mode point_probe (csv)"
보수-500,M120,point_probe,industrial,길이40,치수,0.0,0.0,8733.845888267093,8733.845888267093,25.0,10.0,349.35383553068374,불합격,,1.0,"해석 판정; 배율 industrial 100 ppm, seam 3개; mode point_probe (csv)"
보수-500,M120,point_probe,industrial,경계,윤곽(참고),50.0,0.0,200.0003999996,200.0003999996,25.0,10.0,8.000015999984,불합격,,1.0,"해석 판정; 배율 industrial 100 ppm, seam 3개; mode point_probe (csv)"
보수-500,M120,point_probe,industrial,위치,위치,223.60679774997897,0.0,400.00179999595,400.00179999595,50.0,20.0,8.000035999919,불합격,,1.0,"해석 판정; 배율 industrial 100 ppm, seam 3개; mode point_probe (csv)"
보수-500,M121,raster_point,industrial,국소높이,높이,0.0,-0.01381939231539145,9.074753648281169,9.08857304059656,5.0,2.0,1.8177146081193118,불합격,,1.0,"프린터 축 래스터: seam 0, 샘플 XY 잡음 5 µm(보수); 배율 industrial 100 ppm, seam 0개; mode raster_point (csv)"
보수-500,M121,raster_point,industrial,단차,높이(참고),-20.0,0.9339178466796875,5.054650461525477,5.988568308205164,5.0,2.0,1.1977136616410329,불합격,경계,1.0,"프린터 축 래스터: seam 0, 샘플 XY 잡음 5 µm(보수); 배율 industrial 100 ppm, seam 0개; mode raster_point (csv)"
보수-500,M121,raster_point,industrial,국소선폭,윤곽,40.0,56.67318565803402,603.4881051639667,660.1612908220008,10.0,4.0,66.01612908220008,불합격,,1.0,"프린터 축 래스터: seam 0, 샘플 XY 잡음 5 µm(보수); 배율 industrial 100 ppm, seam 0개; mode raster_point (csv)"
보수-500,M121,raster_point,industrial,선폭,윤곽(참고),40.0,9.565879188271476,254.07414783700636,263.64002702527785,10.0,4.0,26.364002702527785,불합격,,1.0,"프린터 축 래스터: seam 0, 샘플 XY 잡음 5 µm(보수); 배율 industrial 100 ppm, seam 0개; mode raster_point (csv)"
보수-500,M121,raster_point,industrial,구멍지름,치수,-100.0,-7.135755626747932,11.186066514867386,18.321822141615318,25.0,10.0,0.7328728856646127,4:1 통과,,1.0,"프린터 축 래스터: seam 0, 샘플 XY 잡음 5 µm(보수); 배율 industrial 100 ppm, seam 0개; mode raster_point (csv)"
보수-500,M121,raster_point,industrial,길이40,치수,0.0,0.0,102.37512718754819,102.37512718754819,25.0,10.0,4.095005087501928,불합격,,1.0,"해석 계산; 프린터 축 래스터: seam 0, 샘플 XY 잡음 5 µm(보수); 배율 industrial 100 ppm, seam 0개; mode raster_point (csv)"
보수-500,M121,raster_point,industrial,경계,윤곽(참고),50.0,3.567877813373966,5.593033257433693,9.160911070807659,25.0,10.0,0.36643644283230636,10:1 통과,,1.0,"프린터 축 래스터: seam 0, 샘플 XY 잡음 5 µm(보수); 배율 industrial 100 ppm, seam 0개; mode raster_point (csv)"
보수-500,M121,raster_point,industrial,위치,위치,223.60679774997897,0.25457832861976853,5.270266123030593,5.524844451650361,50.0,20.0,0.11049688903300722,10:1 통과,,1.0,"프린터 축 래스터: seam 0, 샘플 XY 잡음 5 µm(보수); 배율 industrial 100 ppm, seam 0개; mode raster_point (csv)"
보수-500,M122,raster_point,industrial,국소높이,높이,0.0,,,,5.0,2.0,,측정 불가,,0.0,"프린터 축 래스터: seam 0, 샘플 XY 잡음 5 µm(보수); 배율 industrial 100 ppm, seam 0개; mode raster_point (csv)"
보수-500,M122,raster_point,industrial,단차,높이(참고),-20.0,,,,5.0,2.0,,측정 불가,,0.0,"프린터 축 래스터: seam 0, 샘플 XY 잡음 5 µm(보수); 배율 industrial 100 ppm, seam 0개; mode raster_point (csv)"
보수-500,M122,raster_point,industrial,국소선폭,윤곽,40.0,5108.052547823267,1567.210072290945,6675.262620114212,10.0,4.0,667.5262620114212,불합격,,1.0,"프린터 축 래스터: seam 0, 샘플 XY 잡음 5 µm(보수); 배율 industrial 100 ppm, seam 0개; mode raster_point (csv)"
보수-500,M122,raster_point,industrial,선폭,윤곽(참고),40.0,5279.6019922854775,523.2668850514694,5802.868877336947,10.0,4.0,580.2868877336947,불합격,,1.0,"프린터 축 래스터: seam 0, 샘플 XY 잡음 5 µm(보수); 배율 industrial 100 ppm, seam 0개; mode raster_point (csv)"
보수-500,M122,raster_point,industrial,구멍지름,치수,-100.0,6193.084732441847,92.9688970896732,6286.0536295315205,25.0,10.0,251.44214518126083,불합격,,1.0,"프린터 축 래스터: seam 0, 샘플 XY 잡음 5 µm(보수); 배율 industrial 100 ppm, seam 0개; mode raster_point (csv)"
보수-500,M122,raster_point,industrial,길이40,치수,0.0,0.0,408.326666612244,408.326666612244,25.0,10.0,16.33306666448976,불합격,,1.0,"해석 계산; 프린터 축 래스터: seam 0, 샘플 XY 잡음 5 µm(보수); 배율 industrial 100 ppm, seam 0개; mode raster_point (csv)"
보수-500,M122,raster_point,industrial,경계,윤곽(참고),50.0,-3096.5423662209237,46.4844485448366,3143.0268147657603,25.0,10.0,125.72107259063041,불합격,,1.0,"프린터 축 래스터: seam 0, 샘플 XY 잡음 5 µm(보수); 배율 industrial 100 ppm, seam 0개; mode raster_point (csv)"
보수-500,M122,raster_point,industrial,위치,위치,223.60679774997897,0.8591474760743248,27.80172838861006,28.66087586468438,50.0,20.0,0.5732175172936876,4:1 통과,,1.0,"프린터 축 래스터: seam 0, 샘플 XY 잡음 5 µm(보수); 배율 industrial 100 ppm, seam 0개; mode raster_point (csv)"
보수-500,M123,indirect,,국소높이,높이,0.0,,,,5.0,2.0,,측정 불가,,0.0,"간접 지표 (형상을 재지 않음) → 모든 지표 측정 불가, 시뮬레이션 생략; mode indirect (csv)"
보수-500,M123,indirect,,단차,높이(참고),-20.0,,,,5.0,2.0,,측정 불가,,0.0,"간접 지표 (형상을 재지 않음) → 모든 지표 측정 불가, 시뮬레이션 생략; mode indirect (csv)"
보수-500,M123,indirect,,국소선폭,윤곽,40.0,,,,10.0,4.0,,측정 불가,,0.0,"간접 지표 (형상을 재지 않음) → 모든 지표 측정 불가, 시뮬레이션 생략; mode indirect (csv)"
보수-500,M123,indirect,,선폭,윤곽(참고),40.0,,,,10.0,4.0,,측정 불가,,0.0,"간접 지표 (형상을 재지 않음) → 모든 지표 측정 불가, 시뮬레이션 생략; mode indirect (csv)"
보수-500,M123,indirect,,구멍지름,치수,-100.0,,,,25.0,10.0,,측정 불가,,0.0,"간접 지표 (형상을 재지 않음) → 모든 지표 측정 불가, 시뮬레이션 생략; mode indirect (csv)"
보수-500,M123,indirect,,길이40,치수,0.0,,,,25.0,10.0,,측정 불가,,0.0,"간접 지표 (형상을 재지 않음) → 모든 지표 측정 불가, 시뮬레이션 생략; mode indirect (csv)"
보수-500,M123,indirect,,경계,윤곽(참고),50.0,,,,25.0,10.0,,측정 불가,,0.0,"간접 지표 (형상을 재지 않음) → 모든 지표 측정 불가, 시뮬레이션 생략; mode indirect (csv)"
보수-500,M123,indirect,,위치,위치,223.60679774997897,,,,50.0,20.0,,측정 불가,,0.0,"간접 지표 (형상을 재지 않음) → 모든 지표 측정 불가, 시뮬레이션 생략; mode indirect (csv)"
보수-100,M01,point_probe,calibrated,국소높이,높이,0.0,,,,5.0,2.0,,측정 불가,,0.0,"해석 판정; 배율 calibrated 20 ppm, seam 0개; mode point_probe (id목록)"
보수-100,M01,point_probe,calibrated,단차,높이(참고),-20.0,0.0,4.242640687119286,4.242640687119286,5.0,2.0,0.8485281374238571,4:1 통과,,1.0,"해석 판정; 배율 calibrated 20 ppm, seam 0개; mode point_probe (id목록)"
보수-100,M01,point_probe,calibrated,국소선폭,윤곽,40.0,,,,10.0,4.0,,측정 불가,,0.0,"해석 판정; 배율 calibrated 20 ppm, seam 0개; mode point_probe (id목록)"
보수-100,M01,point_probe,calibrated,선폭,윤곽(참고),40.0,,,,10.0,4.0,,측정 불가,,0.0,"해석 판정; 배율 calibrated 20 ppm, seam 0개; mode point_probe (id목록)"
보수-100,M01,point_probe,calibrated,구멍지름,치수,-100.0,0.0,1.5085091978506462,1.5085091978506462,25.0,10.0,0.06034036791402585,10:1 통과,,1.0,"해석 판정; 배율 calibrated 20 ppm, seam 0개; mode point_probe (id목록)"
보수-100,M01,point_probe,calibrated,길이40,치수,0.0,0.0,4.534313619501853,4.534313619501853,25.0,10.0,0.18137254478007414,10:1 통과,,1.0,"해석 판정; 배율 calibrated 20 ppm, seam 0개; mode point_probe (id목록)"
보수-100,M01,point_probe,calibrated,경계,윤곽(참고),50.0,0.0,0.7542545989253231,0.7542545989253231,25.0,10.0,0.030170183957012923,10:1 통과,,1.0,"해석 판정; 배율 calibrated 20 ppm, seam 0개; mode point_probe (id목록)"
보수-100,M01,point_probe,calibrated,위치,위치,223.60679774997897,0.0,1.5190786681406594,1.5190786681406594,50.0,20.0,0.030381573362813188,10:1 통과,,1.0,"해석 판정; 배율 calibrated 20 ppm, seam 0개; mode point_probe (id목록)"
보수-100,M02,line_profiler,calibrated,국소높이,높이,0.0,-0.02253932741364387,0.7055489000720657,0.7280882274857096,5.0,2.0,0.1456176454971419,10:1 통과,,1.0,"xy_step 1 < 2 µm → 2 µm 로 처리; 배율 calibrated 20 ppm, seam 0개; 선 단면 장비(면 측정은 래스터 가정, 면 래스터 140,000 분); mode line_profiler (id목록)"
보수-100,M02,line_profiler,calibrated,단차,높이(참고),-20.0,0.04957061767578125,0.571752734889853,0.6213233525656343,5.0,2.0,0.12426467051312687,10:1 통과,,1.0,"xy_step 1 < 2 µm → 2 µm 로 처리; 배율 calibrated 20 ppm, seam 0개; 선 단면 장비(면 측정은 래스터 가정, 면 래스터 140,000 분); mode line_profiler (id목록)"
보수-100,M02,line_profiler,calibrated,국소선폭,윤곽,40.0,8.594565778978007,0.9241631593666757,9.518728938344683,10.0,4.0,0.9518728938344683,4:1 통과,,1.0,"xy_step 1 < 2 µm → 2 µm 로 처리; 배율 calibrated 20 ppm, seam 0개; 선 단면 장비(면 측정은 래스터 가정, 면 래스터 140,000 분); mode line_profiler (id목록)"
보수-100,M02,line_profiler,calibrated,선폭,윤곽(참고),40.0,8.595946138138192,0.7664235289536641,9.362369667091857,10.0,4.0,0.9362369667091857,4:1 통과,,1.0,"xy_step 1 < 2 µm → 2 µm 로 처리; 배율 calibrated 20 ppm, seam 0개; 선 단면 장비(면 측정은 래스터 가정, 면 래스터 140,000 분); mode line_profiler (id목록)"
보수-100,M02,line_profiler,calibrated,구멍지름,치수,-100.0,0.01245462577510807,0.15288043015012015,0.1653350559252282,25.0,10.0,0.0066134022370091285,10:1 통과,,1.0,"xy_step 1 < 2 µm → 2 µm 로 처리; 배율 calibrated 20 ppm, seam 0개; 선 단면 장비(면 측정은 래스터 가정, 면 래스터 140,000 분); mode line_profiler (id목록)"
보수-100,M02,line_profiler,calibrated,길이40,치수,0.0,0.0,2.2861904265976327,2.2861904265976327,25.0,10.0,0.0914476170639053,10:1 통과,,1.0,"해석 계산; xy_step 1 < 2 µm → 2 µm 로 처리; 배율 calibrated 20 ppm, seam 0개; 선 단면 장비(면 측정은 래스터 가정, 면 래스터 140,000 분); mode line_profiler (id목록)"
보수-100,M02,line_profiler,calibrated,경계,윤곽(참고),50.0,-0.006227312887554035,0.07644021507506008,0.0826675279626141,25.0,10.0,0.0033067011185045642,10:1 통과,,1.0,"xy_step 1 < 2 µm → 2 µm 로 처리; 배율 calibrated 20 ppm, seam 0개; 선 단면 장비(면 측정은 래스터 가정, 면 래스터 140,000 분); mode line_profiler (id목록)"
보수-100,M02,line_profiler,calibrated,위치,위치,223.60679774997897,0.15288251511569714,1.1908717077940845,1.3437542229097816,50.0,20.0,0.02687508445819563,10:1 통과,,1.0,"xy_step 1 < 2 µm → 2 µm 로 처리; 배율 calibrated 20 ppm, seam 0개; 선 단면 장비(면 측정은 래스터 가정, 면 래스터 140,000 분); mode line_profiler (id목록)"
보수-100,M03,raster_point,printer_axis,국소높이,높이,0.0,,,,5.0,2.0,,측정 불가,,0.0,"프린터 축 래스터: seam 0, 샘플 XY 잡음 5 µm(보수); 배율 printer_axis 500 ppm, seam 0개; mode raster_point (id목록)"
보수-100,M03,raster_point,printer_axis,단차,높이(참고),-20.0,,,,5.0,2.0,,측정 불가,,0.0,"프린터 축 래스터: seam 0, 샘플 XY 잡음 5 µm(보수); 배율 printer_axis 500 ppm, seam 0개; mode raster_point (id목록)"
보수-100,M03,raster_point,printer_axis,국소선폭,윤곽,40.0,,,,10.0,4.0,,측정 불가,,0.18,"프린터 축 래스터: seam 0, 샘플 XY 잡음 5 µm(보수); 배율 printer_axis 500 ppm, seam 0개; mode raster_point (id목록)"
보수-100,M03,raster_point,printer_axis,선폭,윤곽(참고),40.0,,,,10.0,4.0,,측정 불가,,0.1,"프린터 축 래스터: seam 0, 샘플 XY 잡음 5 µm(보수); 배율 printer_axis 500 ppm, seam 0개; mode raster_point (id목록)"
보수-100,M03,raster_point,printer_axis,구멍지름,치수,-100.0,4200.200618950092,3296.596616301098,7496.79723525119,25.0,10.0,299.8718894100476,불합격,,1.0,"프린터 축 래스터: seam 0, 샘플 XY 잡음 5 µm(보수); 배율 printer_axis 500 ppm, seam 0개; mode raster_point (id목록)"
보수-100,M03,raster_point,printer_axis,길이40,치수,0.0,0.0,817.4757896516977,817.4757896516977,25.0,10.0,32.69903158606791,불합격,,1.0,"해석 계산; 프린터 축 래스터: seam 0, 샘플 XY 잡음 5 µm(보수); 배율 printer_axis 500 ppm, seam 0개; mode raster_point (id목록)"
보수-100,M03,raster_point,printer_axis,경계,윤곽(참고),50.0,-2100.100309475046,1648.298308150549,3748.398617625595,25.0,10.0,149.9359447050238,불합격,,1.0,"프린터 축 래스터: seam 0, 샘플 XY 잡음 5 µm(보수); 배율 printer_axis 500 ppm, seam 0개; mode raster_point (id목록)"
보수-100,M03,raster_point,printer_axis,위치,위치,223.60679774997897,230.25934512142254,173.38994785831707,403.6492929797396,50.0,20.0,8.072985859594791,불합격,,1.0,"프린터 축 래스터: seam 0, 샘플 XY 잡음 5 µm(보수); 배율 printer_axis 500 ppm, seam 0개; mode raster_point (id목록)"
보수-100,M04,point_probe,calibrated,국소높이,높이,0.0,,,,5.0,2.0,,측정 불가,,0.0,"해석 판정; 배율 calibrated 20 ppm, seam 0개; mode point_probe (id목록)"
보수-100,M04,point_probe,calibrated,단차,높이(참고),-20.0,0.0,5.656854249492381,5.656854249492381,5.0,2.0,1.131370849898476,불합격,경계,1.0,"해석 판정; 배율 calibrated 20 ppm, seam 0개; mode point_probe (id목록)"
보수-100,M04,point_probe,calibrated,국소선폭,윤곽,40.0,,,,10.0,4.0,,측정 불가,,0.0,"해석 판정; 배율 calibrated 20 ppm, seam 0개; mode point_probe (id목록)"
보수-100,M04,point_probe,calibrated,선폭,윤곽(참고),40.0,,,,10.0,4.0,,측정 불가,,0.0,"해석 판정; 배율 calibrated 20 ppm, seam 0개; mode point_probe (id목록)"
보수-100,M04,point_probe,calibrated,구멍지름,치수,-100.0,0.0,2.0063897926375125,2.0063897926375125,25.0,10.0,0.0802555917055005,10:1 통과,,1.0,"해석 판정; 배율 calibrated 20 ppm, seam 0개; mode point_probe (id목록)"
보수-100,M04,point_probe,calibrated,길이40,치수,0.0,0.0,5.878775382679628,5.878775382679628,25.0,10.0,0.2351510153071851,10:1 통과,,1.0,"해석 판정; 배율 calibrated 20 ppm, seam 0개; mode point_probe (id목록)"
보수-100,M04,point_probe,calibrated,경계,윤곽(참고),50.0,0.0,1.0031948963187562,1.0031948963187562,25.0,10.0,0.04012779585275025,10:1 통과,,1.0,"해석 판정; 배율 calibrated 20 ppm, seam 0개; mode point_probe (id목록)"
보수-100,M04,point_probe,calibrated,위치,위치,223.60679774997897,0.0,2.0143485299222674,2.0143485299222674,50.0,20.0,0.04028697059844535,10:1 통과,,1.0,"해석 판정; 배율 calibrated 20 ppm, seam 0개; mode point_probe (id목록)"
보수-100,M05,area,diy,국소높이,높이,0.0,0.5129918411871341,16.885253999285858,17.398245840472992,5.0,2.0,3.4796491680945985,불합격,,1.0,"배율 diy 500 ppm, seam 2개"
보수-100,M05,area,diy,단차,높이(참고),-20.0,-1.2519955444335937,14.31489521133948,15.566890755773073,5.0,2.0,3.1133781511546146,불합격,,1.0,"배율 diy 500 ppm, seam 2개"
보수-100,M05,area,diy,국소선폭,윤곽,40.0,-1.9109792253847342,14.2750152590877,16.185994484472435,10.0,4.0,1.6185994484472435,불합격,,1.0,"배율 diy 500 ppm, seam 2개"
보수-100,M05,area,diy,선폭,윤곽(참고),40.0,-1.973325310019759,8.379461583881673,10.352786893901431,10.0,4.0,1.0352786893901431,불합격,경계,1.0,"배율 diy 500 ppm, seam 2개"
보수-100,M05,area,diy,구멍지름,치수,-100.0,-0.05022248210350881,1.1097042518906857,1.1599267339941945,25.0,10.0,0.046397069359767784,10:1 통과,,1.0,"배율 diy 500 ppm, seam 2개"
보수-100,M05,area,diy,길이40,치수,0.0,0.0,33.62538723444931,33.62538723444931,25.0,10.0,1.3450154893779724,불합격,,1.0,"해석 계산; 배율 diy 500 ppm, seam 2개"
보수-100,M05,area,diy,경계,윤곽(참고),50.0,0.025111241051754406,0.5548521259453428,0.5799633669970973,25.0,10.0,0.023198534679883892,10:1 통과,,1.0,"배율 diy 500 ppm, seam 2개"
보수-100,M05,area,diy,위치,위치,223.60679774997897,1.0062048804231256,5.949947862782881,6.956152743206006,50.0,20.0,0.13912305486412013,10:1 통과,,1.0,"배율 diy 500 ppm, seam 2개"
보수-100,M06,area,industrial,국소높이,높이,0.0,-0.18034700035686693,5.5209371856832075,5.701284186040074,5.0,2.0,1.1402568372080149,불합격,경계,1.0,"배율 industrial 100 ppm, seam 1개"
보수-100,M06,area,industrial,단차,높이(참고),-20.0,0.03464447021484375,4.4492430211135074,4.4838874913283515,5.0,2.0,0.8967774982656703,4:1 통과,,1.0,"배율 industrial 100 ppm, seam 1개"
보수-100,M06,area,industrial,국소선폭,윤곽,40.0,-5.969609934958566,4.269902530037118,10.239512464995684,10.0,4.0,1.0239512464995684,불합격,경계,1.0,"배율 industrial 100 ppm, seam 1개"
보수-100,M06,area,industrial,선폭,윤곽(참고),40.0,-5.975936547765809,2.944536342151401,8.92047288991721,10.0,4.0,0.892047288991721,4:1 통과,,1.0,"배율 industrial 100 ppm, seam 1개"
보수-100,M06,area,industrial,구멍지름,치수,-100.0,-0.10589400031635705,0.8389394670074727,0.9448334673238298,25.0,10.0,0.03779333869295319,10:1 통과,,1.0,"배율 industrial 100 ppm, seam 1개"
보수-100,M06,area,industrial,길이40,치수,0.0,0.0,15.187714333192691,15.187714333192691,25.0,10.0,0.6075085733277077,4:1 통과,,1.0,"해석 계산; 배율 industrial 100 ppm, seam 1개"
보수-100,M06,area,industrial,경계,윤곽(참고),50.0,0.05294700015817853,0.41946973350373634,0.4724167336619149,25.0,10.0,0.018896669346476595,10:1 통과,,1.0,"배율 industrial 100 ppm, seam 1개"
보수-100,M06,area,industrial,위치,위치,223.60679774997897,0.2935128954564563,3.009122924432693,3.3026358198891494,50.0,20.0,0.06605271639778298,10:1 통과,,1.0,"배율 industrial 100 ppm, seam 1개"
보수-100,M07,raster_point,printer_axis,국소높이,높이,0.0,-0.09937357970771198,5.5358892499511265,5.6352628296588385,5.0,2.0,1.1270525659317676,불합격,경계,1.0,"프린터 축 래스터: seam 0, 샘플 XY 잡음 5 µm(보수); 배율 printer_axis 500 ppm, seam 0개; mode raster_point (id목록)"
보수-100,M07,raster_point,printer_axis,단차,높이(참고),-20.0,0.26175506591796877,4.31683516915945,4.578590235077419,5.0,2.0,0.9157180470154838,4:1 통과,,1.0,"프린터 축 래스터: seam 0, 샘플 XY 잡음 5 µm(보수); 배율 printer_axis 500 ppm, seam 0개; mode raster_point (id목록)"
보수-100,M07,raster_point,printer_axis,국소선폭,윤곽,40.0,-12.791066065031831,22.413702796544474,35.204768861576305,10.0,4.0,3.5204768861576303,불합격,,1.0,"프린터 축 래스터: seam 0, 샘플 XY 잡음 5 µm(보수); 배율 printer_axis 500 ppm, seam 0개; mode raster_point (id목록)"
보수-100,M07,raster_point,printer_axis,선폭,윤곽(참고),40.0,-12.743141367725547,22.158996742530558,34.902138110256104,10.0,4.0,3.4902138110256105,불합격,,1.0,"프린터 축 래스터: seam 0, 샘플 XY 잡음 5 µm(보수); 배율 printer_axis 500 ppm, seam 0개; mode raster_point (id목록)"
보수-100,M07,raster_point,printer_axis,구멍지름,치수,-100.0,-0.6155548478039237,4.477970178169833,5.093525025973756,25.0,10.0,0.20374100103895024,10:1 통과,,1.0,"프린터 축 래스터: seam 0, 샘플 XY 잡음 5 µm(보수); 배율 printer_axis 500 ppm, seam 0개; mode raster_point (id목록)"
보수-100,M07,raster_point,printer_axis,길이40,치수,0.0,0.0,51.63977794943223,51.63977794943223,25.0,10.0,2.0655911179772892,불합격,,1.0,"해석 계산; 프린터 축 래스터: seam 0, 샘플 XY 잡음 5 µm(보수); 배율 printer_axis 500 ppm, seam 0개; mode raster_point (id목록)"
보수-100,M07,raster_point,printer_axis,경계,윤곽(참고),50.0,0.30777742390196183,2.2389850890849163,2.546762512986878,25.0,10.0,0.10187050051947512,10:1 통과,,1.0,"프린터 축 래스터: seam 0, 샘플 XY 잡음 5 µm(보수); 배율 printer_axis 500 ppm, seam 0개; mode raster_point (id목록)"
보수-100,M07,raster_point,printer_axis,위치,위치,223.60679774997897,0.07623331870337935,0.7385392954097219,0.8147726141131012,50.0,20.0,0.016295452282262025,10:1 통과,,1.0,"프린터 축 래스터: seam 0, 샘플 XY 잡음 5 µm(보수); 배율 printer_axis 500 ppm, seam 0개; mode raster_point (id목록)"
보수-100,M08,raster_point,printer_axis,국소높이,높이,0.0,0.06780756976844161,1.538746529144313,1.6065540989127547,5.0,2.0,0.32131081978255094,10:1 통과,,1.0,"프린터 축 래스터: seam 0, 샘플 XY 잡음 5 µm(보수); 배율 printer_axis 500 ppm, seam 0개; mode raster_point (id목록)"
보수-100,M08,raster_point,printer_axis,단차,높이(참고),-20.0,0.06859527587890625,1.055862001071528,1.1244572769504344,5.0,2.0,0.22489145539008687,10:1 통과,,1.0,"프린터 축 래스터: seam 0, 샘플 XY 잡음 5 µm(보수); 배율 printer_axis 500 ppm, seam 0개; mode raster_point (id목록)"
보수-100,M08,raster_point,printer_axis,국소선폭,윤곽,40.0,-62.61943718190508,7.345812426848324,69.9652496087534,10.0,4.0,6.996524960875339,불합격,,1.0,"프린터 축 래스터: seam 0, 샘플 XY 잡음 5 µm(보수); 배율 printer_axis 500 ppm, seam 0개; mode raster_point (id목록)"
보수-100,M08,raster_point,printer_axis,선폭,윤곽(참고),40.0,-62.62197688316577,7.342033856026468,69.96401073919225,10.0,4.0,6.996401073919225,불합격,,1.0,"프린터 축 래스터: seam 0, 샘플 XY 잡음 5 µm(보수); 배율 printer_axis 500 ppm, seam 0개; mode raster_point (id목록)"
보수-100,M08,raster_point,printer_axis,구멍지름,치수,-100.0,-0.1780312910102748,3.71283802907888,3.8908693200891546,25.0,10.0,0.1556347728035662,10:1 통과,,1.0,"프린터 축 래스터: seam 0, 샘플 XY 잡음 5 µm(보수); 배율 printer_axis 500 ppm, seam 0개; mode raster_point (id목록)"
보수-100,M08,raster_point,printer_axis,길이40,치수,0.0,0.0,43.20493798938573,43.20493798938573,25.0,10.0,1.7281975195754293,불합격,,1.0,"해석 계산; 프린터 축 래스터: seam 0, 샘플 XY 잡음 5 µm(보수); 배율 printer_axis 500 ppm, seam 0개; mode raster_point (id목록)"
보수-100,M08,raster_point,printer_axis,경계,윤곽(참고),50.0,0.0890156455051374,1.85641901453944,1.9454346600445773,25.0,10.0,0.0778173864017831,10:1 통과,,1.0,"프린터 축 래스터: seam 0, 샘플 XY 잡음 5 µm(보수); 배율 printer_axis 500 ppm, seam 0개; mode raster_point (id목록)"
보수-100,M08,raster_point,printer_axis,위치,위치,223.60679774997897,0.018935037268560963,0.39083747863216645,0.4097725159007274,50.0,20.0,0.008195450318014547,10:1 통과,,1.0,"프린터 축 래스터: seam 0, 샘플 XY 잡음 5 µm(보수); 배율 printer_axis 500 ppm, seam 0개; mode raster_point (id목록)"
보수-100,M09,area,calibrated,국소높이,높이,0.0,-0.16309806117995104,2.157931073919121,2.321029135099072,5.0,2.0,0.46420582701981444,4:1 통과,,1.0,"배율 calibrated 20 ppm, seam 2개"
보수-100,M09,area,calibrated,단차,높이(참고),-20.0,-0.16857940673828126,1.5748392251785184,1.7434186319167997,5.0,2.0,0.3486837263833599,10:1 통과,,1.0,"배율 calibrated 20 ppm, seam 2개"
보수-100,M09,area,calibrated,국소선폭,윤곽,40.0,-107.1244189064718,3.450635811519077,110.57505471799088,10.0,4.0,11.057505471799088,불합격,,1.0,"배율 calibrated 20 ppm, seam 2개"
보수-100,M09,area,calibrated,선폭,윤곽(참고),40.0,-107.11458025234417,3.291785229347387,110.40636548169155,10.0,4.0,11.040636548169156,불합격,,1.0,"배율 calibrated 20 ppm, seam 2개"
보수-100,M09,area,calibrated,구멍지름,치수,-100.0,-0.033210533355722875,0.3961349042760091,0.429345437631732,25.0,10.0,0.01717381750526928,10:1 통과,,1.0,"배율 calibrated 20 ppm, seam 2개"
보수-100,M09,area,calibrated,길이40,치수,0.0,0.0,16.408128067109505,16.408128067109505,25.0,10.0,0.6563251226843803,4:1 통과,,1.0,"해석 계산; 배율 calibrated 20 ppm, seam 2개"
보수-100,M09,area,calibrated,경계,윤곽(참고),50.0,0.016605266677861438,0.19806745213800456,0.214672718815866,25.0,10.0,0.00858690875263464,10:1 통과,,1.0,"배율 calibrated 20 ppm, seam 2개"
보수-100,M09,area,calibrated,위치,위치,223.60679774997897,0.025391406277586705,0.2534012564528416,0.2787926627304283,50.0,20.0,0.0055758532546085655,10:1 통과,,1.0,"배율 calibrated 20 ppm, seam 2개"
보수-100,M10,area,industrial,국소높이,높이,0.0,0.09945860671440511,4.46626901789634,4.565727624610745,5.0,2.0,0.9131455249221491,4:1 통과,,1.0,"배율 industrial 100 ppm, seam 7개"
보수-100,M10,area,industrial,단차,높이(참고),-20.0,0.18770416259765624,3.3947837028969086,3.582487865494565,5.0,2.0,0.7164975730989129,4:1 통과,,1.0,"배율 industrial 100 ppm, seam 7개"
보수-100,M10,area,industrial,국소선폭,윤곽,40.0,-52.16233129485066,2.6733296196878493,54.83566091453851,10.0,4.0,5.48356609145385,불합격,,1.0,"배율 industrial 100 ppm, seam 7개"
보수-100,M10,area,industrial,선폭,윤곽(참고),40.0,-52.165528488734545,2.234594186421916,54.40012267515646,10.0,4.0,5.440012267515646,불합격,,1.0,"배율 industrial 100 ppm, seam 7개"
보수-100,M10,area,industrial,구멍지름,치수,-100.0,0.016724291914206334,0.8370153317397477,0.8537396236539541,25.0,10.0,0.03414958494615816,10:1 통과,,1.0,"배율 industrial 100 ppm, seam 7개"
보수-100,M10,area,industrial,길이40,치수,0.0,0.0,28.821288428289716,28.821288428289716,25.0,10.0,1.1528515371315886,불합격,경계,1.0,"해석 계산; 배율 industrial 100 ppm, seam 7개"
보수-100,M10,area,industrial,경계,윤곽(참고),50.0,-0.008362145957103167,0.41850766586987387,0.42686981182697703,25.0,10.0,0.01707479247307908,10:1 통과,,1.0,"배율 industrial 100 ppm, seam 7개"
보수-100,M10,area,industrial,위치,위치,223.60679774997897,0.0240938526868007,0.30840535518994344,0.33249920787674414,50.0,20.0,0.006649984157534883,10:1 통과,,1.0,"배율 industrial 100 ppm, seam 7개"
보수-100,M11,area,diy,국소높이,높이,0.0,-0.2523031641414937,7.805690849816343,8.057994013957837,5.0,2.0,1.6115988027915673,불합격,,1.0,"배율 diy 500 ppm, seam 1개"
보수-100,M11,area,diy,단차,높이(참고),-20.0,-0.125032958984375,4.87010647306914,4.995139432053515,5.0,2.0,0.999027886410703,4:1 통과,,1.0,"배율 diy 500 ppm, seam 1개"
보수-100,M11,area,diy,국소선폭,윤곽,40.0,-1.9108879050166878,5.959737239361189,7.870625144377877,10.0,4.0,0.7870625144377877,4:1 통과,,1.0,"배율 diy 500 ppm, seam 1개"
보수-100,M11,area,diy,선폭,윤곽(참고),40.0,-1.9001972459013121,4.056817496058454,5.9570147419597665,10.0,4.0,0.5957014741959766,4:1 통과,,1.0,"배율 diy 500 ppm, seam 1개"
보수-100,M11,area,diy,구멍지름,치수,-100.0,0.35865079580105885,0.8296493627541729,1.1883001585552317,25.0,10.0,0.04753200634220927,10:1 통과,,1.0,"배율 diy 500 ppm, seam 1개"
보수-100,M11,area,diy,길이40,치수,0.0,0.0,25.555169079203267,25.555169079203267,25.0,10.0,1.0222067631681306,불합격,경계,1.0,"해석 계산; 배율 diy 500 ppm, seam 1개"
보수-100,M11,area,diy,경계,윤곽(참고),50.0,-0.17932539790052943,0.41482468137708645,0.5941500792776159,25.0,10.0,0.023766003171104635,10:1 통과,,1.0,"배율 diy 500 ppm, seam 1개"
보수-100,M11,area,diy,위치,위치,223.60679774997897,0.03949012634347141,0.32138629894308596,0.3608764252865574,50.0,20.0,0.007217528505731148,10:1 통과,,1.0,"배율 diy 500 ppm, seam 1개"
보수-100,M12,area,diy,국소높이,높이,0.0,-0.40940539287591726,28.39941965301354,28.808825045889456,5.0,2.0,5.761765009177891,불합격,,1.0,"배율 diy 500 ppm, seam 0개"
보수-100,M12,area,diy,단차,높이(참고),-20.0,-0.110157470703125,17.85642936118259,17.966586831885717,5.0,2.0,3.5933173663771436,불합격,,1.0,"배율 diy 500 ppm, seam 0개"
보수-100,M12,area,diy,국소선폭,윤곽,40.0,-0.2698175223902111,26.37539882304455,26.64521634543476,10.0,4.0,2.664521634543476,불합격,,1.0,"배율 diy 500 ppm, seam 0개"
보수-100,M12,area,diy,선폭,윤곽(참고),40.0,0.260807555138108,12.522144087993535,12.782951643131643,10.0,4.0,1.2782951643131644,불합격,경계,1.0,"배율 diy 500 ppm, seam 0개"
보수-100,M12,area,diy,구멍지름,치수,-100.0,-0.22649377176980123,0.700288732524206,0.9267825042940072,25.0,10.0,0.03707130017176029,10:1 통과,,1.0,"배율 diy 500 ppm, seam 0개"
보수-100,M12,area,diy,길이40,치수,0.0,0.0,18.18424226264781,18.18424226264781,25.0,10.0,0.7273696905059124,4:1 통과,,1.0,"해석 계산; 배율 diy 500 ppm, seam 0개"
보수-100,M12,area,diy,경계,윤곽(참고),50.0,0.11324688588490062,0.350144366262103,0.4633912521470036,25.0,10.0,0.018535650085880144,10:1 통과,,1.0,"배율 diy 500 ppm, seam 0개"
보수-100,M12,area,diy,위치,위치,223.60679774997897,0.48957161769853563,5.934934131473655,6.424505749172191,50.0,20.0,0.12849011498344381,10:1 통과,,1.0,"배율 diy 500 ppm, seam 0개"
보수-100,M13,area,diy,국소높이,높이,0.0,-1.286410791664752,34.52466809591867,35.81107888758342,5.0,2.0,7.162215777516684,불합격,,1.0,"배율 diy 500 ppm, seam 0개"
보수-100,M13,area,diy,단차,높이(참고),-20.0,-0.7653448486328125,28.676277209652643,29.441622058285454,5.0,2.0,5.8883244116570905,불합격,,1.0,"배율 diy 500 ppm, seam 0개"
보수-100,M13,area,diy,국소선폭,윤곽,40.0,-7.59739864873715,23.522582495222196,31.119981143959347,10.0,4.0,3.1119981143959348,불합격,,1.0,"배율 diy 500 ppm, seam 0개"
보수-100,M13,area,diy,선폭,윤곽(참고),40.0,-6.721871060153148,10.681791978179719,17.403663038332866,10.0,4.0,1.7403663038332866,불합격,,1.0,"배율 diy 500 ppm, seam 0개"
보수-100,M13,area,diy,구멍지름,치수,-100.0,-0.022373927033486327,0.8777759777120318,0.900149904745518,25.0,10.0,0.03600599618982072,10:1 통과,,1.0,"배율 diy 500 ppm, seam 0개"
보수-100,M13,area,diy,길이40,치수,0.0,0.0,15.31883372410141,15.31883372410141,25.0,10.0,0.6127533489640564,4:1 통과,,1.0,"해석 계산; 배율 diy 500 ppm, seam 0개"
보수-100,M13,area,diy,경계,윤곽(참고),50.0,0.011186963516743163,0.4388879888560159,0.450074952372759,25.0,10.0,0.01800299809491036,10:1 통과,,1.0,"배율 diy 500 ppm, seam 0개"
보수-100,M13,area,diy,위치,위치,223.60679774997897,1.1626395527929991,4.2792398925321224,5.441879445325122,50.0,20.0,0.10883758890650244,10:1 통과,,1.0,"배율 diy 500 ppm, seam 0개"
보수-100,M14,area,calibrated,국소높이,높이,0.0,0.10907754971518152,1.6110661152449879,1.7201436649601693,5.0,2.0,0.34402873299203385,10:1 통과,,1.0,"xy_step 1.76 < 2 µm → 2 µm 로 처리; 배율 calibrated 20 ppm, seam 14개"
보수-100,M14,area,calibrated,단차,높이(참고),-20.0,0.081246337890625,0.9108532099171787,0.9920995478078036,5.0,2.0,0.19841990956156072,10:1 통과,,1.0,"xy_step 1.76 < 2 µm → 2 µm 로 처리; 배율 calibrated 20 ppm, seam 14개"
보수-100,M14,area,calibrated,국소선폭,윤곽,40.0,-0.08734419987110907,0.4881854916208941,0.5755296914920032,10.0,4.0,0.057552969149200314,10:1 통과,,1.0,"xy_step 1.76 < 2 µm → 2 µm 로 처리; 배율 calibrated 20 ppm, seam 14개"
보수-100,M14,area,calibrated,선폭,윤곽(참고),40.0,-0.08615478165027866,0.20749224361923985,0.2936470252695185,10.0,4.0,0.029364702526951853,10:1 통과,,1.0,"xy_step 1.76 < 2 µm → 2 µm 로 처리; 배율 calibrated 20 ppm, seam 14개"
보수-100,M14,area,calibrated,구멍지름,치수,-100.0,0.021676919718602222,0.1569215155913396,0.17859843530994182,25.0,10.0,0.007143937412397673,10:1 통과,,1.0,"xy_step 1.76 < 2 µm → 2 µm 로 처리; 배율 calibrated 20 ppm, seam 14개"
보수-100,M14,area,calibrated,길이40,치수,0.0,0.0,7.824747067264645,7.824747067264645,25.0,10.0,0.3129898826905858,10:1 통과,,1.0,"해석 계산; xy_step 1.76 < 2 µm → 2 µm 로 처리; 배율 calibrated 20 ppm, seam 14개"
보수-100,M14,area,calibrated,경계,윤곽(참고),50.0,-0.010838459859301111,0.0784607577956698,0.08929921765497091,25.0,10.0,0.0035719687061988364,10:1 통과,,1.0,"xy_step 1.76 < 2 µm → 2 µm 로 처리; 배율 calibrated 20 ppm, seam 14개"
보수-100,M14,area,calibrated,위치,위치,223.60679774997897,0.16357039392146158,1.2671017930073243,1.430672186928786,50.0,20.0,0.02861344373857572,10:1 통과,,1.0,"xy_step 1.76 < 2 µm → 2 µm 로 처리; 배율 calibrated 20 ppm, seam 14개"
보수-100,M15,area,calibrated,국소높이,높이,0.0,-0.0005945375000200443,0.29010570368451255,0.2907002411845326,5.0,2.0,0.058140048236906515,10:1 통과,,1.0,"배율 calibrated 20 ppm, seam 10개"
보수-100,M15,area,calibrated,단차,높이(참고),-20.0,-0.0032733154296875,0.19663334774441518,0.1999066631741027,5.0,2.0,0.03998133263482054,10:1 통과,,1.0,"배율 calibrated 20 ppm, seam 10개"
보수-100,M15,area,calibrated,국소선폭,윤곽,40.0,-84.74841012201911,0.804135973976295,85.55254609599541,10.0,4.0,8.55525460959954,불합격,,1.0,"배율 calibrated 20 ppm, seam 10개"
보수-100,M15,area,calibrated,선폭,윤곽(참고),40.0,-84.74808447448844,0.8009054819968109,85.54898995648524,10.0,4.0,8.554898995648525,불합격,,1.0,"배율 calibrated 20 ppm, seam 10개"
보수-100,M15,area,calibrated,구멍지름,치수,-100.0,-0.02922346494575322,0.1485293950907604,0.17775286003651364,25.0,10.0,0.007110114401460545,10:1 통과,,1.0,"배율 calibrated 20 ppm, seam 10개"
보수-100,M15,area,calibrated,길이40,치수,0.0,0.0,10.346993121997649,10.346993121997649,25.0,10.0,0.41387972487990593,4:1 통과,,1.0,"해석 계산; 배율 calibrated 20 ppm, seam 10개"
보수-100,M15,area,calibrated,경계,윤곽(참고),50.0,0.01461173247287661,0.0742646975453802,0.08887643001825682,25.0,10.0,0.0035550572007302726,10:1 통과,,1.0,"배율 calibrated 20 ppm, seam 10개"
보수-100,M15,area,calibrated,위치,위치,223.60679774997897,0.0032681160855748434,0.03507851626732891,0.03834663235290375,50.0,20.0,0.0007669326470580751,10:1 통과,,1.0,"배율 calibrated 20 ppm, seam 10개"
보수-100,M16,area,calibrated,국소높이,높이,0.0,0.11403660681747178,1.4397360133556745,1.5537726201731463,5.0,2.0,0.3107545240346293,10:1 통과,,1.0,"배율 calibrated 20 ppm, seam 15개"
보수-100,M16,area,calibrated,단차,높이(참고),-20.0,0.0212042236328125,1.0185360913203743,1.0397403149531868,5.0,2.0,0.20794806299063734,10:1 통과,,1.0,"배율 calibrated 20 ppm, seam 15개"
보수-100,M16,area,calibrated,국소선폭,윤곽,40.0,-29.83865530140814,0.7848330453546967,30.623488346762834,10.0,4.0,3.0623488346762833,불합격,,1.0,"배율 calibrated 20 ppm, seam 15개"
보수-100,M16,area,calibrated,선폭,윤곽(참고),40.0,-29.838739775160757,0.7066836618811343,30.54542343704189,10.0,4.0,3.054542343704189,불합격,,1.0,"배율 calibrated 20 ppm, seam 15개"
보수-100,M16,area,calibrated,구멍지름,치수,-100.0,0.028388096140452034,0.14066177539430433,0.16904987153475637,25.0,10.0,0.006761994861390255,10:1 통과,,1.0,"배율 calibrated 20 ppm, seam 15개"
보수-100,M16,area,calibrated,길이40,치수,0.0,0.0,10.023804999433432,10.023804999433432,25.0,10.0,0.4009521999773373,4:1 통과,,1.0,"해석 계산; 배율 calibrated 20 ppm, seam 15개"
보수-100,M16,area,calibrated,경계,윤곽(참고),50.0,-0.014194048070226017,0.07033088769715216,0.08452493576737818,25.0,10.0,0.0033809974306951273,10:1 통과,,1.0,"배율 calibrated 20 ppm, seam 15개"
보수-100,M16,area,calibrated,위치,위치,223.60679774997897,0.015663997794179988,0.30474526264771545,0.32040926044189544,50.0,20.0,0.006408185208837909,10:1 통과,,1.0,"배율 calibrated 20 ppm, seam 15개"
보수-100,M17,area,diy,국소높이,높이,0.0,9.620525193452835,1234.666469256723,1244.2869944501758,5.0,2.0,248.85739889003517,불합격,,1.0,"배율 diy 500 ppm, seam 0개"
보수-100,M17,area,diy,단차,높이(참고),-20.0,5.0371212249106545,943.9297402972776,948.9668615221882,5.0,2.0,189.79337230443764,불합격,,0.94,"배율 diy 500 ppm, seam 0개"
보수-100,M17,area,diy,국소선폭,윤곽,40.0,107.57407296378193,2836.226621567313,2943.800694531095,10.0,4.0,294.3800694531095,불합격,,1.0,"배율 diy 500 ppm, seam 0개"
보수-100,M17,area,diy,선폭,윤곽(참고),40.0,,,,10.0,4.0,,측정 불가,,0.74,"배율 diy 500 ppm, seam 0개"
보수-100,M17,area,diy,구멍지름,치수,-100.0,1813.9718831140042,194.65213569847242,2008.6240188124766,25.0,10.0,80.34496075249906,불합격,,1.0,"배율 diy 500 ppm, seam 0개"
보수-100,M17,area,diy,길이40,치수,0.0,0.0,128.43935014888027,128.43935014888027,25.0,10.0,5.13757400595521,불합격,,1.0,"해석 계산; 배율 diy 500 ppm, seam 0개"
보수-100,M17,area,diy,경계,윤곽(참고),50.0,-906.9859415570021,97.32606784923621,1004.3120094062383,25.0,10.0,40.17248037624953,불합격,,1.0,"배율 diy 500 ppm, seam 0개"
보수-100,M17,area,diy,위치,위치,223.60679774997897,194.55643041002315,36.52362328571435,231.0800536957375,50.0,20.0,4.62160107391475,불합격,,1.0,"배율 diy 500 ppm, seam 0개"
보수-100,M18,area,printer_axis,국소높이,높이,0.0,-1.2032830085193789,7.968420887067808,9.171703895587186,5.0,2.0,1.834340779117437,불합격,,1.0,"xy_step 1.1 < 2 µm → 2 µm 로 처리; 배율 printer_axis 500 ppm, seam 29개"
보수-100,M18,area,printer_axis,단차,높이(참고),-20.0,0.13237457275390624,5.103862613445008,5.236237186198914,5.0,2.0,1.0472474372397829,불합격,경계,1.0,"xy_step 1.1 < 2 µm → 2 µm 로 처리; 배율 printer_axis 500 ppm, seam 29개"
보수-100,M18,area,printer_axis,국소선폭,윤곽,40.0,-16.490931681853016,1.8811612535820033,18.37209293543502,10.0,4.0,1.837209293543502,불합격,,1.0,"xy_step 1.1 < 2 µm → 2 µm 로 처리; 배율 printer_axis 500 ppm, seam 29개"
보수-100,M18,area,printer_axis,선폭,윤곽(참고),40.0,-16.493770375515552,0.816649859745857,17.31042023526141,10.0,4.0,1.731042023526141,불합격,,1.0,"xy_step 1.1 < 2 µm → 2 µm 로 처리; 배율 printer_axis 500 ppm, seam 29개"
보수-100,M18,area,printer_axis,구멍지름,치수,-100.0,0.11613732659987364,3.982305451308264,4.098442777908137,25.0,10.0,0.1639377111163255,10:1 통과,,1.0,"xy_step 1.1 < 2 µm → 2 µm 로 처리; 배율 printer_axis 500 ppm, seam 29개"
보수-100,M18,area,printer_axis,길이40,치수,0.0,0.0,41.45680482944467,41.45680482944467,25.0,10.0,1.6582721931777868,불합격,,1.0,"해석 계산; xy_step 1.1 < 2 µm → 2 µm 로 처리; 배율 printer_axis 500 ppm, seam 29개"
보수-100,M18,area,printer_axis,경계,윤곽(참고),50.0,-0.05806866329993682,1.991152725654132,2.0492213889540687,25.0,10.0,0.08196885555816275,10:1 통과,,1.0,"xy_step 1.1 < 2 µm → 2 µm 로 처리; 배율 printer_axis 500 ppm, seam 29개"
보수-100,M18,area,printer_axis,위치,위치,223.60679774997897,0.0763720815393545,1.2848286602346994,1.361200741774054,50.0,20.0,0.027224014835481078,10:1 통과,,1.0,"xy_step 1.1 < 2 µm → 2 µm 로 처리; 배율 printer_axis 500 ppm, seam 29개"
보수-100,M19,area,diy,국소높이,높이,0.0,-2.1105745625069954,46.601736003983895,48.71231056649089,5.0,2.0,9.742462113298178,불합격,,1.0,"배율 diy 500 ppm, seam 2개"
보수-100,M19,area,diy,단차,높이(참고),-20.0,0.3160675048828125,36.932938483522314,37.24900598840512,5.0,2.0,7.449801197681024,불합격,,1.0,"배율 diy 500 ppm, seam 2개"
보수-100,M19,area,diy,국소선폭,윤곽,40.0,-11.061706877262614,15.093019290461008,26.154726167723624,10.0,4.0,2.6154726167723625,불합격,,1.0,"배율 diy 500 ppm, seam 2개"
보수-100,M19,area,diy,선폭,윤곽(참고),40.0,-11.191626244175408,5.5716913903539815,16.76331763452939,10.0,4.0,1.6763317634529389,불합격,,1.0,"배율 diy 500 ppm, seam 2개"
보수-100,M19,area,diy,구멍지름,치수,-100.0,0.03391366793558518,0.5788059277751835,0.6127195957107686,25.0,10.0,0.024508783828430743,10:1 통과,,1.0,"배율 diy 500 ppm, seam 2개"
보수-100,M19,area,diy,길이40,치수,0.0,0.0,12.027745701779143,12.027745701779143,25.0,10.0,0.4811098280711657,4:1 통과,,1.0,"해석 계산; 배율 diy 500 ppm, seam 2개"
보수-100,M19,area,diy,경계,윤곽(참고),50.0,-0.01695683396779259,0.28940296388759174,0.3063597978553843,25.0,10.0,0.012254391914215372,10:1 통과,,1.0,"배율 diy 500 ppm, seam 2개"
보수-100,M19,area,diy,위치,위치,223.60679774997897,0.1537439331510497,0.9794428286156912,1.1331867617667408,50.0,20.0,0.022663735235334815,10:1 통과,,1.0,"배율 diy 500 ppm, seam 2개"
보수-100,M20,2d,diy,국소높이,높이,0.0,,,,5.0,2.0,,측정 불가,,0.0,"배율 diy 500 ppm, seam 0개; mode 2d (id목록)"
보수-100,M20,2d,diy,단차,높이(참고),-20.0,,,,5.0,2.0,,측정 불가,,0.0,"배율 diy 500 ppm, seam 0개; mode 2d (id목록)"
보수-100,M20,2d,diy,국소선폭,윤곽,40.0,-0.2819460487091226,3.6712417159256057,3.953187764634728,10.0,4.0,0.3953187764634728,10:1 통과,,1.0,"배율 diy 500 ppm, seam 0개; mode 2d (id목록)"
보수-100,M20,2d,diy,선폭,윤곽(참고),40.0,-0.2819460487091226,3.706453302743736,3.9883993514528586,10.0,4.0,0.3988399351452859,10:1 통과,,1.0,"배율 diy 500 ppm, seam 0개; mode 2d (id목록)"
보수-100,M20,2d,diy,구멍지름,치수,-100.0,-0.002726495576225716,0.7299321064604017,0.7326586020366275,25.0,10.0,0.0293063440814651,10:1 통과,,1.0,"배율 diy 500 ppm, seam 0개; mode 2d (id목록)"
보수-100,M20,2d,diy,길이40,치수,0.0,0.0,9.095420092918559,9.095420092918559,25.0,10.0,0.36381680371674235,10:1 통과,,1.0,"해석 계산; 배율 diy 500 ppm, seam 0개; mode 2d (id목록)"
보수-100,M20,2d,diy,경계,윤곽(참고),50.0,0.001363247788112858,0.36496605323020087,0.36632930101831374,25.0,10.0,0.01465317204073255,10:1 통과,,1.0,"배율 diy 500 ppm, seam 0개; mode 2d (id목록)"
보수-100,M20,2d,diy,위치,위치,223.60679774997897,0.012174928369318435,0.11908490081673437,0.1312598291860528,50.0,20.0,0.002625196583721056,10:1 통과,,1.0,"배율 diy 500 ppm, seam 0개; mode 2d (id목록)"
보수-100,M21,2d,industrial,국소높이,높이,0.0,,,,5.0,2.0,,측정 불가,,0.0,"배율 industrial 100 ppm, seam 0개; mode 2d (id목록)"
보수-100,M21,2d,industrial,단차,높이(참고),-20.0,,,,5.0,2.0,,측정 불가,,0.0,"배율 industrial 100 ppm, seam 0개; mode 2d (id목록)"
보수-100,M21,2d,industrial,국소선폭,윤곽,40.0,0.0008039157080190762,14.435352367705157,14.436156283413176,10.0,4.0,1.4436156283413175,불합격,,1.0,"배율 industrial 100 ppm, seam 0개; mode 2d (id목록)"
보수-100,M21,2d,industrial,선폭,윤곽(참고),40.0,0.0008039157080190762,14.573804614240931,14.57460852994895,10.0,4.0,1.457460852994895,불합격,,1.0,"배율 industrial 100 ppm, seam 0개; mode 2d (id목록)"
보수-100,M21,2d,industrial,구멍지름,치수,-100.0,0.03680048756310498,0.7021119811329848,0.7389124686960897,25.0,10.0,0.02955649874784359,10:1 통과,,1.0,"배율 industrial 100 ppm, seam 0개; mode 2d (id목록)"
보수-100,M21,2d,industrial,길이40,치수,0.0,0.0,17.45470328211473,17.45470328211473,25.0,10.0,0.6981881312845891,4:1 통과,,1.0,"해석 계산; 배율 industrial 100 ppm, seam 0개; mode 2d (id목록)"
보수-100,M21,2d,industrial,경계,윤곽(참고),50.0,-0.01840024378155249,0.3510559905664924,0.36945623434804487,25.0,10.0,0.014778249373921795,10:1 통과,,1.0,"배율 industrial 100 ppm, seam 0개; mode 2d (id목록)"
보수-100,M21,2d,industrial,위치,위치,223.60679774997897,0.004781621752502064,0.48176716342345954,0.4865487851759616,50.0,20.0,0.009730975703519232,10:1 통과,,1.0,"배율 industrial 100 ppm, seam 0개; mode 2d (id목록)"
보수-100,M22,2d,diy,국소높이,높이,0.0,,,,5.0,2.0,,측정 불가,,0.0,"배율 diy 500 ppm, seam 5개; mode 2d (id목록)"
보수-100,M22,2d,diy,단차,높이(참고),-20.0,,,,5.0,2.0,,측정 불가,,0.0,"배율 diy 500 ppm, seam 5개; mode 2d (id목록)"
보수-100,M22,2d,diy,국소선폭,윤곽,40.0,0.015109821105622813,2.495419941283311,2.5105297623889338,10.0,4.0,0.2510529762388934,10:1 통과,,1.0,"배율 diy 500 ppm, seam 5개; mode 2d (id목록)"
보수-100,M22,2d,diy,선폭,윤곽(참고),40.0,0.015109821105622813,2.5193539948568,2.5344638159624227,10.0,4.0,0.2534463815962423,10:1 통과,,1.0,"배율 diy 500 ppm, seam 5개; mode 2d (id목록)"
보수-100,M22,2d,diy,구멍지름,치수,-100.0,0.04125412137667808,0.7624585463295996,0.8037126677062777,25.0,10.0,0.03214850670825111,10:1 통과,,1.0,"배율 diy 500 ppm, seam 5개; mode 2d (id목록)"
보수-100,M22,2d,diy,길이40,치수,0.0,0.0,10.723805294763608,10.723805294763608,25.0,10.0,0.4289522117905443,4:1 통과,,1.0,"해석 계산; 배율 diy 500 ppm, seam 5개; mode 2d (id목록)"
보수-100,M22,2d,diy,경계,윤곽(참고),50.0,-0.02062706068833904,0.3812292731647998,0.40185633385313885,25.0,10.0,0.016074253354125555,10:1 통과,,1.0,"배율 diy 500 ppm, seam 5개; mode 2d (id목록)"
보수-100,M22,2d,diy,위치,위치,223.60679774997897,0.0037283498949517357,0.049453958638597355,0.05318230853354909,50.0,20.0,0.0010636461706709818,10:1 통과,,1.0,"배율 diy 500 ppm, seam 5개; mode 2d (id목록)"
보수-100,M23,area,calibrated,국소높이,높이,0.0,-0.4785710158335409,6.783197516794254,7.261768532627795,5.0,2.0,1.452353706525559,불합격,,1.0,"배율 calibrated 20 ppm, seam 0개"
보수-100,M23,area,calibrated,단차,높이(참고),-20.0,-0.28981536865234375,5.932305387345227,6.2221207559975715,5.0,2.0,1.2444241511995142,불합격,경계,1.0,"배율 calibrated 20 ppm, seam 0개"
보수-100,M23,area,calibrated,국소선폭,윤곽,40.0,-8.742614798064885,7.551703895892038,16.294318693956924,10.0,4.0,1.6294318693956924,불합격,,1.0,"배율 calibrated 20 ppm, seam 0개"
보수-100,M23,area,calibrated,선폭,윤곽(참고),40.0,-8.750765240313164,6.935040606215615,15.68580584652878,10.0,4.0,1.568580584652878,불합격,,1.0,"배율 calibrated 20 ppm, seam 0개"
보수-100,M23,area,calibrated,구멍지름,치수,-100.0,0.039228642886946545,1.9374767819436423,1.9767054248305889,25.0,10.0,0.07906821699322356,10:1 통과,,1.0,"배율 calibrated 20 ppm, seam 0개"
보수-100,M23,area,calibrated,길이40,치수,0.0,0.0,20.47502543750964,20.47502543750964,25.0,10.0,0.8190010175003856,4:1 통과,,1.0,"해석 계산; 배율 calibrated 20 ppm, seam 0개"
보수-100,M23,area,calibrated,경계,윤곽(참고),50.0,-0.019614321443473273,0.9687383909718211,0.9883527124152944,25.0,10.0,0.03953410849661178,10:1 통과,,1.0,"배율 calibrated 20 ppm, seam 0개"
보수-100,M23,area,calibrated,위치,위치,223.60679774997897,0.025456191246353427,1.3975701910391551,1.4230263822855085,50.0,20.0,0.02846052764571017,10:1 통과,,1.0,"배율 calibrated 20 ppm, seam 0개"
보수-100,M24,point_probe,calibrated,국소높이,높이,0.0,0.0,4.0,4.0,5.0,2.0,0.8,4:1 통과,,1.0,"해석 판정; 배율 calibrated 20 ppm, seam 15개; mode point_probe (csv)"
보수-100,M24,point_probe,calibrated,단차,높이(참고),-20.0,0.0,5.656854249492381,5.656854249492381,5.0,2.0,1.131370849898476,불합격,경계,1.0,"해석 판정; 배율 calibrated 20 ppm, seam 15개; mode point_probe (csv)"
보수-100,M24,point_probe,calibrated,국소선폭,윤곽,40.0,0.0,5.656876876864124,5.656876876864124,10.0,4.0,0.5656876876864124,4:1 통과,,1.0,"해석 판정; 배율 calibrated 20 ppm, seam 15개; mode point_probe (csv)"
보수-100,M24,point_probe,calibrated,선폭,윤곽(참고),40.0,0.0,5.656876876864124,5.656876876864124,10.0,4.0,0.5656876876864124,4:1 통과,,1.0,"해석 판정; 배율 calibrated 20 ppm, seam 15개; mode point_probe (csv)"
보수-100,M24,point_probe,calibrated,구멍지름,치수,-100.0,0.0,2.0063897926375125,2.0063897926375125,25.0,10.0,0.0802555917055005,10:1 통과,,1.0,"해석 판정; 배율 calibrated 20 ppm, seam 15개; mode point_probe (csv)"
보수-100,M24,point_probe,calibrated,길이40,치수,0.0,0.0,16.569852141766383,16.569852141766383,25.0,10.0,0.6627940856706553,4:1 통과,,1.0,"해석 판정; 배율 calibrated 20 ppm, seam 15개; mode point_probe (csv)"
보수-100,M24,point_probe,calibrated,경계,윤곽(참고),50.0,0.0,1.0031948963187562,1.0031948963187562,25.0,10.0,0.04012779585275025,10:1 통과,,1.0,"해석 판정; 배율 calibrated 20 ppm, seam 15개; mode point_probe (csv)"
보수-100,M24,point_probe,calibrated,위치,위치,223.60679774997897,0.0,2.0143485299222674,2.0143485299222674,50.0,20.0,0.04028697059844535,10:1 통과,,1.0,"해석 판정; 배율 calibrated 20 ppm, seam 15개; mode point_probe (csv)"
보수-100,M25,point_probe,calibrated,국소높이,높이,0.0,,,,5.0,2.0,,측정 불가,,0.0,"해석 판정; 배율 calibrated 20 ppm, seam 0개; mode point_probe (csv)"
보수-100,M25,point_probe,calibrated,단차,높이(참고),-20.0,0.0,2.8284271247461903,2.8284271247461903,5.0,2.0,0.565685424949238,4:1 통과,,1.0,"해석 판정; 배율 calibrated 20 ppm, seam 0개; mode point_probe (csv)"
보수-100,M25,point_probe,calibrated,국소선폭,윤곽,40.0,0.0,2.8284723792181534,2.8284723792181534,10.0,4.0,0.2828472379218153,10:1 통과,,1.0,"해석 판정; 배율 calibrated 20 ppm, seam 0개; mode point_probe (csv)"
보수-100,M25,point_probe,calibrated,선폭,윤곽(참고),40.0,0.0,2.8284723792181534,2.8284723792181534,10.0,4.0,0.2828472379218153,10:1 통과,,1.0,"해석 판정; 배율 calibrated 20 ppm, seam 0개; mode point_probe (csv)"
보수-100,M25,point_probe,calibrated,구멍지름,치수,-100.0,0.0,1.012719112093773,1.012719112093773,25.0,10.0,0.040508764483750924,10:1 통과,,1.0,"해석 판정; 배율 calibrated 20 ppm, seam 0개; mode point_probe (csv)"
보수-100,M25,point_probe,calibrated,길이40,치수,0.0,0.0,3.249615361854384,3.249615361854384,25.0,10.0,0.12998461447417536,10:1 통과,,1.0,"해석 판정; 배율 calibrated 20 ppm, seam 0개; mode point_probe (csv)"
보수-100,M25,point_probe,calibrated,경계,윤곽(참고),50.0,0.0,0.5063595560468865,0.5063595560468865,25.0,10.0,0.020254382241875462,10:1 통과,,1.0,"해석 판정; 배율 calibrated 20 ppm, seam 0개; mode point_probe (csv)"
보수-100,M25,point_probe,calibrated,위치,위치,223.60679774997897,0.0,1.0283968105745953,1.0283968105745953,50.0,20.0,0.020567936211491906,10:1 통과,,1.0,"해석 판정; 배율 calibrated 20 ppm, seam 0개; mode point_probe (csv)"
보수-100,M26,line_profiler,calibrated,국소높이,높이,0.0,0.0003786497659941972,1.841585914545217,1.841964564311211,5.0,2.0,0.3683929128622422,10:1 통과,,1.0,"xy_step 1 < 2 µm → 2 µm 로 처리; 배율 calibrated 20 ppm, seam 0개; 선 단면 장비(면 측정은 래스터 가정, 면 래스터 140,000 분); mode line_profiler (csv)"
보수-100,M26,line_profiler,calibrated,단차,높이(참고),-20.0,0.04283660888671875,1.5263017346864094,1.569138343573128,5.0,2.0,0.31382766871462564,10:1 통과,,1.0,"xy_step 1 < 2 µm → 2 µm 로 처리; 배율 calibrated 20 ppm, seam 0개; 선 단면 장비(면 측정은 래스터 가정, 면 래스터 140,000 분); mode line_profiler (csv)"
보수-100,M26,line_profiler,calibrated,국소선폭,윤곽,40.0,-7.5736338447930285,0.8209065471261278,8.394540391919156,10.0,4.0,0.8394540391919156,4:1 통과,,1.0,"xy_step 1 < 2 µm → 2 µm 로 처리; 배율 calibrated 20 ppm, seam 0개; 선 단면 장비(면 측정은 래스터 가정, 면 래스터 140,000 분); mode line_profiler (csv)"
보수-100,M26,line_profiler,calibrated,선폭,윤곽(참고),40.0,-7.5731888446419875,0.5124339478860219,8.08562279252801,10.0,4.0,0.808562279252801,4:1 통과,,1.0,"xy_step 1 < 2 µm → 2 µm 로 처리; 배율 calibrated 20 ppm, seam 0개; 선 단면 장비(면 측정은 래스터 가정, 면 래스터 140,000 분); mode line_profiler (csv)"
보수-100,M26,line_profiler,calibrated,구멍지름,치수,-100.0,0.044432257417283835,0.17652018644084982,0.22095244385813367,25.0,10.0,0.008838097754325347,10:1 통과,,1.0,"xy_step 1 < 2 µm → 2 µm 로 처리; 배율 calibrated 20 ppm, seam 0개; 선 단면 장비(면 측정은 래스터 가정, 면 래스터 140,000 분); mode line_profiler (csv)"
보수-100,M26,line_profiler,calibrated,길이40,치수,0.0,0.0,2.2861904265976327,2.2861904265976327,25.0,10.0,0.0914476170639053,10:1 통과,,1.0,"해석 계산; xy_step 1 < 2 µm → 2 µm 로 처리; 배율 calibrated 20 ppm, seam 0개; 선 단면 장비(면 측정은 래스터 가정, 면 래스터 140,000 분); mode line_profiler (csv)"
보수-100,M26,line_profiler,calibrated,경계,윤곽(참고),50.0,-0.022216128708641918,0.08826009322042491,0.11047622192906684,25.0,10.0,0.004419048877162673,10:1 통과,,1.0,"xy_step 1 < 2 µm → 2 µm 로 처리; 배율 calibrated 20 ppm, seam 0개; 선 단면 장비(면 측정은 래스터 가정, 면 래스터 140,000 분); mode line_profiler (csv)"
보수-100,M26,line_profiler,calibrated,위치,위치,223.60679774997897,0.026554194003291877,1.2194082534887605,1.2459624474920523,50.0,20.0,0.024919248949841048,10:1 통과,,1.0,"xy_step 1 < 2 µm → 2 µm 로 처리; 배율 calibrated 20 ppm, seam 0개; 선 단면 장비(면 측정은 래스터 가정, 면 래스터 140,000 분); mode line_profiler (csv)"
보수-100,M27,area,calibrated,국소높이,높이,0.0,0.6123293148211091,21.85116840963503,22.46349772445614,5.0,2.0,4.492699544891228,불합격,,1.0,"배율 calibrated 20 ppm, seam 0개; mode area (csv)"
보수-100,M27,area,calibrated,단차,높이(참고),-20.0,-0.04093109130859375,16.176041039986945,16.216972131295538,5.0,2.0,3.2433944262591075,불합격,,1.0,"배율 calibrated 20 ppm, seam 0개; mode area (csv)"
보수-100,M27,area,calibrated,국소선폭,윤곽,40.0,-4.128462958405367,20.583936444103912,24.71239940250928,10.0,4.0,2.471239940250928,불합격,,1.0,"배율 calibrated 20 ppm, seam 0개; mode area (csv)"
보수-100,M27,area,calibrated,선폭,윤곽(참고),40.0,-3.1024560034903756,13.106288474661342,16.20874447815172,10.0,4.0,1.6208744478151718,불합격,,1.0,"배율 calibrated 20 ppm, seam 0개; mode area (csv)"
보수-100,M27,area,calibrated,구멍지름,치수,-100.0,0.6051760869756254,2.3053772530536056,2.910553340029231,25.0,10.0,0.11642213360116925,10:1 통과,,1.0,"배율 calibrated 20 ppm, seam 0개; mode area (csv)"
보수-100,M27,area,calibrated,길이40,치수,0.0,0.0,32.69903158606791,32.69903158606791,25.0,10.0,1.3079612634427165,불합격,,1.0,"해석 계산; 배율 calibrated 20 ppm, seam 0개; mode area (csv)"
보수-100,M27,area,calibrated,경계,윤곽(참고),50.0,-0.3025880434878127,1.1526886265268028,1.4552766700146156,25.0,10.0,0.058211066800584625,10:1 통과,,1.0,"배율 calibrated 20 ppm, seam 0개; mode area (csv)"
보수-100,M27,area,calibrated,위치,위치,223.60679774997897,0.15575797670925834,2.3217525062561726,2.477510482965431,50.0,20.0,0.04955020965930862,10:1 통과,,1.0,"배율 calibrated 20 ppm, seam 0개; mode area (csv)"
보수-100,M28,raster_point,printer_axis,국소높이,높이,0.0,,,,5.0,2.0,,측정 불가,,0.0,"프린터 축 래스터: seam 0, 샘플 XY 잡음 5 µm(보수); 배율 printer_axis 500 ppm, seam 0개; mode raster_point (csv)"
보수-100,M28,raster_point,printer_axis,단차,높이(참고),-20.0,,,,5.0,2.0,,측정 불가,,0.0,"프린터 축 래스터: seam 0, 샘플 XY 잡음 5 µm(보수); 배율 printer_axis 500 ppm, seam 0개; mode raster_point (csv)"
보수-100,M28,raster_point,printer_axis,국소선폭,윤곽,40.0,583.1868524755951,1596.8340880597757,2180.0209405353708,10.0,4.0,218.00209405353706,불합격,,1.0,"프린터 축 래스터: seam 0, 샘플 XY 잡음 5 µm(보수); 배율 printer_axis 500 ppm, seam 0개; mode raster_point (csv)"
보수-100,M28,raster_point,printer_axis,선폭,윤곽(참고),40.0,1060.3085265282125,2020.3534428790967,3080.6619694073092,10.0,4.0,308.06619694073095,불합격,,0.88,"프린터 축 래스터: seam 0, 샘플 XY 잡음 5 µm(보수); 배율 printer_axis 500 ppm, seam 0개; mode raster_point (csv)"
보수-100,M28,raster_point,printer_axis,구멍지름,치수,-100.0,6006.142002561942,199.96889161497364,6206.110894176915,25.0,10.0,248.24443576707662,불합격,,1.0,"프린터 축 래스터: seam 0, 샘플 XY 잡음 5 µm(보수); 배율 printer_axis 500 ppm, seam 0개; mode raster_point (csv)"
보수-100,M28,raster_point,printer_axis,길이40,치수,0.0,0.0,410.20320167773764,410.20320167773764,25.0,10.0,16.408128067109505,불합격,,1.0,"해석 계산; 프린터 축 래스터: seam 0, 샘플 XY 잡음 5 µm(보수); 배율 printer_axis 500 ppm, seam 0개; mode raster_point (csv)"
보수-100,M28,raster_point,printer_axis,경계,윤곽(참고),50.0,-3003.071001280971,99.98444580748682,3103.0554470884576,25.0,10.0,124.12221788353831,불합격,,1.0,"프린터 축 래스터: seam 0, 샘플 XY 잡음 5 µm(보수); 배율 printer_axis 500 ppm, seam 0개; mode raster_point (csv)"
보수-100,M28,raster_point,printer_axis,위치,위치,223.60679774997897,14.684508663847842,71.39324397073545,86.07775263458329,50.0,20.0,1.7215550526916659,불합격,,1.0,"프린터 축 래스터: seam 0, 샘플 XY 잡음 5 µm(보수); 배율 printer_axis 500 ppm, seam 0개; mode raster_point (csv)"
보수-100,M29,raster_point,printer_axis,국소높이,높이,0.0,,,,5.0,2.0,,측정 불가,,0.0,"프린터 축 래스터: seam 0, 샘플 XY 잡음 5 µm(보수); 배율 printer_axis 500 ppm, seam 0개; mode raster_point (csv)"
보수-100,M29,raster_point,printer_axis,단차,높이(참고),-20.0,,,,5.0,2.0,,측정 불가,,0.0,"프린터 축 래스터: seam 0, 샘플 XY 잡음 5 µm(보수); 배율 printer_axis 500 ppm, seam 0개; mode raster_point (csv)"
보수-100,M29,raster_point,printer_axis,국소선폭,윤곽,40.0,1105.0229090323803,2508.740504595607,3613.7634136279876,10.0,4.0,361.37634136279877,불합격,,0.92,"프린터 축 래스터: seam 0, 샘플 XY 잡음 5 µm(보수); 배율 printer_axis 500 ppm, seam 0개; mode raster_point (csv)"
보수-100,M29,raster_point,printer_axis,선폭,윤곽(참고),40.0,,,,10.0,4.0,,측정 불가,,0.68,"프린터 축 래스터: seam 0, 샘플 XY 잡음 5 µm(보수); 배율 printer_axis 500 ppm, seam 0개; mode raster_point (csv)"
보수-100,M29,raster_point,printer_axis,구멍지름,치수,-100.0,7293.194581032094,287.72424362138037,7580.918824653474,25.0,10.0,303.236752986139,불합격,,1.0,"프린터 축 래스터: seam 0, 샘플 XY 잡음 5 µm(보수); 배율 printer_axis 500 ppm, seam 0개; mode raster_point (csv)"
보수-100,M29,raster_point,printer_axis,길이40,치수,0.0,0.0,817.4757896516977,817.4757896516977,25.0,10.0,32.69903158606791,불합격,,1.0,"해석 계산; 프린터 축 래스터: seam 0, 샘플 XY 잡음 5 µm(보수); 배율 printer_axis 500 ppm, seam 0개; mode raster_point (csv)"
보수-100,M29,raster_point,printer_axis,경계,윤곽(참고),50.0,-3646.597290516047,143.86212181069018,3790.459412326737,25.0,10.0,151.6183764930695,불합격,,1.0,"프린터 축 래스터: seam 0, 샘플 XY 잡음 5 µm(보수); 배율 printer_axis 500 ppm, seam 0개; mode raster_point (csv)"
보수-100,M29,raster_point,printer_axis,위치,위치,223.60679774997897,184.30456202748047,229.9469542880574,414.25151631553786,50.0,20.0,8.285030326310757,불합격,,1.0,"프린터 축 래스터: seam 0, 샘플 XY 잡음 5 µm(보수); 배율 printer_axis 500 ppm, seam 0개; mode raster_point (csv)"
보수-100,M30,raster_point,printer_axis,국소높이,높이,0.0,,,,5.0,2.0,,측정 불가,,0.0,"프린터 축 래스터: seam 0, 샘플 XY 잡음 5 µm(보수); 배율 printer_axis 500 ppm, seam 0개; mode raster_point (csv)"
보수-100,M30,raster_point,printer_axis,단차,높이(참고),-20.0,,,,5.0,2.0,,측정 불가,,0.0,"프린터 축 래스터: seam 0, 샘플 XY 잡음 5 µm(보수); 배율 printer_axis 500 ppm, seam 0개; mode raster_point (csv)"
보수-100,M30,raster_point,printer_axis,국소선폭,윤곽,40.0,574.4048015199647,1598.4302859715679,2172.8350874915327,10.0,4.0,217.28350874915327,불합격,,1.0,"프린터 축 래스터: seam 0, 샘플 XY 잡음 5 µm(보수); 배율 printer_axis 500 ppm, seam 0개; mode raster_point (csv)"
보수-100,M30,raster_point,printer_axis,선폭,윤곽(참고),40.0,746.7424506405874,1482.2084278240586,2228.950878464646,10.0,4.0,222.8950878464646,불합격,,0.84,"프린터 축 래스터: seam 0, 샘플 XY 잡음 5 µm(보수); 배율 printer_axis 500 ppm, seam 0개; mode raster_point (csv)"
보수-100,M30,raster_point,printer_axis,구멍지름,치수,-100.0,5995.688835079298,152.81842245829137,6148.507257537589,25.0,10.0,245.94029030150355,불합격,,1.0,"프린터 축 래스터: seam 0, 샘플 XY 잡음 5 µm(보수); 배율 printer_axis 500 ppm, seam 0개; mode raster_point (csv)"
보수-100,M30,raster_point,printer_axis,길이40,치수,0.0,0.0,410.20320167773764,410.20320167773764,25.0,10.0,16.408128067109505,불합격,,1.0,"해석 계산; 프린터 축 래스터: seam 0, 샘플 XY 잡음 5 µm(보수); 배율 printer_axis 500 ppm, seam 0개; mode raster_point (csv)"
보수-100,M30,raster_point,printer_axis,경계,윤곽(참고),50.0,-2997.844417539649,76.40921122914568,3074.2536287687944,25.0,10.0,122.97014515075178,불합격,,1.0,"프린터 축 래스터: seam 0, 샘플 XY 잡음 5 µm(보수); 배율 printer_axis 500 ppm, seam 0개; mode raster_point (csv)"
보수-100,M30,raster_point,printer_axis,위치,위치,223.60679774997897,4.070656375689078,76.45135101820094,80.52200739389002,50.0,20.0,1.6104401478778003,불합격,,1.0,"프린터 축 래스터: seam 0, 샘플 XY 잡음 5 µm(보수); 배율 printer_axis 500 ppm, seam 0개; mode raster_point (csv)"
보수-100,M31,point_probe,calibrated,국소높이,높이,0.0,,,,5.0,2.0,,측정 불가,,0.0,"해석 판정; 배율 calibrated 20 ppm, seam 0개; mode point_probe (csv)"
보수-100,M31,point_probe,calibrated,단차,높이(참고),-20.0,0.0,3.394112549695428,3.394112549695428,5.0,2.0,0.6788225099390857,4:1 통과,,1.0,"해석 판정; 배율 calibrated 20 ppm, seam 0개; mode point_probe (csv)"
보수-100,M31,point_probe,calibrated,국소선폭,윤곽,40.0,,,,10.0,4.0,,측정 불가,,0.0,"해석 판정; 배율 calibrated 20 ppm, seam 0개; mode point_probe (csv)"
보수-100,M31,point_probe,calibrated,선폭,윤곽(참고),40.0,,,,10.0,4.0,,측정 불가,,0.0,"해석 판정; 배율 calibrated 20 ppm, seam 0개; mode point_probe (csv)"
보수-100,M31,point_probe,calibrated,구멍지름,치수,-100.0,0.0,1.2106196760337244,1.2106196760337244,25.0,10.0,0.04842478704134898,10:1 통과,,1.0,"해석 판정; 배율 calibrated 20 ppm, seam 0개; mode point_probe (csv)"
보수-100,M31,point_probe,calibrated,길이40,치수,0.0,0.0,3.7523326078587433,3.7523326078587433,25.0,10.0,0.15009330431434972,10:1 통과,,1.0,"해석 판정; 배율 calibrated 20 ppm, seam 0개; mode point_probe (csv)"
보수-100,M31,point_probe,calibrated,경계,윤곽(참고),50.0,0.0,0.6053098380168622,0.6053098380168622,25.0,10.0,0.02421239352067449,10:1 통과,,1.0,"해석 판정; 배율 calibrated 20 ppm, seam 0개; mode point_probe (csv)"
보수-100,M31,point_probe,calibrated,위치,위치,223.60679774997897,0.0,1.2237646832622684,1.2237646832622684,50.0,20.0,0.024475293665245368,10:1 통과,,1.0,"해석 판정; 배율 calibrated 20 ppm, seam 0개; mode point_probe (csv)"
보수-100,M32,line_profiler,calibrated,국소높이,높이,0.0,,,,5.0,2.0,,측정 불가,,0.0,"국소높이 패치 높이 1000 µm > depth 360 µm; 단차 패치 높이 400 µm > depth 360 µm; 구멍지름 패치 높이 1000 µm > depth 360 µm; 위치 패치 높이 1000 µm > depth 360 µm; 배율 calibrated 20 ppm, seam 2개; 선 단면 장비(면 측정은 래스터 가정, 면 래스터 70,000 분); mode line_profiler (csv)"
보수-100,M32,line_profiler,calibrated,단차,높이(참고),-20.0,,,,5.0,2.0,,측정 불가,,0.0,"국소높이 패치 높이 1000 µm > depth 360 µm; 단차 패치 높이 400 µm > depth 360 µm; 구멍지름 패치 높이 1000 µm > depth 360 µm; 위치 패치 높이 1000 µm > depth 360 µm; 배율 calibrated 20 ppm, seam 2개; 선 단면 장비(면 측정은 래스터 가정, 면 래스터 70,000 분); mode line_profiler (csv)"
보수-100,M32,line_profiler,calibrated,국소선폭,윤곽,40.0,8.845525704117373,5.446965574646474,14.292491278763848,10.0,4.0,1.4292491278763848,불합격,,1.0,"국소높이 패치 높이 1000 µm > depth 360 µm; 단차 패치 높이 400 µm > depth 360 µm; 구멍지름 패치 높이 1000 µm > depth 360 µm; 위치 패치 높이 1000 µm > depth 360 µm; 배율 calibrated 20 ppm, seam 2개; 선 단면 장비(면 측정은 래스터 가정, 면 래스터 70,000 분); mode line_profiler (csv)"
보수-100,M32,line_profiler,calibrated,선폭,윤곽(참고),40.0,8.833906617015675,2.6266620870662143,11.46056870408189,10.0,4.0,1.146056870408189,불합격,경계,1.0,"국소높이 패치 높이 1000 µm > depth 360 µm; 단차 패치 높이 400 µm > depth 360 µm; 구멍지름 패치 높이 1000 µm > depth 360 µm; 위치 패치 높이 1000 µm > depth 360 µm; 배율 calibrated 20 ppm, seam 2개; 선 단면 장비(면 측정은 래스터 가정, 면 래스터 70,000 분); mode line_profiler (csv)"
보수-100,M32,line_profiler,calibrated,구멍지름,치수,-100.0,,,,25.0,10.0,,측정 불가,,0.0,"국소높이 패치 높이 1000 µm > depth 360 µm; 단차 패치 높이 400 µm > depth 360 µm; 구멍지름 패치 높이 1000 µm > depth 360 µm; 위치 패치 높이 1000 µm > depth 360 µm; 배율 calibrated 20 ppm, seam 2개; 선 단면 장비(면 측정은 래스터 가정, 면 래스터 70,000 분); mode line_profiler (csv)"
보수-100,M32,line_profiler,calibrated,길이40,치수,0.0,0.0,3.6368484525295615,3.6368484525295615,25.0,10.0,0.14547393810118245,10:1 통과,,1.0,"해석 계산; 국소높이 패치 높이 1000 µm > depth 360 µm; 단차 패치 높이 400 µm > depth 360 µm; 구멍지름 패치 높이 1000 µm > depth 360 µm; 위치 패치 높이 1000 µm > depth 360 µm; 배율 calibrated 20 ppm, seam 2개; 선 단면 장비(면 측정은 래스터 가정, 면 래스터 70,000 분); mode line_profiler (csv)"
보수-100,M32,line_profiler,calibrated,경계,윤곽(참고),50.0,,,,25.0,10.0,,측정 불가,,0.0,"국소높이 패치 높이 1000 µm > depth 360 µm; 단차 패치 높이 400 µm > depth 360 µm; 구멍지름 패치 높이 1000 µm > depth 360 µm; 위치 패치 높이 1000 µm > depth 360 µm; 배율 calibrated 20 ppm, seam 2개; 선 단면 장비(면 측정은 래스터 가정, 면 래스터 70,000 분); mode line_profiler (csv)"
보수-100,M32,line_profiler,calibrated,위치,위치,223.60679774997897,,,,50.0,20.0,,측정 불가,,0.0,"국소높이 패치 높이 1000 µm > depth 360 µm; 단차 패치 높이 400 µm > depth 360 µm; 구멍지름 패치 높이 1000 µm > depth 360 µm; 위치 패치 높이 1000 µm > depth 360 µm; 배율 calibrated 20 ppm, seam 2개; 선 단면 장비(면 측정은 래스터 가정, 면 래스터 70,000 분); mode line_profiler (csv)"
보수-100,M33,line_profiler,calibrated,국소높이,높이,0.0,-0.15131065397225602,2.8818643035899147,3.0331749575621707,5.0,2.0,0.6066349915124342,4:1 통과,,1.0,"배율 calibrated 20 ppm, seam 0개; 선 단면 장비(면 측정은 래스터 가정, 면 래스터 7,000 분); mode line_profiler (csv)"
보수-100,M33,line_profiler,calibrated,단차,높이(참고),-20.0,-0.0692523193359375,2.609146958377696,2.678399277713633,5.0,2.0,0.5356798555427267,4:1 통과,,1.0,"배율 calibrated 20 ppm, seam 0개; 선 단면 장비(면 측정은 래스터 가정, 면 래스터 7,000 분); mode line_profiler (csv)"
보수-100,M33,line_profiler,calibrated,국소선폭,윤곽,40.0,522.4255719756214,4404.194754853952,4926.620326829573,10.0,4.0,492.6620326829573,불합격,,0.98,"배율 calibrated 20 ppm, seam 0개; 선 단면 장비(면 측정은 래스터 가정, 면 래스터 7,000 분); mode line_profiler (csv)"
보수-100,M33,line_profiler,calibrated,선폭,윤곽(참고),40.0,,,,10.0,4.0,,측정 불가,,0.76,"배율 calibrated 20 ppm, seam 0개; 선 단면 장비(면 측정은 래스터 가정, 면 래스터 7,000 분); mode line_profiler (csv)"
보수-100,M33,line_profiler,calibrated,구멍지름,치수,-100.0,-1.5798591237091204,1.3018935395731244,2.8817526632822448,25.0,10.0,0.11527010653128979,10:1 통과,,1.0,"배율 calibrated 20 ppm, seam 0개; 선 단면 장비(면 측정은 래스터 가정, 면 래스터 7,000 분); mode line_profiler (csv)"
보수-100,M33,line_profiler,calibrated,길이40,치수,0.0,0.0,16.408128067109505,16.408128067109505,25.0,10.0,0.6563251226843803,4:1 통과,,1.0,"해석 계산; 배율 calibrated 20 ppm, seam 0개; 선 단면 장비(면 측정은 래스터 가정, 면 래스터 7,000 분); mode line_profiler (csv)"
보수-100,M33,line_profiler,calibrated,경계,윤곽(참고),50.0,0.7899295618545602,0.6509467697865622,1.4408763316411224,25.0,10.0,0.057635053265644894,10:1 통과,,1.0,"배율 calibrated 20 ppm, seam 0개; 선 단면 장비(면 측정은 래스터 가정, 면 래스터 7,000 분); mode line_profiler (csv)"
보수-100,M33,line_profiler,calibrated,위치,위치,223.60679774997897,0.10772239922365363,2.4269504463907143,2.534672845614368,50.0,20.0,0.050693456912287355,10:1 통과,,1.0,"배율 calibrated 20 ppm, seam 0개; 선 단면 장비(면 측정은 래스터 가정, 면 래스터 7,000 분); mode line_profiler (csv)"
보수-100,M34,2d,calibrated,국소높이,높이,0.0,,,,5.0,2.0,,측정 불가,,0.0,"배율 calibrated 20 ppm, seam 1개; mode 2d (csv)"
보수-100,M34,2d,calibrated,단차,높이(참고),-20.0,,,,5.0,2.0,,측정 불가,,0.0,"배율 calibrated 20 ppm, seam 1개; mode 2d (csv)"
보수-100,M34,2d,calibrated,국소선폭,윤곽,40.0,-0.40672296884621917,7.402737603432529,7.8094605722787485,10.0,4.0,0.7809460572278748,4:1 통과,,1.0,"배율 calibrated 20 ppm, seam 1개; mode 2d (csv)"
보수-100,M34,2d,calibrated,선폭,윤곽(참고),40.0,-0.40672296884621917,7.473738686440595,7.8804616552868145,10.0,4.0,0.7880461655286815,4:1 통과,,1.0,"배율 calibrated 20 ppm, seam 1개; mode 2d (csv)"
보수-100,M34,2d,calibrated,구멍지름,치수,-100.0,-0.0040484076298344,0.3191366564891378,0.3231850641189722,25.0,10.0,0.012927402564758888,10:1 통과,,1.0,"배율 calibrated 20 ppm, seam 1개; mode 2d (csv)"
보수-100,M34,2d,calibrated,길이40,치수,0.0,0.0,13.008715027498553,13.008715027498553,25.0,10.0,0.5203486010999421,4:1 통과,,1.0,"해석 계산; 배율 calibrated 20 ppm, seam 1개; mode 2d (csv)"
보수-100,M34,2d,calibrated,경계,윤곽(참고),50.0,0.0020242038149172,0.1595683282445689,0.1615925320594861,25.0,10.0,0.006463701282379444,10:1 통과,,1.0,"배율 calibrated 20 ppm, seam 1개; mode 2d (csv)"
보수-100,M34,2d,calibrated,위치,위치,223.60679774997897,0.03405433234208238,0.3134649972057295,0.3475193295478119,50.0,20.0,0.006950386590956238,10:1 통과,,1.0,"배율 calibrated 20 ppm, seam 1개; mode 2d (csv)"
보수-100,M35,2d,industrial,국소높이,높이,0.0,,,,5.0,2.0,,측정 불가,,0.0,"배율 industrial 100 ppm, seam 1개; mode 2d (csv)"
보수-100,M35,2d,industrial,단차,높이(참고),-20.0,,,,5.0,2.0,,측정 불가,,0.0,"배율 industrial 100 ppm, seam 1개; mode 2d (csv)"
보수-100,M35,2d,industrial,국소선폭,윤곽,40.0,-0.4032141516527622,7.411628696777667,7.8148428484304295,10.0,4.0,0.781484284843043,4:1 통과,,1.0,"배율 industrial 100 ppm, seam 1개; mode 2d (csv)"
보수-100,M35,2d,industrial,선폭,윤곽(참고),40.0,-0.4032141516527622,7.482715055975493,7.885929207628256,10.0,4.0,0.7885929207628256,4:1 통과,,1.0,"배율 industrial 100 ppm, seam 1개; mode 2d (csv)"
보수-100,M35,2d,industrial,구멍지름,치수,-100.0,-0.019702645218330872,0.7224960030542317,0.7421986482725625,25.0,10.0,0.0296879459309025,10:1 통과,,1.0,"배율 industrial 100 ppm, seam 1개; mode 2d (csv)"
보수-100,M35,2d,industrial,길이40,치수,0.0,0.0,15.187714333192691,15.187714333192691,25.0,10.0,0.6075085733277077,4:1 통과,,1.0,"해석 계산; 배율 industrial 100 ppm, seam 1개; mode 2d (csv)"
보수-100,M35,2d,industrial,경계,윤곽(참고),50.0,0.009851322609165436,0.36124800152711584,0.37109932413628127,25.0,10.0,0.01484397296545125,10:1 통과,,1.0,"배율 industrial 100 ppm, seam 1개; mode 2d (csv)"
보수-100,M35,2d,industrial,위치,위치,223.60679774997897,0.037362876347660945,0.32952333156660557,0.3668862079142665,50.0,20.0,0.0073377241582853305,10:1 통과,,1.0,"배율 industrial 100 ppm, seam 1개; mode 2d (csv)"
보수-100,M36,area,calibrated,국소높이,높이,0.0,,,,5.0,2.0,,측정 불가,,0.0,"xy_step 0.18 < 2 µm → 2 µm 로 처리; 국소높이 패치 높이 1000 µm > depth 10 µm; 단차 패치 높이 400 µm > depth 10 µm; 선폭 패치 높이 200 µm > depth 10 µm; 구멍지름 패치 높이 1000 µm > depth 10 µm; 위치 패치 높이 1000 µm > depth 10 µm; 배율 calibrated 20 ppm, seam 444개; mode area (csv)"
보수-100,M36,area,calibrated,단차,높이(참고),-20.0,,,,5.0,2.0,,측정 불가,,0.0,"xy_step 0.18 < 2 µm → 2 µm 로 처리; 국소높이 패치 높이 1000 µm > depth 10 µm; 단차 패치 높이 400 µm > depth 10 µm; 선폭 패치 높이 200 µm > depth 10 µm; 구멍지름 패치 높이 1000 µm > depth 10 µm; 위치 패치 높이 1000 µm > depth 10 µm; 배율 calibrated 20 ppm, seam 444개; mode area (csv)"
보수-100,M36,area,calibrated,국소선폭,윤곽,40.0,,,,10.0,4.0,,측정 불가,,0.0,"xy_step 0.18 < 2 µm → 2 µm 로 처리; 국소높이 패치 높이 1000 µm > depth 10 µm; 단차 패치 높이 400 µm > depth 10 µm; 선폭 패치 높이 200 µm > depth 10 µm; 구멍지름 패치 높이 1000 µm > depth 10 µm; 위치 패치 높이 1000 µm > depth 10 µm; 배율 calibrated 20 ppm, seam 444개; mode area (csv)"
보수-100,M36,area,calibrated,선폭,윤곽(참고),40.0,,,,10.0,4.0,,측정 불가,,0.0,"xy_step 0.18 < 2 µm → 2 µm 로 처리; 국소높이 패치 높이 1000 µm > depth 10 µm; 단차 패치 높이 400 µm > depth 10 µm; 선폭 패치 높이 200 µm > depth 10 µm; 구멍지름 패치 높이 1000 µm > depth 10 µm; 위치 패치 높이 1000 µm > depth 10 µm; 배율 calibrated 20 ppm, seam 444개; mode area (csv)"
보수-100,M36,area,calibrated,구멍지름,치수,-100.0,,,,25.0,10.0,,측정 불가,,0.0,"xy_step 0.18 < 2 µm → 2 µm 로 처리; 국소높이 패치 높이 1000 µm > depth 10 µm; 단차 패치 높이 400 µm > depth 10 µm; 선폭 패치 높이 200 µm > depth 10 µm; 구멍지름 패치 높이 1000 µm > depth 10 µm; 위치 패치 높이 1000 µm > depth 10 µm; 배율 calibrated 20 ppm, seam 444개; mode area (csv)"
보수-100,M36,area,calibrated,길이40,치수,0.0,0.0,42.20458110995377,42.20458110995377,25.0,10.0,1.6881832443981508,불합격,,1.0,"해석 계산; xy_step 0.18 < 2 µm → 2 µm 로 처리; 국소높이 패치 높이 1000 µm > depth 10 µm; 단차 패치 높이 400 µm > depth 10 µm; 선폭 패치 높이 200 µm > depth 10 µm; 구멍지름 패치 높이 1000 µm > depth 10 µm; 위치 패치 높이 1000 µm > depth 10 µm; 배율 calibrated 20 ppm, seam 444개; mode area (csv)"
보수-100,M36,area,calibrated,경계,윤곽(참고),50.0,,,,25.0,10.0,,측정 불가,,0.0,"xy_step 0.18 < 2 µm → 2 µm 로 처리; 국소높이 패치 높이 1000 µm > depth 10 µm; 단차 패치 높이 400 µm > depth 10 µm; 선폭 패치 높이 200 µm > depth 10 µm; 구멍지름 패치 높이 1000 µm > depth 10 µm; 위치 패치 높이 1000 µm > depth 10 µm; 배율 calibrated 20 ppm, seam 444개; mode area (csv)"
보수-100,M36,area,calibrated,위치,위치,223.60679774997897,,,,50.0,20.0,,측정 불가,,0.0,"xy_step 0.18 < 2 µm → 2 µm 로 처리; 국소높이 패치 높이 1000 µm > depth 10 µm; 단차 패치 높이 400 µm > depth 10 µm; 선폭 패치 높이 200 µm > depth 10 µm; 구멍지름 패치 높이 1000 µm > depth 10 µm; 위치 패치 높이 1000 µm > depth 10 µm; 배율 calibrated 20 ppm, seam 444개; mode area (csv)"
보수-100,M37,2d,calibrated,국소높이,높이,0.0,,,,5.0,2.0,,측정 불가,,0.0,"배율 calibrated 20 ppm, seam 6개; mode 2d (csv)"
보수-100,M37,2d,calibrated,단차,높이(참고),-20.0,,,,5.0,2.0,,측정 불가,,0.0,"배율 calibrated 20 ppm, seam 6개; mode 2d (csv)"
보수-100,M37,2d,calibrated,국소선폭,윤곽,40.0,0.11541368538916799,2.544369386249143,2.659783071638311,10.0,4.0,0.2659783071638311,10:1 통과,,1.0,"배율 calibrated 20 ppm, seam 6개; mode 2d (csv)"
보수-100,M37,2d,calibrated,선폭,윤곽(참고),40.0,0.11541368538916799,2.5687729233828227,2.6841866087719906,10.0,4.0,0.26841866087719907,10:1 통과,,1.0,"배율 calibrated 20 ppm, seam 6개; mode 2d (csv)"
보수-100,M37,2d,calibrated,구멍지름,치수,-100.0,0.015613157798543397,0.16177554737515593,0.1773887051736993,25.0,10.0,0.007095548206947973,10:1 통과,,1.0,"배율 calibrated 20 ppm, seam 6개; mode 2d (csv)"
보수-100,M37,2d,calibrated,길이40,치수,0.0,0.0,7.909487973314076,7.909487973314076,25.0,10.0,0.31637951893256305,10:1 통과,,1.0,"해석 계산; 배율 calibrated 20 ppm, seam 6개; mode 2d (csv)"
보수-100,M37,2d,calibrated,경계,윤곽(참고),50.0,-0.0078065788992716986,0.08088777368757796,0.08869435258684966,25.0,10.0,0.0035477741034739864,10:1 통과,,1.0,"배율 calibrated 20 ppm, seam 6개; mode 2d (csv)"
보수-100,M37,2d,calibrated,위치,위치,223.60679774997897,0.0055820576728799936,0.043085894532569974,0.04866795220544997,50.0,20.0,0.0009733590441089994,10:1 통과,,1.0,"배율 calibrated 20 ppm, seam 6개; mode 2d (csv)"
보수-100,M38,area,industrial,국소높이,높이,0.0,-0.08116169174135597,4.315628929248921,4.396790620990276,5.0,2.0,0.8793581241980553,4:1 통과,,1.0,"배율 industrial 100 ppm, seam 5개; mode area (csv)"
보수-100,M38,area,industrial,단차,높이(참고),-20.0,-0.3451654052734375,2.5732419153876713,2.918407320661109,5.0,2.0,0.5836814641322218,4:1 통과,,1.0,"배율 industrial 100 ppm, seam 5개; mode area (csv)"
보수-100,M38,area,industrial,국소선폭,윤곽,40.0,-5.189608361673336,2.53397259653569,7.723580958209027,10.0,4.0,0.7723580958209026,4:1 통과,,1.0,"배율 industrial 100 ppm, seam 5개; mode area (csv)"
보수-100,M38,area,industrial,선폭,윤곽(참고),40.0,-5.206648163474631,1.0586023006908885,6.265250464165519,10.0,4.0,0.6265250464165519,4:1 통과,,1.0,"배율 industrial 100 ppm, seam 5개; mode area (csv)"
보수-100,M38,area,industrial,구멍지름,치수,-100.0,-0.04249370911848928,1.0863490117265442,1.1288427208450336,25.0,10.0,0.04515370883380134,10:1 통과,,1.0,"배율 industrial 100 ppm, seam 5개; mode area (csv)"
보수-100,M38,area,industrial,길이40,치수,0.0,0.0,9.970790674097348,9.970790674097348,25.0,10.0,0.3988316269638939,10:1 통과,,1.0,"해석 계산; 배율 industrial 100 ppm, seam 5개; mode area (csv)"
보수-100,M38,area,industrial,경계,윤곽(참고),50.0,0.02124685455924464,0.5431745058632721,0.5644213604225168,25.0,10.0,0.02257685441690067,10:1 통과,,1.0,"배율 industrial 100 ppm, seam 5개; mode area (csv)"
보수-100,M38,area,industrial,위치,위치,223.60679774997897,0.018661920370171295,0.28976974045141063,0.3084316608215819,50.0,20.0,0.006168633216431638,10:1 통과,,1.0,"배율 industrial 100 ppm, seam 5개; mode area (csv)"
보수-100,M39,area,industrial,국소높이,높이,0.0,-0.05312349371863346,5.52413881328795,5.577262307006583,5.0,2.0,1.1154524614013166,불합격,경계,1.0,"배율 industrial 100 ppm, seam 6개; mode area (csv)"
보수-100,M39,area,industrial,단차,높이(참고),-20.0,0.251766357421875,4.247340913651342,4.499107271073217,5.0,2.0,0.8998214542146433,4:1 통과,,1.0,"배율 industrial 100 ppm, seam 6개; mode area (csv)"
보수-100,M39,area,industrial,국소선폭,윤곽,40.0,-3.008837224865568,4.027902668782086,7.036739893647654,10.0,4.0,0.7036739893647654,4:1 통과,,1.0,"배율 industrial 100 ppm, seam 6개; mode area (csv)"
보수-100,M39,area,industrial,선폭,윤곽(참고),40.0,-3.012361510730884,3.0267150066874633,6.039076517418348,10.0,4.0,0.6039076517418348,4:1 통과,,1.0,"배율 industrial 100 ppm, seam 6개; mode area (csv)"
보수-100,M39,area,industrial,구멍지름,치수,-100.0,-0.11376602676213224,0.6103751425208045,0.7241411692829367,25.0,10.0,0.02896564677131747,10:1 통과,,1.0,"배율 industrial 100 ppm, seam 6개; mode area (csv)"
보수-100,M39,area,industrial,길이40,치수,0.0,0.0,27.03084657695106,27.03084657695106,25.0,10.0,1.0812338630780425,불합격,경계,1.0,"해석 계산; 배율 industrial 100 ppm, seam 6개; mode area (csv)"
보수-100,M39,area,industrial,경계,윤곽(참고),50.0,0.05688301338106612,0.30518757126040225,0.36207058464146835,25.0,10.0,0.014482823385658735,10:1 통과,,1.0,"배율 industrial 100 ppm, seam 6개; mode area (csv)"
보수-100,M39,area,industrial,위치,위치,223.60679774997897,0.40307177119293275,2.894725778004408,3.2977975491973406,50.0,20.0,0.06595595098394681,10:1 통과,,1.0,"배율 industrial 100 ppm, seam 6개; mode area (csv)"
보수-100,M40,area,industrial,국소높이,높이,0.0,-0.11328374652133409,4.604301204994763,4.717584951516097,5.0,2.0,0.9435169903032193,4:1 통과,,1.0,"배율 industrial 100 ppm, seam 3개; mode area (csv)"
보수-100,M40,area,industrial,단차,높이(참고),-20.0,0.17783905029296876,3.2974392598207913,3.47527831011376,5.0,2.0,0.6950556620227519,4:1 통과,,1.0,"배율 industrial 100 ppm, seam 3개; mode area (csv)"
보수-100,M40,area,industrial,국소선폭,윤곽,40.0,-3.209599083744511,2.560677755128913,5.770276838873424,10.0,4.0,0.5770276838873424,4:1 통과,,1.0,"배율 industrial 100 ppm, seam 3개; mode area (csv)"
보수-100,M40,area,industrial,선폭,윤곽(참고),40.0,-3.216366625685944,1.1508364937342117,4.3672031194201555,10.0,4.0,0.43672031194201555,4:1 통과,,1.0,"배율 industrial 100 ppm, seam 3개; mode area (csv)"
보수-100,M40,area,industrial,구멍지름,치수,-100.0,-0.10890271343134372,0.8201308108588553,0.929033524290199,25.0,10.0,0.03716134097160796,10:1 통과,,1.0,"배율 industrial 100 ppm, seam 3개; mode area (csv)"
보수-100,M40,area,industrial,길이40,치수,0.0,0.0,17.281975195754296,17.281975195754296,25.0,10.0,0.6912790078301718,4:1 통과,,1.0,"해석 계산; 배율 industrial 100 ppm, seam 3개; mode area (csv)"
보수-100,M40,area,industrial,경계,윤곽(참고),50.0,0.05445135671567186,0.41006540542942765,0.4645167621450995,25.0,10.0,0.01858067048580398,10:1 통과,,1.0,"배율 industrial 100 ppm, seam 3개; mode area (csv)"
보수-100,M40,area,industrial,위치,위치,223.60679774997897,0.3450890336124132,2.4293521045509205,2.7744411381633336,50.0,20.0,0.05548882276326667,10:1 통과,,1.0,"배율 industrial 100 ppm, seam 3개; mode area (csv)"
보수-100,M41,area,industrial,국소높이,높이,0.0,-0.05320168253151005,6.629548294659085,6.682749977190595,5.0,2.0,1.336549995438119,불합격,,1.0,"배율 industrial 100 ppm, seam 1개; mode area (csv)"
보수-100,M41,area,industrial,단차,높이(참고),-20.0,1.0635794067382813,6.130319339031281,7.1938987457695625,5.0,2.0,1.4387797491539125,불합격,,1.0,"배율 industrial 100 ppm, seam 1개; mode area (csv)"
보수-100,M41,area,industrial,국소선폭,윤곽,40.0,-6.28199101485254,4.256096301179279,10.53808731603182,10.0,4.0,1.0538087316031821,불합격,경계,1.0,"배율 industrial 100 ppm, seam 1개; mode area (csv)"
보수-100,M41,area,industrial,선폭,윤곽(참고),40.0,-6.283884219981647,1.7857900178748602,8.069674237856507,10.0,4.0,0.8069674237856507,4:1 통과,,1.0,"배율 industrial 100 ppm, seam 1개; mode area (csv)"
보수-100,M41,area,industrial,구멍지름,치수,-100.0,-0.12131371624168423,0.8628307360561869,0.9841444522978711,25.0,10.0,0.03936577809191484,10:1 통과,,1.0,"배율 industrial 100 ppm, seam 1개; mode area (csv)"
보수-100,M41,area,industrial,길이40,치수,0.0,0.0,18.59211302317912,18.59211302317912,25.0,10.0,0.7436845209271649,4:1 통과,,1.0,"해석 계산; 배율 industrial 100 ppm, seam 1개; mode area (csv)"
보수-100,M41,area,industrial,경계,윤곽(참고),50.0,0.060656858120842115,0.43141536802809344,0.49207222614893553,25.0,10.0,0.01968288904595742,10:1 통과,,1.0,"배율 industrial 100 ppm, seam 1개; mode area (csv)"
보수-100,M41,area,industrial,위치,위치,223.60679774997897,0.32946180065686154,2.7564434057891574,3.085905206446019,50.0,20.0,0.06171810412892038,10:1 통과,,1.0,"배율 industrial 100 ppm, seam 1개; mode area (csv)"
보수-100,M42,area,industrial,국소높이,높이,0.0,0.027906043170395196,8.675960725372752,8.703866768543147,5.0,2.0,1.7407733537086294,불합격,,1.0,"배율 industrial 100 ppm, seam 1개; mode area (csv)"
보수-100,M42,area,industrial,단차,높이(참고),-20.0,0.115592041015625,6.730301280376643,6.845893321392268,5.0,2.0,1.3691786642784536,불합격,,1.0,"배율 industrial 100 ppm, seam 1개; mode area (csv)"
보수-100,M42,area,industrial,국소선폭,윤곽,40.0,-5.459243310520145,9.099978135186914,14.55922144570706,10.0,4.0,1.455922144570706,불합격,,1.0,"배율 industrial 100 ppm, seam 1개; mode area (csv)"
보수-100,M42,area,industrial,선폭,윤곽(참고),40.0,-5.471955518407756,7.4806776566233175,12.952633175031075,10.0,4.0,1.2952633175031074,불합격,경계,1.0,"배율 industrial 100 ppm, seam 1개; mode area (csv)"
보수-100,M42,area,industrial,구멍지름,치수,-100.0,0.3500176971489873,1.0650749656137475,1.4150926627627347,25.0,10.0,0.05660370651050939,10:1 통과,,1.0,"배율 industrial 100 ppm, seam 1개; mode area (csv)"
보수-100,M42,area,industrial,길이40,치수,0.0,0.0,30.75169372029233,30.75169372029233,25.0,10.0,1.2300677488116931,불합격,경계,1.0,"해석 계산; 배율 industrial 100 ppm, seam 1개; mode area (csv)"
보수-100,M42,area,industrial,경계,윤곽(참고),50.0,-0.17500884857449364,0.5325374828068737,0.7075463313813674,25.0,10.0,0.028301853255254694,10:1 통과,,1.0,"배율 industrial 100 ppm, seam 1개; mode area (csv)"
보수-100,M42,area,industrial,위치,위치,223.60679774997897,0.07999169414319834,0.7498917012014514,0.8298833953446498,50.0,20.0,0.016597667906892998,10:1 통과,,1.0,"배율 industrial 100 ppm, seam 1개; mode area (csv)"
보수-100,M43,area,industrial,국소높이,높이,0.0,-0.7170099926618588,13.164830127511115,13.881840120172974,5.0,2.0,2.776368024034595,불합격,,1.0,"배율 industrial 100 ppm, seam 1개; mode area (csv)"
보수-100,M43,area,industrial,단차,높이(참고),-20.0,-0.5515777587890625,7.667281285662236,8.218859044451298,5.0,2.0,1.6437718088902595,불합격,,1.0,"배율 industrial 100 ppm, seam 1개; mode area (csv)"
보수-100,M43,area,industrial,국소선폭,윤곽,40.0,-7.358891980922615,9.37029160970126,16.729183590623876,10.0,4.0,1.6729183590623875,불합격,,1.0,"배율 industrial 100 ppm, seam 1개; mode area (csv)"
보수-100,M43,area,industrial,선폭,윤곽(참고),40.0,-7.3859628687587495,6.620246907655055,14.006209776413804,10.0,4.0,1.4006209776413805,불합격,,1.0,"배율 industrial 100 ppm, seam 1개; mode area (csv)"
보수-100,M43,area,industrial,구멍지름,치수,-100.0,-0.13790901118240073,0.9329424410034388,1.0708514521858397,25.0,10.0,0.04283405808743359,10:1 통과,,1.0,"배율 industrial 100 ppm, seam 1개; mode area (csv)"
보수-100,M43,area,industrial,길이40,치수,0.0,0.0,23.35950912726264,23.35950912726264,25.0,10.0,0.9343803650905056,4:1 통과,,1.0,"해석 계산; 배율 industrial 100 ppm, seam 1개; mode area (csv)"
보수-100,M43,area,industrial,경계,윤곽(참고),50.0,0.06895450559120037,0.4664712205017194,0.5354257260929198,25.0,10.0,0.021417029043716795,10:1 통과,,1.0,"배율 industrial 100 ppm, seam 1개; mode area (csv)"
보수-100,M43,area,industrial,위치,위치,223.60679774997897,0.2888739961238838,3.3527083766498924,3.6415823727737764,50.0,20.0,0.07283164745547553,10:1 통과,,1.0,"배율 industrial 100 ppm, seam 1개; mode area (csv)"
보수-100,M44,area,industrial,국소높이,높이,0.0,-0.15775415983896637,10.019852980458177,10.177607140297143,5.0,2.0,2.0355214280594285,불합격,,1.0,"배율 industrial 100 ppm, seam 1개; mode area (csv)"
보수-100,M44,area,industrial,단차,높이(참고),-20.0,-0.7277066040039063,7.645787392234059,8.373493996237965,5.0,2.0,1.674698799247593,불합격,,1.0,"배율 industrial 100 ppm, seam 1개; mode area (csv)"
보수-100,M44,area,industrial,국소선폭,윤곽,40.0,-5.656340311421904,7.611497909174577,13.26783822059648,10.0,4.0,1.3267838220596482,불합격,,1.0,"배율 industrial 100 ppm, seam 1개; mode area (csv)"
보수-100,M44,area,industrial,선폭,윤곽(참고),40.0,-5.681034167667743,5.387236946565411,11.068271114233154,10.0,4.0,1.1068271114233155,불합격,경계,1.0,"배율 industrial 100 ppm, seam 1개; mode area (csv)"
보수-100,M44,area,industrial,구멍지름,치수,-100.0,0.13277642960563754,1.0519180219697064,1.184694451575344,25.0,10.0,0.04738777806301376,10:1 통과,,1.0,"배율 industrial 100 ppm, seam 1개; mode area (csv)"
보수-100,M44,area,industrial,길이40,치수,0.0,0.0,20.476002213973963,20.476002213973963,25.0,10.0,0.8190400885589585,4:1 통과,,1.0,"해석 계산; 배율 industrial 100 ppm, seam 1개; mode area (csv)"
보수-100,M44,area,industrial,경계,윤곽(참고),50.0,-0.06638821480281877,0.5259590109848532,0.592347225787672,25.0,10.0,0.02369388903150688,10:1 통과,,1.0,"배율 industrial 100 ppm, seam 1개; mode area (csv)"
보수-100,M44,area,industrial,위치,위치,223.60679774997897,0.11779545653844364,3.360574372913845,3.4783698294522885,50.0,20.0,0.06956739658904577,10:1 통과,,1.0,"배율 industrial 100 ppm, seam 1개; mode area (csv)"
보수-100,M45,area,industrial,국소높이,높이,0.0,0.5599395221237917,7.842112148636913,8.402051670760704,5.0,2.0,1.6804103341521408,불합격,,1.0,"배율 industrial 100 ppm, seam 1개; mode area (csv)"
보수-100,M45,area,industrial,단차,높이(참고),-20.0,0.573861083984375,5.461631209367461,6.035492293351836,5.0,2.0,1.2070984586703672,불합격,경계,1.0,"배율 industrial 100 ppm, seam 1개; mode area (csv)"
보수-100,M45,area,industrial,국소선폭,윤곽,40.0,-6.482754422201869,4.881411392339818,11.364165814541687,10.0,4.0,1.1364165814541687,불합격,경계,1.0,"배율 industrial 100 ppm, seam 1개; mode area (csv)"
보수-100,M45,area,industrial,선폭,윤곽(참고),40.0,-6.492724546925607,3.2915868138285966,9.784311360754204,10.0,4.0,0.9784311360754204,4:1 통과,,1.0,"배율 industrial 100 ppm, seam 1개; mode area (csv)"
보수-100,M45,area,industrial,구멍지름,치수,-100.0,0.033109455838466605,0.9170410108921008,0.9501504667305674,25.0,10.0,0.038006018669222694,10:1 통과,,1.0,"배율 industrial 100 ppm, seam 1개; mode area (csv)"
보수-100,M45,area,industrial,길이40,치수,0.0,0.0,18.825514601200148,18.825514601200148,25.0,10.0,0.7530205840480059,4:1 통과,,1.0,"해석 계산; 배율 industrial 100 ppm, seam 1개; mode area (csv)"
보수-100,M45,area,industrial,경계,윤곽(참고),50.0,-0.016554727919233302,0.4585205054460504,0.4750752333652837,25.0,10.0,0.019003009334611347,10:1 통과,,1.0,"배율 industrial 100 ppm, seam 1개; mode area (csv)"
보수-100,M45,area,industrial,위치,위치,223.60679774997897,0.48654123616401307,3.0367333010101847,3.523274537174198,50.0,20.0,0.07046549074348396,10:1 통과,,1.0,"배율 industrial 100 ppm, seam 1개; mode area (csv)"
보수-100,M46,area,industrial,국소높이,높이,0.0,-0.4367893751731519,5.6638706876916345,6.100660062864787,5.0,2.0,1.2201320125729573,불합격,경계,1.0,"배율 industrial 100 ppm, seam 1개; mode area (csv)"
보수-100,M46,area,industrial,단차,높이(참고),-20.0,0.1109637451171875,4.047276652493903,4.15824039761109,5.0,2.0,0.831648079522218,4:1 통과,,1.0,"배율 industrial 100 ppm, seam 1개; mode area (csv)"
보수-100,M46,area,industrial,국소선폭,윤곽,40.0,-6.322091161246178,5.182748640215565,11.504839801461742,10.0,4.0,1.1504839801461741,불합격,경계,1.0,"배율 industrial 100 ppm, seam 1개; mode area (csv)"
보수-100,M46,area,industrial,선폭,윤곽(참고),40.0,-6.308732931120327,4.192249639323014,10.500982570443341,10.0,4.0,1.050098257044334,불합격,경계,1.0,"배율 industrial 100 ppm, seam 1개; mode area (csv)"
보수-100,M46,area,industrial,구멍지름,치수,-100.0,-0.20828595063510874,0.7698938468979293,0.978179797533038,25.0,10.0,0.039127191901321516,10:1 통과,,1.0,"배율 industrial 100 ppm, seam 1개; mode area (csv)"
보수-100,M46,area,industrial,길이40,치수,0.0,0.0,16.864657324317818,16.864657324317818,25.0,10.0,0.6745862929727128,4:1 통과,,1.0,"해석 계산; 배율 industrial 100 ppm, seam 1개; mode area (csv)"
보수-100,M46,area,industrial,경계,윤곽(참고),50.0,0.10414297531755437,0.38494692344896464,0.489089898766519,25.0,10.0,0.019563595950660758,10:1 통과,,1.0,"배율 industrial 100 ppm, seam 1개; mode area (csv)"
보수-100,M46,area,industrial,위치,위치,223.60679774997897,0.16354484747013584,1.9217795017538752,2.085324349224011,50.0,20.0,0.04170648698448022,10:1 통과,,1.0,"배율 industrial 100 ppm, seam 1개; mode area (csv)"
보수-100,M47,area,industrial,국소높이,높이,0.0,0.5821615213012252,9.94805022403956,10.530211745340786,5.0,2.0,2.106042349068157,불합격,,1.0,"배율 industrial 100 ppm, seam 1개; mode area (csv)"
보수-100,M47,area,industrial,단차,높이(참고),-20.0,-0.07010772705078125,6.897899398130166,6.9680071251809474,5.0,2.0,1.3936014250361894,불합격,,1.0,"배율 industrial 100 ppm, seam 1개; mode area (csv)"
보수-100,M47,area,industrial,국소선폭,윤곽,40.0,-5.8795722708191995,7.223508873845627,13.103081144664827,10.0,4.0,1.3103081144664828,불합격,,1.0,"배율 industrial 100 ppm, seam 1개; mode area (csv)"
보수-100,M47,area,industrial,선폭,윤곽(참고),40.0,-5.8876192739231525,4.444568004655079,10.332187278578232,10.0,4.0,1.033218727857823,불합격,경계,1.0,"배율 industrial 100 ppm, seam 1개; mode area (csv)"
보수-100,M47,area,industrial,구멍지름,치수,-100.0,0.02301348314893403,0.7310369676849164,0.7540504508338505,25.0,10.0,0.03016201803335402,10:1 통과,,1.0,"배율 industrial 100 ppm, seam 1개; mode area (csv)"
보수-100,M47,area,industrial,길이40,치수,0.0,0.0,22.150996967781534,22.150996967781534,25.0,10.0,0.8860398787112613,4:1 통과,,1.0,"해석 계산; 배율 industrial 100 ppm, seam 1개; mode area (csv)"
보수-100,M47,area,industrial,경계,윤곽(참고),50.0,-0.011506741574467015,0.3655184838424582,0.37702522541692524,25.0,10.0,0.01508100901667701,10:1 통과,,1.0,"배율 industrial 100 ppm, seam 1개; mode area (csv)"
보수-100,M47,area,industrial,위치,위치,223.60679774997897,0.1955602416065357,4.318825881779866,4.514386123386402,50.0,20.0,0.09028772246772805,10:1 통과,,1.0,"배율 industrial 100 ppm, seam 1개; mode area (csv)"
보수-100,M48,area,industrial,국소높이,높이,0.0,-0.17031647793920193,5.805246119410211,5.975562597349413,5.0,2.0,1.1951125194698826,불합격,경계,1.0,"배율 industrial 100 ppm, seam 3개; mode area (csv)"
보수-100,M48,area,industrial,단차,높이(참고),-20.0,-0.083580322265625,4.065625594032063,4.149205916297689,5.0,2.0,0.8298411832595377,4:1 통과,,1.0,"배율 industrial 100 ppm, seam 3개; mode area (csv)"
보수-100,M48,area,industrial,국소선폭,윤곽,40.0,9.942812817092868,5.809589021292906,15.752401838385774,10.0,4.0,1.5752401838385774,불합격,,1.0,"배율 industrial 100 ppm, seam 3개; mode area (csv)"
보수-100,M48,area,industrial,선폭,윤곽(참고),40.0,9.951026864728986,3.6888526007646836,13.639879465493669,10.0,4.0,1.363987946549367,불합격,,1.0,"배율 industrial 100 ppm, seam 3개; mode area (csv)"
보수-100,M48,area,industrial,구멍지름,치수,-100.0,-0.07118795116050024,0.8613503817665251,0.9325383329270254,25.0,10.0,0.03730153331708101,10:1 통과,,1.0,"배율 industrial 100 ppm, seam 3개; mode area (csv)"
보수-100,M48,area,industrial,길이40,치수,0.0,0.0,14.0,14.0,25.0,10.0,0.56,4:1 통과,,1.0,"해석 계산; 배율 industrial 100 ppm, seam 3개; mode area (csv)"
보수-100,M48,area,industrial,경계,윤곽(참고),50.0,0.03559397558025012,0.43067519088326256,0.4662691664635127,25.0,10.0,0.018650766658540506,10:1 통과,,1.0,"배율 industrial 100 ppm, seam 3개; mode area (csv)"
보수-100,M48,area,industrial,위치,위치,223.60679774997897,0.3623654271276067,1.792338217277573,2.15470364440518,50.0,20.0,0.0430940728881036,10:1 통과,,1.0,"배율 industrial 100 ppm, seam 3개; mode area (csv)"
보수-100,M49,area,diy,국소높이,높이,0.0,-0.7112251286915299,11.451152998828473,12.162378127520002,5.0,2.0,2.4324756255040003,불합격,,1.0,"배율 diy 500 ppm, seam 1개; mode area (csv)"
보수-100,M49,area,diy,단차,높이(참고),-20.0,1.6275387573242188,7.252371050755288,8.879909808079507,5.0,2.0,1.7759819616159014,불합격,,1.0,"배율 diy 500 ppm, seam 1개; mode area (csv)"
보수-100,M49,area,diy,국소선폭,윤곽,40.0,-4.961616526502389,8.399165758957155,13.360782285459543,10.0,4.0,1.3360782285459543,불합격,,1.0,"배율 diy 500 ppm, seam 1개; mode area (csv)"
보수-100,M49,area,diy,선폭,윤곽(참고),40.0,-4.998522274405486,4.232809612247387,9.231331886652873,10.0,4.0,0.9231331886652873,4:1 통과,,1.0,"배율 diy 500 ppm, seam 1개; mode area (csv)"
보수-100,M49,area,diy,구멍지름,치수,-100.0,-0.08022361173858371,0.6668216480207507,0.7470452597593344,25.0,10.0,0.029881810390373378,10:1 통과,,1.0,"배율 diy 500 ppm, seam 1개; mode area (csv)"
보수-100,M49,area,diy,길이40,치수,0.0,0.0,15.187714333192691,15.187714333192691,25.0,10.0,0.6075085733277077,4:1 통과,,1.0,"해석 계산; 배율 diy 500 ppm, seam 1개; mode area (csv)"
보수-100,M49,area,diy,경계,윤곽(참고),50.0,0.040111805869291854,0.33341082401037536,0.3735226298796672,25.0,10.0,0.014940905195186689,10:1 통과,,1.0,"배율 diy 500 ppm, seam 1개; mode area (csv)"
보수-100,M49,area,diy,위치,위치,223.60679774997897,0.16097492494334595,2.955428518714535,3.1164034436578807,50.0,20.0,0.062328068873157616,10:1 통과,,1.0,"배율 diy 500 ppm, seam 1개; mode area (csv)"
보수-100,M50,area,diy,국소높이,높이,0.0,0.17469148908050036,12.850167524696872,13.024859013777371,5.0,2.0,2.6049718027554745,불합격,,1.0,"배율 diy 500 ppm, seam 1개; mode area (csv)"
보수-100,M50,area,diy,단차,높이(참고),-20.0,0.794979248046875,11.265399115644337,12.060378363691212,5.0,2.0,2.4120756727382426,불합격,,1.0,"배율 diy 500 ppm, seam 1개; mode area (csv)"
보수-100,M50,area,diy,국소선폭,윤곽,40.0,-4.48388303526929,9.199272458402667,13.683155493671958,10.0,4.0,1.3683155493671957,불합격,,1.0,"배율 diy 500 ppm, seam 1개; mode area (csv)"
보수-100,M50,area,diy,선폭,윤곽(참고),40.0,-4.551521386112753,4.09005130428185,8.641572690394604,10.0,4.0,0.8641572690394603,4:1 통과,,1.0,"배율 diy 500 ppm, seam 1개; mode area (csv)"
보수-100,M50,area,diy,구멍지름,치수,-100.0,-0.12734814828327218,0.7540419338896003,0.8813900821728724,25.0,10.0,0.0352556032869149,10:1 통과,,1.0,"배율 diy 500 ppm, seam 1개; mode area (csv)"
보수-100,M50,area,diy,길이40,치수,0.0,0.0,15.187714333192691,15.187714333192691,25.0,10.0,0.6075085733277077,4:1 통과,,1.0,"해석 계산; 배율 diy 500 ppm, seam 1개; mode area (csv)"
보수-100,M50,area,diy,경계,윤곽(참고),50.0,0.06367407414163609,0.37702096694480014,0.4406950410864362,25.0,10.0,0.01762780164345745,10:1 통과,,1.0,"배율 diy 500 ppm, seam 1개; mode area (csv)"
보수-100,M50,area,diy,위치,위치,223.60679774997897,0.0765048131314933,2.56356946046168,2.6400742735931733,50.0,20.0,0.05280148547186347,10:1 통과,,1.0,"배율 diy 500 ppm, seam 1개; mode area (csv)"
보수-100,M51,area,diy,국소높이,높이,0.0,-0.2209657462665997,8.048584659527089,8.269550405793689,5.0,2.0,1.6539100811587377,불합격,,1.0,"배율 diy 500 ppm, seam 2개; mode area (csv)"
보수-100,M51,area,diy,단차,높이(참고),-20.0,-1.1941717529296876,7.119890371000167,8.314062123929855,5.0,2.0,1.662812424785971,불합격,,1.0,"배율 diy 500 ppm, seam 2개; mode area (csv)"
보수-100,M51,area,diy,국소선폭,윤곽,40.0,-6.643865187723179,9.703821733492626,16.347686921215804,10.0,4.0,1.6347686921215803,불합격,,1.0,"배율 diy 500 ppm, seam 2개; mode area (csv)"
보수-100,M51,area,diy,선폭,윤곽(참고),40.0,-6.694906272407095,5.02643960458506,11.721345876992155,10.0,4.0,1.1721345876992155,불합격,경계,1.0,"배율 diy 500 ppm, seam 2개; mode area (csv)"
보수-100,M51,area,diy,구멍지름,치수,-100.0,-1.9155015275900404,0.8347104918099123,2.7502120193999526,25.0,10.0,0.1100084807759981,10:1 통과,,1.0,"배율 diy 500 ppm, seam 2개; mode area (csv)"
보수-100,M51,area,diy,길이40,치수,0.0,0.0,33.62538723444931,33.62538723444931,25.0,10.0,1.3450154893779724,불합격,,1.0,"해석 계산; 배율 diy 500 ppm, seam 2개; mode area (csv)"
보수-100,M51,area,diy,경계,윤곽(참고),50.0,0.9577507637950202,0.41735524590495615,1.3751060096999763,25.0,10.0,0.05500424038799905,10:1 통과,,1.0,"배율 diy 500 ppm, seam 2개; mode area (csv)"
보수-100,M51,area,diy,위치,위치,223.60679774997897,1.0007418180550045,5.612503708114822,6.613245526169827,50.0,20.0,0.13226491052339653,10:1 통과,,1.0,"배율 diy 500 ppm, seam 2개; mode area (csv)"
보수-100,M52,area,diy,국소높이,높이,0.0,1.1715041325784326,15.515283815210546,16.68678794778898,5.0,2.0,3.337357589557796,불합격,,1.0,"배율 diy 500 ppm, seam 2개; mode area (csv)"
보수-100,M52,area,diy,단차,높이(참고),-20.0,-0.13950408935546876,10.189881581734369,10.329385671089838,5.0,2.0,2.065877134217968,불합격,,1.0,"배율 diy 500 ppm, seam 2개; mode area (csv)"
보수-100,M52,area,diy,국소선폭,윤곽,40.0,-11.647732356363091,7.1531832455541,18.80091560191719,10.0,4.0,1.880091560191719,불합격,,1.0,"배율 diy 500 ppm, seam 2개; mode area (csv)"
보수-100,M52,area,diy,선폭,윤곽(참고),40.0,-11.647155698350941,3.9431976946917486,15.59035339304269,10.0,4.0,1.559035339304269,불합격,,1.0,"배율 diy 500 ppm, seam 2개; mode area (csv)"
보수-100,M52,area,diy,구멍지름,치수,-100.0,0.3835945419949985,1.6316562789700548,2.0152508209650533,25.0,10.0,0.08061003283860213,10:1 통과,,1.0,"배율 diy 500 ppm, seam 2개; mode area (csv)"
보수-100,M52,area,diy,길이40,치수,0.0,0.0,33.62538723444931,33.62538723444931,25.0,10.0,1.3450154893779724,불합격,,1.0,"해석 계산; 배율 diy 500 ppm, seam 2개; mode area (csv)"
보수-100,M52,area,diy,경계,윤곽(참고),50.0,-0.19179727099749924,0.8158281394850274,1.0076254104825266,25.0,10.0,0.040305016419301065,10:1 통과,,1.0,"배율 diy 500 ppm, seam 2개; mode area (csv)"
보수-100,M52,area,diy,위치,위치,223.60679774997897,0.21060164917650023,5.616391451935688,5.826993101112189,50.0,20.0,0.11653986202224377,10:1 통과,,1.0,"배율 diy 500 ppm, seam 2개; mode area (csv)"
보수-100,M53,area,diy,국소높이,높이,0.0,-2.54438430710081,35.92731988451787,38.471704191618684,5.0,2.0,7.694340838323737,불합격,,1.0,"배율 diy 500 ppm, seam 1개; mode area (csv)"
보수-100,M53,area,diy,단차,높이(참고),-20.0,0.4846197509765625,26.238006359771784,26.722626110748347,5.0,2.0,5.344525222149669,불합격,,1.0,"배율 diy 500 ppm, seam 1개; mode area (csv)"
보수-100,M53,area,diy,국소선폭,윤곽,40.0,25.98468810240936,69.15394921917259,95.13863732158195,10.0,4.0,9.513863732158196,불합격,,1.0,"배율 diy 500 ppm, seam 1개; mode area (csv)"
보수-100,M53,area,diy,선폭,윤곽(참고),40.0,30.843311073494124,29.175384542591093,60.01869561608522,10.0,4.0,6.001869561608522,불합격,,1.0,"배율 diy 500 ppm, seam 1개; mode area (csv)"
보수-100,M53,area,diy,구멍지름,치수,-100.0,-9.214518229421975,0.9040454768200263,10.118563706242002,25.0,10.0,0.4047425482496801,4:1 통과,,1.0,"배율 diy 500 ppm, seam 1개; mode area (csv)"
보수-100,M53,area,diy,길이40,치수,0.0,0.0,65.04357513749277,65.04357513749277,25.0,10.0,2.601743005499711,불합격,,1.0,"해석 계산; 배율 diy 500 ppm, seam 1개; mode area (csv)"
보수-100,M53,area,diy,경계,윤곽(참고),50.0,4.607259114710987,0.45202273841001317,5.059281853121001,25.0,10.0,0.20237127412484004,10:1 통과,,1.0,"배율 diy 500 ppm, seam 1개; mode area (csv)"
보수-100,M53,area,diy,위치,위치,223.60679774997897,0.649239263371965,14.891405087334949,15.540644350706915,50.0,20.0,0.3108128870141383,10:1 통과,,1.0,"배율 diy 500 ppm, seam 1개; mode area (csv)"
보수-100,M54,area,printer_axis,국소높이,높이,0.0,-0.47594709471106506,21.37370361452956,21.849650709240624,5.0,2.0,4.3699301418481244,불합격,,1.0,"배율 printer_axis 500 ppm, seam 1개; mode area (csv)"
보수-100,M54,area,printer_axis,단차,높이(참고),-20.0,-1.5098483276367187,15.319986238596426,16.829834566233146,5.0,2.0,3.365966913246629,불합격,,1.0,"배율 printer_axis 500 ppm, seam 1개; mode area (csv)"
보수-100,M54,area,printer_axis,국소선폭,윤곽,40.0,-3.1456561335140107,17.89032472536632,21.03598085888033,10.0,4.0,2.103598085888033,불합격,,1.0,"배율 printer_axis 500 ppm, seam 1개; mode area (csv)"
보수-100,M54,area,printer_axis,선폭,윤곽(참고),40.0,-3.060066606199762,10.150387120941735,13.210453727141497,10.0,4.0,1.3210453727141496,불합격,,1.0,"배율 printer_axis 500 ppm, seam 1개; mode area (csv)"
보수-100,M54,area,printer_axis,구멍지름,치수,-100.0,-0.23964959307378195,4.383608709806364,4.623258302880146,25.0,10.0,0.18493033211520582,10:1 통과,,1.0,"배율 printer_axis 500 ppm, seam 1개; mode area (csv)"
보수-100,M54,area,printer_axis,길이40,치수,0.0,0.0,47.60952285695234,47.60952285695234,25.0,10.0,1.9043809142780936,불합격,,1.0,"해석 계산; 배율 printer_axis 500 ppm, seam 1개; mode area (csv)"
보수-100,M54,area,printer_axis,경계,윤곽(참고),50.0,0.11982479653689097,2.191804354903182,2.311629151440073,25.0,10.0,0.09246516605760291,10:1 통과,,1.0,"배율 printer_axis 500 ppm, seam 1개; mode area (csv)"
보수-100,M54,area,printer_axis,위치,위치,223.60679774997897,0.22695252815336217,6.017863875637039,6.2448164037904,50.0,20.0,0.12489632807580801,10:1 통과,,1.0,"배율 printer_axis 500 ppm, seam 1개; mode area (csv)"
보수-100,M55,raster_point,printer_axis,국소높이,높이,0.0,0.5276578303355145,4.652976858732458,5.180634689067973,5.0,2.0,1.0361269378135947,불합격,경계,1.0,"프린터 축 래스터: seam 0, 샘플 XY 잡음 5 µm(보수); 배율 printer_axis 500 ppm, seam 0개; mode raster_point (csv)"
보수-100,M55,raster_point,printer_axis,단차,높이(참고),-20.0,0.01520751953125,3.946973984116757,3.962181503648007,5.0,2.0,0.7924363007296014,4:1 통과,,1.0,"프린터 축 래스터: seam 0, 샘플 XY 잡음 5 µm(보수); 배율 printer_axis 500 ppm, seam 0개; mode raster_point (csv)"
보수-100,M55,raster_point,printer_axis,국소선폭,윤곽,40.0,-12.141677365655264,8.203525868007027,20.34520323366229,10.0,4.0,2.034520323366229,불합격,,1.0,"프린터 축 래스터: seam 0, 샘플 XY 잡음 5 µm(보수); 배율 printer_axis 500 ppm, seam 0개; mode raster_point (csv)"
보수-100,M55,raster_point,printer_axis,선폭,윤곽(참고),40.0,-12.154323552355208,7.861827852339351,20.01615140469456,10.0,4.0,2.001615140469456,불합격,,1.0,"프린터 축 래스터: seam 0, 샘플 XY 잡음 5 µm(보수); 배율 printer_axis 500 ppm, seam 0개; mode raster_point (csv)"
보수-100,M55,raster_point,printer_axis,구멍지름,치수,-100.0,-0.009404434860925903,3.239269771274774,3.2486742061357,25.0,10.0,0.129946968245428,10:1 통과,,1.0,"프린터 축 래스터: seam 0, 샘플 XY 잡음 5 µm(보수); 배율 printer_axis 500 ppm, seam 0개; mode raster_point (csv)"
보수-100,M55,raster_point,printer_axis,길이40,치수,0.0,0.0,43.20493798938573,43.20493798938573,25.0,10.0,1.7281975195754293,불합격,,1.0,"해석 계산; 프린터 축 래스터: seam 0, 샘플 XY 잡음 5 µm(보수); 배율 printer_axis 500 ppm, seam 0개; mode raster_point (csv)"
보수-100,M55,raster_point,printer_axis,경계,윤곽(참고),50.0,0.004702217430462952,1.619634885637387,1.62433710306785,25.0,10.0,0.064973484122714,10:1 통과,,1.0,"프린터 축 래스터: seam 0, 샘플 XY 잡음 5 µm(보수); 배율 printer_axis 500 ppm, seam 0개; mode raster_point (csv)"
보수-100,M55,raster_point,printer_axis,위치,위치,223.60679774997897,0.023992635677896647,0.33133829654589814,0.3553309322237948,50.0,20.0,0.007106618644475896,10:1 통과,,1.0,"프린터 축 래스터: seam 0, 샘플 XY 잡음 5 µm(보수); 배율 printer_axis 500 ppm, seam 0개; mode raster_point (csv)"
보수-100,M56,raster_point,printer_axis,국소높이,높이,0.0,-0.003190038815727911,1.5212935380460786,1.5244835768618066,5.0,2.0,0.3048967153723613,10:1 통과,,1.0,"프린터 축 래스터: seam 0, 샘플 XY 잡음 5 µm(보수); 배율 printer_axis 500 ppm, seam 0개; mode raster_point (csv)"
보수-100,M56,raster_point,printer_axis,단차,높이(참고),-20.0,-0.05035003662109375,1.0420890192548105,1.0924390558759043,5.0,2.0,0.21848781117518085,10:1 통과,,1.0,"프린터 축 래스터: seam 0, 샘플 XY 잡음 5 µm(보수); 배율 printer_axis 500 ppm, seam 0개; mode raster_point (csv)"
보수-100,M56,raster_point,printer_axis,국소선폭,윤곽,40.0,-62.548073999953324,7.638196609766258,70.18627060971959,10.0,4.0,7.0186270609719585,불합격,,1.0,"프린터 축 래스터: seam 0, 샘플 XY 잡음 5 µm(보수); 배율 printer_axis 500 ppm, seam 0개; mode raster_point (csv)"
보수-100,M56,raster_point,printer_axis,선폭,윤곽(참고),40.0,-62.55095135110648,7.652856144478507,70.20380749558498,10.0,4.0,7.020380749558498,불합격,,1.0,"프린터 축 래스터: seam 0, 샘플 XY 잡음 5 µm(보수); 배율 printer_axis 500 ppm, seam 0개; mode raster_point (csv)"
보수-100,M56,raster_point,printer_axis,구멍지름,치수,-100.0,0.5132261080212356,3.7851722094034277,4.298398317424663,25.0,10.0,0.17193593269698654,10:1 통과,,1.0,"프린터 축 래스터: seam 0, 샘플 XY 잡음 5 µm(보수); 배율 printer_axis 500 ppm, seam 0개; mode raster_point (csv)"
보수-100,M56,raster_point,printer_axis,길이40,치수,0.0,0.0,43.20493798938573,43.20493798938573,25.0,10.0,1.7281975195754293,불합격,,1.0,"해석 계산; 프린터 축 래스터: seam 0, 샘플 XY 잡음 5 µm(보수); 배율 printer_axis 500 ppm, seam 0개; mode raster_point (csv)"
보수-100,M56,raster_point,printer_axis,경계,윤곽(참고),50.0,-0.2566130540106178,1.8925861047017138,2.1491991587123316,25.0,10.0,0.08596796634849327,10:1 통과,,1.0,"프린터 축 래스터: seam 0, 샘플 XY 잡음 5 µm(보수); 배율 printer_axis 500 ppm, seam 0개; mode raster_point (csv)"
보수-100,M56,raster_point,printer_axis,위치,위치,223.60679774997897,0.05456693006941148,0.3695963562944108,0.4241632863638223,50.0,20.0,0.008483265727276446,10:1 통과,,1.0,"프린터 축 래스터: seam 0, 샘플 XY 잡음 5 µm(보수); 배율 printer_axis 500 ppm, seam 0개; mode raster_point (csv)"
보수-100,M57,raster_point,printer_axis,국소높이,높이,0.0,0.01380363290321734,1.5044954236213406,1.518299056524558,5.0,2.0,0.3036598113049116,10:1 통과,,1.0,"프린터 축 래스터: seam 0, 샘플 XY 잡음 5 µm(보수); 배율 printer_axis 500 ppm, seam 0개; mode raster_point (csv)"
보수-100,M57,raster_point,printer_axis,단차,높이(참고),-20.0,-0.04334503173828125,0.9875272510202122,1.0308722827584935,5.0,2.0,0.2061744565516987,10:1 통과,,1.0,"프린터 축 래스터: seam 0, 샘플 XY 잡음 5 µm(보수); 배율 printer_axis 500 ppm, seam 0개; mode raster_point (csv)"
보수-100,M57,raster_point,printer_axis,국소선폭,윤곽,40.0,-64.55556693982652,9.166119439904518,73.72168637973104,10.0,4.0,7.372168637973104,불합격,,1.0,"프린터 축 래스터: seam 0, 샘플 XY 잡음 5 µm(보수); 배율 printer_axis 500 ppm, seam 0개; mode raster_point (csv)"
보수-100,M57,raster_point,printer_axis,선폭,윤곽(참고),40.0,-64.5583057576448,9.217980385004724,73.77628614264952,10.0,4.0,7.377628614264952,불합격,,1.0,"프린터 축 래스터: seam 0, 샘플 XY 잡음 5 µm(보수); 배율 printer_axis 500 ppm, seam 0개; mode raster_point (csv)"
보수-100,M57,raster_point,printer_axis,구멍지름,치수,-100.0,-0.1856140588467224,4.495387976522313,4.681002035369035,25.0,10.0,0.1872400814147614,10:1 통과,,1.0,"프린터 축 래스터: seam 0, 샘플 XY 잡음 5 µm(보수); 배율 printer_axis 500 ppm, seam 0개; mode raster_point (csv)"
보수-100,M57,raster_point,printer_axis,길이40,치수,0.0,0.0,43.20493798938573,43.20493798938573,25.0,10.0,1.7281975195754293,불합격,,1.0,"해석 계산; 프린터 축 래스터: seam 0, 샘플 XY 잡음 5 µm(보수); 배율 printer_axis 500 ppm, seam 0개; mode raster_point (csv)"
보수-100,M57,raster_point,printer_axis,경계,윤곽(참고),50.0,0.0928070294233612,2.2476939882611564,2.3405010176845176,25.0,10.0,0.0936200407073807,10:1 통과,,1.0,"프린터 축 래스터: seam 0, 샘플 XY 잡음 5 µm(보수); 배율 printer_axis 500 ppm, seam 0개; mode raster_point (csv)"
보수-100,M57,raster_point,printer_axis,위치,위치,223.60679774997897,0.024954593245289272,0.4098598845130669,0.43481447775835613,50.0,20.0,0.008696289555167123,10:1 통과,,1.0,"프린터 축 래스터: seam 0, 샘플 XY 잡음 5 µm(보수); 배율 printer_axis 500 ppm, seam 0개; mode raster_point (csv)"
보수-100,M58,raster_point,printer_axis,국소높이,높이,0.0,-0.41732248941883443,22.226796836299794,22.644119325718627,5.0,2.0,4.528823865143726,불합격,,1.0,"프린터 축 래스터: seam 0, 샘플 XY 잡음 5 µm(보수); 배율 printer_axis 500 ppm, seam 0개; mode raster_point (csv)"
보수-100,M58,raster_point,printer_axis,단차,높이(참고),-20.0,0.4089395141601562,14.716286991559691,15.125226505719848,5.0,2.0,3.0250453011439697,불합격,,1.0,"프린터 축 래스터: seam 0, 샘플 XY 잡음 5 µm(보수); 배율 printer_axis 500 ppm, seam 0개; mode raster_point (csv)"
보수-100,M58,raster_point,printer_axis,국소선폭,윤곽,40.0,8.540620493604747,30.872871135428515,39.41349162903326,10.0,4.0,3.941349162903326,불합격,,1.0,"프린터 축 래스터: seam 0, 샘플 XY 잡음 5 µm(보수); 배율 printer_axis 500 ppm, seam 0개; mode raster_point (csv)"
보수-100,M58,raster_point,printer_axis,선폭,윤곽(참고),40.0,10.055232731893017,23.430532896183934,33.48576562807695,10.0,4.0,3.3485765628076947,불합격,,1.0,"프린터 축 래스터: seam 0, 샘플 XY 잡음 5 µm(보수); 배율 printer_axis 500 ppm, seam 0개; mode raster_point (csv)"
보수-100,M58,raster_point,printer_axis,구멍지름,치수,-100.0,-0.0714272007301588,3.9394382061594353,4.010865406889594,25.0,10.0,0.16043461627558375,10:1 통과,,1.0,"프린터 축 래스터: seam 0, 샘플 XY 잡음 5 µm(보수); 배율 printer_axis 500 ppm, seam 0개; mode raster_point (csv)"
보수-100,M58,raster_point,printer_axis,길이40,치수,0.0,0.0,57.154760664940824,57.154760664940824,25.0,10.0,2.286190426597633,불합격,,1.0,"해석 계산; 프린터 축 래스터: seam 0, 샘플 XY 잡음 5 µm(보수); 배율 printer_axis 500 ppm, seam 0개; mode raster_point (csv)"
보수-100,M58,raster_point,printer_axis,경계,윤곽(참고),50.0,0.0357136003650794,1.9697191030797176,2.005432703444797,25.0,10.0,0.08021730813779188,10:1 통과,,1.0,"프린터 축 래스터: seam 0, 샘플 XY 잡음 5 µm(보수); 배율 printer_axis 500 ppm, seam 0개; mode raster_point (csv)"
보수-100,M58,raster_point,printer_axis,위치,위치,223.60679774997897,0.06304649642687084,0.9745656160817696,1.0376121125086404,50.0,20.0,0.020752242250172807,10:1 통과,,1.0,"프린터 축 래스터: seam 0, 샘플 XY 잡음 5 µm(보수); 배율 printer_axis 500 ppm, seam 0개; mode raster_point (csv)"
보수-100,M59,raster_point,printer_axis,국소높이,높이,0.0,-0.057570774603444605,2.174930935254566,2.2325017098580107,5.0,2.0,0.44650034197160215,4:1 통과,,1.0,"프린터 축 래스터: seam 0, 샘플 XY 잡음 5 µm(보수); 배율 printer_axis 500 ppm, seam 0개; mode raster_point (csv)"
보수-100,M59,raster_point,printer_axis,단차,높이(참고),-20.0,-0.0298150634765625,1.5878070008309442,1.6176220643075068,5.0,2.0,0.32352441286150135,10:1 통과,,1.0,"프린터 축 래스터: seam 0, 샘플 XY 잡음 5 µm(보수); 배율 printer_axis 500 ppm, seam 0개; mode raster_point (csv)"
보수-100,M59,raster_point,printer_axis,국소선폭,윤곽,40.0,-61.992419674405824,3.761890481103955,65.75431015550978,10.0,4.0,6.575431015550978,불합격,,1.0,"프린터 축 래스터: seam 0, 샘플 XY 잡음 5 µm(보수); 배율 printer_axis 500 ppm, seam 0개; mode raster_point (csv)"
보수-100,M59,raster_point,printer_axis,선폭,윤곽(참고),40.0,-61.99747792918065,3.5719436805387206,65.56942160971937,10.0,4.0,6.556942160971937,불합격,,1.0,"프린터 축 래스터: seam 0, 샘플 XY 잡음 5 µm(보수); 배율 printer_axis 500 ppm, seam 0개; mode raster_point (csv)"
보수-100,M59,raster_point,printer_axis,구멍지름,치수,-100.0,-0.14334292508142427,3.992867772453708,4.136210697535132,25.0,10.0,0.1654484279014053,10:1 통과,,1.0,"프린터 축 래스터: seam 0, 샘플 XY 잡음 5 µm(보수); 배율 printer_axis 500 ppm, seam 0개; mode raster_point (csv)"
보수-100,M59,raster_point,printer_axis,길이40,치수,0.0,0.0,43.20493798938573,43.20493798938573,25.0,10.0,1.7281975195754293,불합격,,1.0,"해석 계산; 프린터 축 래스터: seam 0, 샘플 XY 잡음 5 µm(보수); 배율 printer_axis 500 ppm, seam 0개; mode raster_point (csv)"
보수-100,M59,raster_point,printer_axis,경계,윤곽(참고),50.0,0.07167146254071213,1.996433886226854,2.068105348767566,25.0,10.0,0.08272421395070265,10:1 통과,,1.0,"프린터 축 래스터: seam 0, 샘플 XY 잡음 5 µm(보수); 배율 printer_axis 500 ppm, seam 0개; mode raster_point (csv)"
보수-100,M59,raster_point,printer_axis,위치,위치,223.60679774997897,0.04107978983972822,0.3406780865238493,0.3817578763635775,50.0,20.0,0.00763515752727155,10:1 통과,,1.0,"프린터 축 래스터: seam 0, 샘플 XY 잡음 5 µm(보수); 배율 printer_axis 500 ppm, seam 0개; mode raster_point (csv)"
보수-100,M60,raster_point,printer_axis,국소높이,높이,0.0,-0.06459004158560326,1.3436857986402297,1.408275840225833,5.0,2.0,0.2816551680451666,10:1 통과,,1.0,"프린터 축 래스터: seam 0, 샘플 XY 잡음 5 µm(보수); 배율 printer_axis 500 ppm, seam 0개; mode raster_point (csv)"
보수-100,M60,raster_point,printer_axis,단차,높이(참고),-20.0,0.0312799072265625,1.0480612720311737,1.0793411792577363,5.0,2.0,0.21586823585154727,10:1 통과,,1.0,"프린터 축 래스터: seam 0, 샘플 XY 잡음 5 µm(보수); 배율 printer_axis 500 ppm, seam 0개; mode raster_point (csv)"
보수-100,M60,raster_point,printer_axis,국소선폭,윤곽,40.0,-47.97521318378349,1.1154133261373136,49.0906265099208,10.0,4.0,4.90906265099208,불합격,,1.0,"프린터 축 래스터: seam 0, 샘플 XY 잡음 5 µm(보수); 배율 printer_axis 500 ppm, seam 0개; mode raster_point (csv)"
보수-100,M60,raster_point,printer_axis,선폭,윤곽(참고),40.0,-47.97684547222483,0.5720256759449881,48.548871148169816,10.0,4.0,4.854887114816981,불합격,,1.0,"프린터 축 래스터: seam 0, 샘플 XY 잡음 5 µm(보수); 배율 printer_axis 500 ppm, seam 0개; mode raster_point (csv)"
보수-100,M60,raster_point,printer_axis,구멍지름,치수,-100.0,-0.13933542528228826,4.10749810759552,4.246833532877808,25.0,10.0,0.16987334131511234,10:1 통과,,1.0,"프린터 축 래스터: seam 0, 샘플 XY 잡음 5 µm(보수); 배율 printer_axis 500 ppm, seam 0개; mode raster_point (csv)"
보수-100,M60,raster_point,printer_axis,길이40,치수,0.0,0.0,43.20493798938573,43.20493798938573,25.0,10.0,1.7281975195754293,불합격,,1.0,"해석 계산; 프린터 축 래스터: seam 0, 샘플 XY 잡음 5 µm(보수); 배율 printer_axis 500 ppm, seam 0개; mode raster_point (csv)"
보수-100,M60,raster_point,printer_axis,경계,윤곽(참고),50.0,0.06966771264114413,2.05374905379776,2.123416766438904,25.0,10.0,0.08493667065755617,10:1 통과,,1.0,"프린터 축 래스터: seam 0, 샘플 XY 잡음 5 µm(보수); 배율 printer_axis 500 ppm, seam 0개; mode raster_point (csv)"
보수-100,M60,raster_point,printer_axis,위치,위치,223.60679774997897,0.033851156110321384,0.39240756083770256,0.426258716948024,50.0,20.0,0.00852517433896048,10:1 통과,,1.0,"프린터 축 래스터: seam 0, 샘플 XY 잡음 5 µm(보수); 배율 printer_axis 500 ppm, seam 0개; mode raster_point (csv)"
보수-100,M61,raster_point,printer_axis,국소높이,높이,0.0,0.2668559914268706,6.0741687195912695,6.34102471101814,5.0,2.0,1.2682049422036281,불합격,경계,1.0,"프린터 축 래스터: seam 0, 샘플 XY 잡음 5 µm(보수); 배율 printer_axis 500 ppm, seam 0개; mode raster_point (csv)"
보수-100,M61,raster_point,printer_axis,단차,높이(참고),-20.0,0.18975372314453126,4.123828504190345,4.3135822273348765,5.0,2.0,0.8627164454669753,4:1 통과,,1.0,"프린터 축 래스터: seam 0, 샘플 XY 잡음 5 µm(보수); 배율 printer_axis 500 ppm, seam 0개; mode raster_point (csv)"
보수-100,M61,raster_point,printer_axis,국소선폭,윤곽,40.0,-7.853763709997989,8.158023509614019,16.011787219612007,10.0,4.0,1.6011787219612006,불합격,,1.0,"프린터 축 래스터: seam 0, 샘플 XY 잡음 5 µm(보수); 배율 printer_axis 500 ppm, seam 0개; mode raster_point (csv)"
보수-100,M61,raster_point,printer_axis,선폭,윤곽(참고),40.0,-7.82530389607622,7.6905370362209124,15.515840932297133,10.0,4.0,1.5515840932297134,불합격,,1.0,"프린터 축 래스터: seam 0, 샘플 XY 잡음 5 µm(보수); 배율 printer_axis 500 ppm, seam 0개; mode raster_point (csv)"
보수-100,M61,raster_point,printer_axis,구멍지름,치수,-100.0,-0.1773727895293723,4.6125703762931405,4.789943165822513,25.0,10.0,0.19159772663290053,10:1 통과,,1.0,"프린터 축 래스터: seam 0, 샘플 XY 잡음 5 µm(보수); 배율 printer_axis 500 ppm, seam 0개; mode raster_point (csv)"
보수-100,M61,raster_point,printer_axis,길이40,치수,0.0,0.0,44.90731195102493,44.90731195102493,25.0,10.0,1.7962924780409972,불합격,,1.0,"해석 계산; 프린터 축 래스터: seam 0, 샘플 XY 잡음 5 µm(보수); 배율 printer_axis 500 ppm, seam 0개; mode raster_point (csv)"
보수-100,M61,raster_point,printer_axis,경계,윤곽(참고),50.0,0.08868639476468615,2.3062851881465702,2.3949715829112566,25.0,10.0,0.09579886331645027,10:1 통과,,1.0,"프린터 축 래스터: seam 0, 샘플 XY 잡음 5 µm(보수); 배율 printer_axis 500 ppm, seam 0개; mode raster_point (csv)"
보수-100,M61,raster_point,printer_axis,위치,위치,223.60679774997897,0.01672562310310797,0.4529637678910471,0.4696893909941551,50.0,20.0,0.009393787819883101,10:1 통과,,1.0,"프린터 축 래스터: seam 0, 샘플 XY 잡음 5 µm(보수); 배율 printer_axis 500 ppm, seam 0개; mode raster_point (csv)"
보수-100,M62,raster_point,printer_axis,국소높이,높이,0.0,-0.1064798416605778,3.230569891152352,3.33704973281293,5.0,2.0,0.667409946562586,4:1 통과,,1.0,"프린터 축 래스터: seam 0, 샘플 XY 잡음 5 µm(보수); 배율 printer_axis 500 ppm, seam 0개; mode raster_point (csv)"
보수-100,M62,raster_point,printer_axis,단차,높이(참고),-20.0,0.24725006103515626,1.833022564050475,2.080272625085631,5.0,2.0,0.41605452501712625,4:1 통과,,1.0,"프린터 축 래스터: seam 0, 샘플 XY 잡음 5 µm(보수); 배율 printer_axis 500 ppm, seam 0개; mode raster_point (csv)"
보수-100,M62,raster_point,printer_axis,국소선폭,윤곽,40.0,-99.54685610593619,26.79581059873492,126.3426667046711,10.0,4.0,12.63426667046711,불합격,,1.0,"프린터 축 래스터: seam 0, 샘플 XY 잡음 5 µm(보수); 배율 printer_axis 500 ppm, seam 0개; mode raster_point (csv)"
보수-100,M62,raster_point,printer_axis,선폭,윤곽(참고),40.0,-99.52380954782997,26.914395894548957,126.43820544237893,10.0,4.0,12.643820544237894,불합격,,1.0,"프린터 축 래스터: seam 0, 샘플 XY 잡음 5 µm(보수); 배율 printer_axis 500 ppm, seam 0개; mode raster_point (csv)"
보수-100,M62,raster_point,printer_axis,구멍지름,치수,-100.0,-0.19235272645610166,3.572497560726802,3.7648502871829037,25.0,10.0,0.15059401148731616,10:1 통과,,1.0,"프린터 축 래스터: seam 0, 샘플 XY 잡음 5 µm(보수); 배율 printer_axis 500 ppm, seam 0개; mode raster_point (csv)"
보수-100,M62,raster_point,printer_axis,길이40,치수,0.0,0.0,51.63977794943223,51.63977794943223,25.0,10.0,2.0655911179772892,불합격,,1.0,"해석 계산; 프린터 축 래스터: seam 0, 샘플 XY 잡음 5 µm(보수); 배율 printer_axis 500 ppm, seam 0개; mode raster_point (csv)"
보수-100,M62,raster_point,printer_axis,경계,윤곽(참고),50.0,0.09617636322805083,1.786248780363401,1.8824251435914519,25.0,10.0,0.07529700574365808,10:1 통과,,1.0,"프린터 축 래스터: seam 0, 샘플 XY 잡음 5 µm(보수); 배율 printer_axis 500 ppm, seam 0개; mode raster_point (csv)"
보수-100,M62,raster_point,printer_axis,위치,위치,223.60679774997897,0.048292187663268815,1.0978789192988674,1.1461711069621363,50.0,20.0,0.022923422139242727,10:1 통과,,1.0,"프린터 축 래스터: seam 0, 샘플 XY 잡음 5 µm(보수); 배율 printer_axis 500 ppm, seam 0개; mode raster_point (csv)"
보수-100,M63,raster_point,printer_axis,국소높이,높이,0.0,-0.16849815392667428,2.775011300229878,2.943509454156552,5.0,2.0,0.5887018908313104,4:1 통과,,1.0,"프린터 축 래스터: seam 0, 샘플 XY 잡음 5 µm(보수); 배율 printer_axis 500 ppm, seam 0개; mode raster_point (csv)"
보수-100,M63,raster_point,printer_axis,단차,높이(참고),-20.0,0.165281982421875,2.518935553917917,2.684217536339792,5.0,2.0,0.5368435072679584,4:1 통과,,1.0,"프린터 축 래스터: seam 0, 샘플 XY 잡음 5 µm(보수); 배율 printer_axis 500 ppm, seam 0개; mode raster_point (csv)"
보수-100,M63,raster_point,printer_axis,국소선폭,윤곽,40.0,-150.09101552886014,4.503336475320164,154.5943520041803,10.0,4.0,15.459435200418032,불합격,,1.0,"프린터 축 래스터: seam 0, 샘플 XY 잡음 5 µm(보수); 배율 printer_axis 500 ppm, seam 0개; mode raster_point (csv)"
보수-100,M63,raster_point,printer_axis,선폭,윤곽(참고),40.0,-150.0886406848028,4.034268086588525,154.12290877139134,10.0,4.0,15.412290877139133,불합격,,1.0,"프린터 축 래스터: seam 0, 샘플 XY 잡음 5 µm(보수); 배율 printer_axis 500 ppm, seam 0개; mode raster_point (csv)"
보수-100,M63,raster_point,printer_axis,구멍지름,치수,-100.0,-0.6370790471617147,4.4545406072202,5.0916196543819146,25.0,10.0,0.20366478617527659,10:1 통과,,1.0,"프린터 축 래스터: seam 0, 샘플 XY 잡음 5 µm(보수); 배율 printer_axis 500 ppm, seam 0개; mode raster_point (csv)"
보수-100,M63,raster_point,printer_axis,길이40,치수,0.0,0.0,43.20493798938573,43.20493798938573,25.0,10.0,1.7281975195754293,불합격,,1.0,"해석 계산; 프린터 축 래스터: seam 0, 샘플 XY 잡음 5 µm(보수); 배율 printer_axis 500 ppm, seam 0개; mode raster_point (csv)"
보수-100,M63,raster_point,printer_axis,경계,윤곽(참고),50.0,0.31853952358085735,2.2272703036101,2.5458098271909573,25.0,10.0,0.10183239308763829,10:1 통과,,1.0,"프린터 축 래스터: seam 0, 샘플 XY 잡음 5 µm(보수); 배율 printer_axis 500 ppm, seam 0개; mode raster_point (csv)"
보수-100,M63,raster_point,printer_axis,위치,위치,223.60679774997897,0.027510132919584037,0.3723186011533042,0.3998287340728882,50.0,20.0,0.007996574681457765,10:1 통과,,1.0,"프린터 축 래스터: seam 0, 샘플 XY 잡음 5 µm(보수); 배율 printer_axis 500 ppm, seam 0개; mode raster_point (csv)"
보수-100,M64,area,printer_axis,국소높이,높이,0.0,0.04968563151698837,2.9133026826350483,2.9629883141520366,5.0,2.0,0.5925976628304073,4:1 통과,,1.0,"배율 printer_axis 500 ppm, seam 3개; mode area (csv)"
보수-100,M64,area,printer_axis,단차,높이(참고),-20.0,0.33235107421875,2.183685742294096,2.516036816512846,5.0,2.0,0.5032073633025692,4:1 통과,,1.0,"배율 printer_axis 500 ppm, seam 3개; mode area (csv)"
보수-100,M64,area,printer_axis,국소선폭,윤곽,40.0,-52.29523372402208,4.0189320865179,56.31416581053998,10.0,4.0,5.6314165810539984,불합격,,1.0,"배율 printer_axis 500 ppm, seam 3개; mode area (csv)"
보수-100,M64,area,printer_axis,선폭,윤곽(참고),40.0,-52.298958886579804,3.914230783371628,56.21318966995143,10.0,4.0,5.621318966995143,불합격,,1.0,"배율 printer_axis 500 ppm, seam 3개; mode area (csv)"
보수-100,M64,area,printer_axis,구멍지름,치수,-100.0,0.2727548769432815,3.830292603129845,4.103047480073126,25.0,10.0,0.16412189920292505,10:1 통과,,1.0,"배율 printer_axis 500 ppm, seam 3개; mode area (csv)"
보수-100,M64,area,printer_axis,길이40,치수,0.0,0.0,44.347115652166906,44.347115652166906,25.0,10.0,1.7738846260866763,불합격,,1.0,"해석 계산; 배율 printer_axis 500 ppm, seam 3개; mode area (csv)"
보수-100,M64,area,printer_axis,경계,윤곽(참고),50.0,-0.13637743847164074,1.9151463015649226,2.051523740036563,25.0,10.0,0.08206094960146253,10:1 통과,,1.0,"배율 printer_axis 500 ppm, seam 3개; mode area (csv)"
보수-100,M64,area,printer_axis,위치,위치,223.60679774997897,0.08119426204846586,1.2271837586935233,1.308378020741989,50.0,20.0,0.02616756041483978,10:1 통과,,1.0,"배율 printer_axis 500 ppm, seam 3개; mode area (csv)"
보수-100,M65,line_profiler,industrial,국소높이,높이,0.0,-0.11764511165076261,1.5000677710508277,1.6177128827015903,5.0,2.0,0.32354257654031804,10:1 통과,,1.0,"배율 industrial 100 ppm, seam 9개; 선 단면 장비(면 측정은 래스터 가정, 면 래스터 37,940 분); mode line_profiler (csv)"
보수-100,M65,line_profiler,industrial,단차,높이(참고),-20.0,-0.09377593994140625,0.9771492954390775,1.0709252353804837,5.0,2.0,0.21418504707609673,10:1 통과,,1.0,"배율 industrial 100 ppm, seam 9개; 선 단면 장비(면 측정은 래스터 가정, 면 래스터 37,940 분); mode line_profiler (csv)"
보수-100,M65,line_profiler,industrial,국소선폭,윤곽,40.0,-44.63500290664045,2.0243304869393444,46.65933339357979,10.0,4.0,4.665933339357979,불합격,,1.0,"배율 industrial 100 ppm, seam 9개; 선 단면 장비(면 측정은 래스터 가정, 면 래스터 37,940 분); mode line_profiler (csv)"
보수-100,M65,line_profiler,industrial,선폭,윤곽(참고),40.0,-44.63665522283263,1.992694431759251,46.629349654591884,10.0,4.0,4.662934965459188,불합격,,1.0,"배율 industrial 100 ppm, seam 9개; 선 단면 장비(면 측정은 래스터 가정, 면 래스터 37,940 분); mode line_profiler (csv)"
보수-100,M65,line_profiler,industrial,구멍지름,치수,-100.0,-0.07614715614711713,0.7285418363705569,0.804688992517674,25.0,10.0,0.03218755970070696,10:1 통과,,1.0,"배율 industrial 100 ppm, seam 9개; 선 단면 장비(면 측정은 래스터 가정, 면 래스터 37,940 분); mode line_profiler (csv)"
보수-100,M65,line_profiler,industrial,길이40,치수,0.0,0.0,13.986504209415589,13.986504209415589,25.0,10.0,0.5594601683766236,4:1 통과,,1.0,"해석 계산; 배율 industrial 100 ppm, seam 9개; 선 단면 장비(면 측정은 래스터 가정, 면 래스터 37,940 분); mode line_profiler (csv)"
보수-100,M65,line_profiler,industrial,경계,윤곽(참고),50.0,0.038073578073558566,0.36427091818527846,0.402344496258837,25.0,10.0,0.01609377985035348,10:1 통과,,1.0,"배율 industrial 100 ppm, seam 9개; 선 단면 장비(면 측정은 래스터 가정, 면 래스터 37,940 분); mode line_profiler (csv)"
보수-100,M65,line_profiler,industrial,위치,위치,223.60679774997897,0.0017544068727366987,0.11082664000667242,0.11258104687940912,50.0,20.0,0.002251620937588182,10:1 통과,,1.0,"배율 industrial 100 ppm, seam 9개; 선 단면 장비(면 측정은 래스터 가정, 면 래스터 37,940 분); mode line_profiler (csv)"
보수-100,M66,area,calibrated,국소높이,높이,0.0,0.07544521310246675,2.3070749224403078,2.3825201355427743,5.0,2.0,0.4765040271085549,4:1 통과,,1.0,"배율 calibrated 20 ppm, seam 2개; mode area (csv)"
보수-100,M66,area,calibrated,단차,높이(참고),-20.0,0.36343170166015626,1.4682379060000255,1.8316696076601817,5.0,2.0,0.36633392153203637,10:1 통과,,1.0,"배율 calibrated 20 ppm, seam 2개; mode area (csv)"
보수-100,M66,area,calibrated,국소선폭,윤곽,40.0,-8.199923217587711,3.2295569338123107,11.429480151400021,10.0,4.0,1.1429480151400022,불합격,경계,1.0,"배율 calibrated 20 ppm, seam 2개; mode area (csv)"
보수-100,M66,area,calibrated,선폭,윤곽(참고),40.0,-8.201368632041886,3.1633436775052015,11.364712309547087,10.0,4.0,1.1364712309547087,불합격,경계,1.0,"배율 calibrated 20 ppm, seam 2개; mode area (csv)"
보수-100,M66,area,calibrated,구멍지름,치수,-100.0,-0.04400147273778202,0.4015991509379386,0.4456006236757206,25.0,10.0,0.017824024947028824,10:1 통과,,1.0,"배율 calibrated 20 ppm, seam 2개; mode area (csv)"
보수-100,M66,area,calibrated,길이40,치수,0.0,0.0,19.172897537930982,19.172897537930982,25.0,10.0,0.7669159015172393,4:1 통과,,1.0,"해석 계산; 배율 calibrated 20 ppm, seam 2개; mode area (csv)"
보수-100,M66,area,calibrated,경계,윤곽(참고),50.0,0.02200073636889101,0.2007995754689693,0.2228003118378603,25.0,10.0,0.008912012473514412,10:1 통과,,1.0,"배율 calibrated 20 ppm, seam 2개; mode area (csv)"
보수-100,M66,area,calibrated,위치,위치,223.60679774997897,0.006593678718548415,0.1625423038182337,0.1691359825367821,50.0,20.0,0.003382719650735642,10:1 통과,,1.0,"배율 calibrated 20 ppm, seam 2개; mode area (csv)"
보수-100,M67,area,industrial,국소높이,높이,0.0,-0.022360403062636338,2.717875264458581,2.7402356675212176,5.0,2.0,0.5480471335042435,4:1 통과,,1.0,"배율 industrial 100 ppm, seam 2개; mode area (csv)"
보수-100,M67,area,industrial,단차,높이(참고),-20.0,0.06032470703125,1.7255105861240636,1.7858352931553136,5.0,2.0,0.35716705863106274,10:1 통과,,1.0,"배율 industrial 100 ppm, seam 2개; mode area (csv)"
보수-100,M67,area,industrial,국소선폭,윤곽,40.0,-7.541425541401909,3.2309070554827164,10.772332596884626,10.0,4.0,1.0772332596884626,불합격,경계,1.0,"배율 industrial 100 ppm, seam 2개; mode area (csv)"
보수-100,M67,area,industrial,선폭,윤곽(참고),40.0,-7.543428387033148,3.077908734910876,10.621337121944023,10.0,4.0,1.0621337121944023,불합격,경계,1.0,"배율 industrial 100 ppm, seam 2개; mode area (csv)"
보수-100,M67,area,industrial,구멍지름,치수,-100.0,-0.06408343128214256,0.8197581084762477,0.8838415397583903,25.0,10.0,0.035353661590335615,10:1 통과,,1.0,"배율 industrial 100 ppm, seam 2개; mode area (csv)"
보수-100,M67,area,industrial,길이40,치수,0.0,0.0,20.713280763799826,20.713280763799826,25.0,10.0,0.8285312305519931,4:1 통과,,1.0,"해석 계산; 배율 industrial 100 ppm, seam 2개; mode area (csv)"
보수-100,M67,area,industrial,경계,윤곽(참고),50.0,0.03204171564107128,0.4098790542381239,0.44192076987919515,25.0,10.0,0.017676830795167808,10:1 통과,,1.0,"배율 industrial 100 ppm, seam 2개; mode area (csv)"
보수-100,M67,area,industrial,위치,위치,223.60679774997897,0.0028459660782958634,0.1809882607145898,0.18383422679288566,50.0,20.0,0.003676684535857713,10:1 통과,,1.0,"배율 industrial 100 ppm, seam 2개; mode area (csv)"
보수-100,M68,area,industrial,국소높이,높이,0.0,-0.035583014285962375,2.7610417956670386,2.796624809953001,5.0,2.0,0.5593249619906002,4:1 통과,,1.0,"배율 industrial 100 ppm, seam 3개; mode area (csv)"
보수-100,M68,area,industrial,단차,높이(참고),-20.0,-0.26641815185546874,2.013672250667586,2.280090402523055,5.0,2.0,0.45601808050461096,4:1 통과,,1.0,"배율 industrial 100 ppm, seam 3개; mode area (csv)"
보수-100,M68,area,industrial,국소선폭,윤곽,40.0,-5.482465900350474,2.4645222606278967,7.94698816097837,10.0,4.0,0.794698816097837,4:1 통과,,1.0,"배율 industrial 100 ppm, seam 3개; mode area (csv)"
보수-100,M68,area,industrial,선폭,윤곽(참고),40.0,-5.4828694628576296,2.325922704212318,7.808792167069948,10.0,4.0,0.7808792167069948,4:1 통과,,1.0,"배율 industrial 100 ppm, seam 3개; mode area (csv)"
보수-100,M68,area,industrial,구멍지름,치수,-100.0,0.02134720606622068,0.8479776014986964,0.869324807564917,25.0,10.0,0.03477299230259668,10:1 통과,,1.0,"배율 industrial 100 ppm, seam 3개; mode area (csv)"
보수-100,M68,area,industrial,길이40,치수,0.0,0.0,15.609825965290794,15.609825965290794,25.0,10.0,0.6243930386116318,4:1 통과,,1.0,"해석 계산; 배율 industrial 100 ppm, seam 3개; mode area (csv)"
보수-100,M68,area,industrial,경계,윤곽(참고),50.0,-0.01067360303311034,0.4239888007493482,0.4346624037824585,25.0,10.0,0.01738649615129834,10:1 통과,,1.0,"배율 industrial 100 ppm, seam 3개; mode area (csv)"
보수-100,M68,area,industrial,위치,위치,223.60679774997897,0.011545735705970587,0.11953307532882837,0.13107881103479896,50.0,20.0,0.0026215762206959793,10:1 통과,,1.0,"배율 industrial 100 ppm, seam 3개; mode area (csv)"
보수-100,M69,area,industrial,국소높이,높이,0.0,5.32764415115118,82.9695831570555,88.29722730820667,5.0,2.0,17.659445461641333,불합격,,1.0,"배율 industrial 100 ppm, seam 0개; mode area (csv)"
보수-100,M69,area,industrial,단차,높이(참고),-20.0,-0.46775054931640625,47.92649172362662,48.394242272943025,5.0,2.0,9.678848454588605,불합격,,1.0,"배율 industrial 100 ppm, seam 0개; mode area (csv)"
보수-100,M69,area,industrial,국소선폭,윤곽,40.0,-11.938011700744172,858.6226434968606,870.5606551976048,10.0,4.0,87.05606551976048,불합격,,0.98,"배율 industrial 100 ppm, seam 0개; mode area (csv)"
보수-100,M69,area,industrial,선폭,윤곽(참고),40.0,,,,10.0,4.0,,측정 불가,,0.76,"배율 industrial 100 ppm, seam 0개; mode area (csv)"
보수-100,M69,area,industrial,구멍지름,치수,-100.0,-1.7005206567565256,14.354228645056128,16.054749301812656,25.0,10.0,0.6421899720725063,4:1 통과,,1.0,"배율 industrial 100 ppm, seam 0개; mode area (csv)"
보수-100,M69,area,industrial,길이40,치수,0.0,0.0,99.93331109628393,99.93331109628393,25.0,10.0,3.997332443851357,불합격,,1.0,"해석 계산; 배율 industrial 100 ppm, seam 0개; mode area (csv)"
보수-100,M69,area,industrial,경계,윤곽(참고),50.0,0.8502603283782628,7.177114322528064,8.027374650906328,25.0,10.0,0.32109498603625314,10:1 통과,,1.0,"배율 industrial 100 ppm, seam 0개; mode area (csv)"
보수-100,M69,area,industrial,위치,위치,223.60679774997897,0.17142735103702225,3.9700178739398897,4.141445224976912,50.0,20.0,0.08282890449953824,10:1 통과,,1.0,"배율 industrial 100 ppm, seam 0개; mode area (csv)"
보수-100,M70,area,industrial,국소높이,높이,0.0,-1.6551067646563054,149.09254647273977,150.74765323739607,5.0,2.0,30.149530647479214,불합격,,1.0,"배율 industrial 100 ppm, seam 0개; mode area (csv)"
보수-100,M70,area,industrial,단차,높이(참고),-20.0,-2.9514508056640625,93.40689114969993,96.358341955364,5.0,2.0,19.2716683910728,불합격,,1.0,"배율 industrial 100 ppm, seam 0개; mode area (csv)"
보수-100,M70,area,industrial,국소선폭,윤곽,40.0,67.14500738057278,1034.4550107944365,1101.6000181750092,10.0,4.0,110.16000181750091,불합격,,0.98,"배율 industrial 100 ppm, seam 0개; mode area (csv)"
보수-100,M70,area,industrial,선폭,윤곽(참고),40.0,,,,10.0,4.0,,측정 불가,,0.52,"배율 industrial 100 ppm, seam 0개; mode area (csv)"
보수-100,M70,area,industrial,구멍지름,치수,-100.0,-4.94660054207282,27.651216204481763,32.597816746554585,25.0,10.0,1.3039126698621835,불합격,,1.0,"배율 industrial 100 ppm, seam 0개; mode area (csv)"
보수-100,M70,area,industrial,길이40,치수,0.0,0.0,142.29546725036607,142.29546725036607,25.0,10.0,5.691818690014643,불합격,,1.0,"해석 계산; 배율 industrial 100 ppm, seam 0개; mode area (csv)"
보수-100,M70,area,industrial,경계,윤곽(참고),50.0,2.47330027103641,13.825608102240881,16.298908373277293,25.0,10.0,0.6519563349310917,4:1 통과,,1.0,"배율 industrial 100 ppm, seam 0개; mode area (csv)"
보수-100,M70,area,industrial,위치,위치,223.60679774997897,0.5377724418813203,11.055616051382728,11.593388493264047,50.0,20.0,0.23186776986528096,10:1 통과,,1.0,"배율 industrial 100 ppm, seam 0개; mode area (csv)"
보수-100,M71,area,industrial,국소높이,높이,0.0,-0.32642851875275375,74.18042726334409,74.50685578209684,5.0,2.0,14.901371156419367,불합격,,1.0,"배율 industrial 100 ppm, seam 0개; mode area (csv)"
보수-100,M71,area,industrial,단차,높이(참고),-20.0,-1.0646124267578125,45.71550496010072,46.780117386858535,5.0,2.0,9.356023477371707,불합격,,1.0,"배율 industrial 100 ppm, seam 0개; mode area (csv)"
보수-100,M71,area,industrial,국소선폭,윤곽,40.0,107.7099699378093,360.60361968678455,468.3135896245939,10.0,4.0,46.83135896245939,불합격,,1.0,"배율 industrial 100 ppm, seam 0개; mode area (csv)"
보수-100,M71,area,industrial,선폭,윤곽(참고),40.0,126.18021669832707,356.1403950345574,482.32061173288446,10.0,4.0,48.23206117328844,불합격,,0.96,"배율 industrial 100 ppm, seam 0개; mode area (csv)"
보수-100,M71,area,industrial,구멍지름,치수,-100.0,-2.3851190504165696,32.023391384196984,34.408510434613554,25.0,10.0,1.3763404173845422,불합격,,1.0,"배율 industrial 100 ppm, seam 0개; mode area (csv)"
보수-100,M71,area,industrial,길이40,치수,0.0,0.0,139.03476783404454,139.03476783404454,25.0,10.0,5.5613907133617815,불합격,,1.0,"해석 계산; 배율 industrial 100 ppm, seam 0개; mode area (csv)"
보수-100,M71,area,industrial,경계,윤곽(참고),50.0,1.1925595252082848,16.011695692098492,17.204255217306777,25.0,10.0,0.6881702086922711,4:1 통과,,1.0,"배율 industrial 100 ppm, seam 0개; mode area (csv)"
보수-100,M71,area,industrial,위치,위치,223.60679774997897,0.9938027301614585,8.362030492264498,9.355833222425957,50.0,20.0,0.18711666444851915,10:1 통과,,1.0,"배율 industrial 100 ppm, seam 0개; mode area (csv)"
보수-100,M72,area,industrial,국소높이,높이,0.0,0.2851451726941159,12.123917621503901,12.409062794198018,5.0,2.0,2.4818125588396036,불합격,,1.0,"배율 industrial 100 ppm, seam 0개; mode area (csv)"
보수-100,M72,area,industrial,단차,높이(참고),-20.0,-0.3692559814453125,8.634952898111562,9.004208879556876,5.0,2.0,1.800841775911375,불합격,,1.0,"배율 industrial 100 ppm, seam 0개; mode area (csv)"
보수-100,M72,area,industrial,국소선폭,윤곽,40.0,-5.801770496872484,15.128444947487498,20.93021544435998,10.0,4.0,2.093021544435998,불합격,,1.0,"배율 industrial 100 ppm, seam 0개; mode area (csv)"
보수-100,M72,area,industrial,선폭,윤곽(참고),40.0,-5.439166880488739,11.292322179155219,16.73148905964396,10.0,4.0,1.6731489059643958,불합격,,1.0,"배율 industrial 100 ppm, seam 0개; mode area (csv)"
보수-100,M72,area,industrial,구멍지름,치수,-100.0,-1.4313093602332083,4.288501007156736,5.719810367389944,25.0,10.0,0.22879241469559777,10:1 통과,,1.0,"배율 industrial 100 ppm, seam 0개; mode area (csv)"
보수-100,M72,area,industrial,길이40,치수,0.0,0.0,41.60128203152719,41.60128203152719,25.0,10.0,1.6640512812610877,불합격,,1.0,"해석 계산; 배율 industrial 100 ppm, seam 0개; mode area (csv)"
보수-100,M72,area,industrial,경계,윤곽(참고),50.0,0.7156546801166042,2.144250503578368,2.859905183694972,25.0,10.0,0.11439620734779889,10:1 통과,,1.0,"배율 industrial 100 ppm, seam 0개; mode area (csv)"
보수-100,M72,area,industrial,위치,위치,223.60679774997897,0.1633264602536405,4.299754095833163,4.463080556086803,50.0,20.0,0.08926161112173606,10:1 통과,,1.0,"배율 industrial 100 ppm, seam 0개; mode area (csv)"
보수-100,M73,area,calibrated,국소높이,높이,0.0,0.28983001306441064,4.032631755933139,4.322461768997549,5.0,2.0,0.8644923537995097,4:1 통과,,1.0,"배율 calibrated 20 ppm, seam 0개; mode area (csv)"
보수-100,M73,area,calibrated,단차,높이(참고),-20.0,0.14102630615234374,3.178721934959667,3.3197482411120105,5.0,2.0,0.6639496482224021,4:1 통과,,1.0,"배율 calibrated 20 ppm, seam 0개; mode area (csv)"
보수-100,M73,area,calibrated,국소선폭,윤곽,40.0,-11.255744714227209,4.748835777537055,16.004580491764266,10.0,4.0,1.6004580491764266,불합격,,1.0,"배율 calibrated 20 ppm, seam 0개; mode area (csv)"
보수-100,M73,area,calibrated,선폭,윤곽(참고),40.0,-11.245013660605105,4.192423050357932,15.437436710963038,10.0,4.0,1.5437436710963037,불합격,,1.0,"배율 calibrated 20 ppm, seam 0개; mode area (csv)"
보수-100,M73,area,calibrated,구멍지름,치수,-100.0,-0.20192078564095028,1.4052441144103676,1.607164900051318,25.0,10.0,0.06428659600205272,10:1 통과,,1.0,"배율 calibrated 20 ppm, seam 0개; mode area (csv)"
보수-100,M73,area,calibrated,길이40,치수,0.0,0.0,24.547097588106013,24.547097588106013,25.0,10.0,0.9818839035242405,4:1 통과,,1.0,"해석 계산; 배율 calibrated 20 ppm, seam 0개; mode area (csv)"
보수-100,M73,area,calibrated,경계,윤곽(참고),50.0,0.10096039282047514,0.7026220572051838,0.803582450025659,25.0,10.0,0.03214329800102636,10:1 통과,,1.0,"배율 calibrated 20 ppm, seam 0개; mode area (csv)"
보수-100,M73,area,calibrated,위치,위치,223.60679774997897,0.1646212837394469,1.3587352747490018,1.5233565584884488,50.0,20.0,0.030467131169768975,10:1 통과,,1.0,"배율 calibrated 20 ppm, seam 0개; mode area (csv)"
보수-100,M74,area,calibrated,국소높이,높이,0.0,-3.0129748222596944,34.70432728608845,37.71730210834814,5.0,2.0,7.543460421669629,불합격,,1.0,"배율 calibrated 20 ppm, seam 0개; mode area (csv)"
보수-100,M74,area,calibrated,단차,높이(참고),-20.0,2.884136962890625,27.985339629566695,30.86947659245732,5.0,2.0,6.173895318491464,불합격,,1.0,"배율 calibrated 20 ppm, seam 0개; mode area (csv)"
보수-100,M74,area,calibrated,국소선폭,윤곽,40.0,9.424301795485428,43.402969146927326,52.82727094241275,10.0,4.0,5.282727094241276,불합격,,1.0,"배율 calibrated 20 ppm, seam 0개; mode area (csv)"
보수-100,M74,area,calibrated,선폭,윤곽(참고),40.0,12.23944416999303,20.460059042122975,32.69950321211601,10.0,4.0,3.2699503212116006,불합격,,1.0,"배율 calibrated 20 ppm, seam 0개; mode area (csv)"
보수-100,M74,area,calibrated,구멍지름,치수,-100.0,-0.4000190659271175,1.1713243620654605,1.571343427992578,25.0,10.0,0.06285373711970312,10:1 통과,,1.0,"배율 calibrated 20 ppm, seam 0개; mode area (csv)"
보수-100,M74,area,calibrated,길이40,치수,0.0,0.0,20.47502543750964,20.47502543750964,25.0,10.0,0.8190010175003856,4:1 통과,,1.0,"해석 계산; 배율 calibrated 20 ppm, seam 0개; mode area (csv)"
보수-100,M74,area,calibrated,경계,윤곽(참고),50.0,0.20000953296355875,0.5856621810327303,0.785671713996289,25.0,10.0,0.03142686855985156,10:1 통과,,1.0,"배율 calibrated 20 ppm, seam 0개; mode area (csv)"
보수-100,M74,area,calibrated,위치,위치,223.60679774997897,0.5496131034433631,6.861549904561389,7.411163008004752,50.0,20.0,0.14822326016009504,10:1 통과,,1.0,"배율 calibrated 20 ppm, seam 0개; mode area (csv)"
보수-100,M75,area,industrial,국소높이,높이,0.0,0.7986330360582923,34.14311062996983,34.941743666028124,5.0,2.0,6.988348733205624,불합격,,1.0,"배율 industrial 100 ppm, seam 0개; mode area (csv)"
보수-100,M75,area,industrial,단차,높이(참고),-20.0,0.40753509521484377,29.21270536806584,29.620240463280684,5.0,2.0,5.924048092656137,불합격,,1.0,"배율 industrial 100 ppm, seam 0개; mode area (csv)"
보수-100,M75,area,industrial,국소선폭,윤곽,40.0,-0.25101232287029535,35.19182656468084,35.44283888755113,10.0,4.0,3.544283888755113,불합격,,1.0,"배율 industrial 100 ppm, seam 0개; mode area (csv)"
보수-100,M75,area,industrial,선폭,윤곽(참고),40.0,1.5080767475956247,16.510475978175112,18.018552725770736,10.0,4.0,1.8018552725770736,불합격,,1.0,"배율 industrial 100 ppm, seam 0개; mode area (csv)"
보수-100,M75,area,industrial,구멍지름,치수,-100.0,-0.20840813869853264,0.6493953155500073,0.85780345424854,25.0,10.0,0.0343121381699416,10:1 통과,,1.0,"배율 industrial 100 ppm, seam 0개; mode area (csv)"
보수-100,M75,area,industrial,길이40,치수,0.0,0.0,18.18424226264781,18.18424226264781,25.0,10.0,0.7273696905059124,4:1 통과,,1.0,"해석 계산; 배율 industrial 100 ppm, seam 0개; mode area (csv)"
보수-100,M75,area,industrial,경계,윤곽(참고),50.0,0.10420406934926632,0.32469765777500365,0.42890172712427,25.0,10.0,0.0171560690849708,10:1 통과,,1.0,"배율 industrial 100 ppm, seam 0개; mode area (csv)"
보수-100,M75,area,industrial,위치,위치,223.60679774997897,0.4659068672355832,5.9709815970088265,6.43688846424441,50.0,20.0,0.1287377692848882,10:1 통과,,1.0,"배율 industrial 100 ppm, seam 0개; mode area (csv)"
보수-100,M76,area,industrial,국소높이,높이,0.0,0.4979051638354511,14.705242485722268,15.20314764955772,5.0,2.0,3.040629529911544,불합격,,1.0,"배율 industrial 100 ppm, seam 0개; mode area (csv)"
보수-100,M76,area,industrial,단차,높이(참고),-20.0,-0.35795440673828127,9.647890633706432,10.005845040444713,5.0,2.0,2.001169008088943,불합격,,1.0,"배율 industrial 100 ppm, seam 0개; mode area (csv)"
보수-100,M76,area,industrial,국소선폭,윤곽,40.0,-7.641467561387421,14.842739895789324,22.484207457176744,10.0,4.0,2.2484207457176746,불합격,,1.0,"배율 industrial 100 ppm, seam 0개; mode area (csv)"
보수-100,M76,area,industrial,선폭,윤곽(참고),40.0,-7.161904722069231,9.940284174609213,17.10218889667844,10.0,4.0,1.710218889667844,불합격,,1.0,"배율 industrial 100 ppm, seam 0개; mode area (csv)"
보수-100,M76,area,industrial,구멍지름,치수,-100.0,-0.2569086936045642,2.944269794291556,3.20117848789612,25.0,10.0,0.1280471395158448,10:1 통과,,1.0,"배율 industrial 100 ppm, seam 0개; mode area (csv)"
보수-100,M76,area,industrial,길이40,치수,0.0,0.0,33.62538723444931,33.62538723444931,25.0,10.0,1.3450154893779724,불합격,,1.0,"해석 계산; 배율 industrial 100 ppm, seam 0개; mode area (csv)"
보수-100,M76,area,industrial,경계,윤곽(참고),50.0,0.1284543468022821,1.472134897145778,1.60058924394806,25.0,10.0,0.0640235697579224,10:1 통과,,1.0,"배율 industrial 100 ppm, seam 0개; mode area (csv)"
보수-100,M76,area,industrial,위치,위치,223.60679774997897,0.3039778732433111,3.0515634135202303,3.3555412867635415,50.0,20.0,0.06711082573527083,10:1 통과,,1.0,"배율 industrial 100 ppm, seam 0개; mode area (csv)"
보수-100,M77,area,industrial,국소높이,높이,0.0,-0.7684618532598428,14.635341432625644,15.403803285885488,5.0,2.0,3.0807606571770974,불합격,,1.0,"배율 industrial 100 ppm, seam 0개; mode area (csv)"
보수-100,M77,area,industrial,단차,높이(참고),-20.0,-1.5893936157226562,9.372522328904319,10.961915944626975,5.0,2.0,2.192383188925395,불합격,,1.0,"배율 industrial 100 ppm, seam 0개; mode area (csv)"
보수-100,M77,area,industrial,국소선폭,윤곽,40.0,-7.338307764894099,14.418461878111772,21.75676964300587,10.0,4.0,2.175676964300587,불합격,,1.0,"배율 industrial 100 ppm, seam 0개; mode area (csv)"
보수-100,M77,area,industrial,선폭,윤곽(참고),40.0,-7.03802088286028,9.834770620174929,16.87279150303521,10.0,4.0,1.687279150303521,불합격,,1.0,"배율 industrial 100 ppm, seam 0개; mode area (csv)"
보수-100,M77,area,industrial,구멍지름,치수,-100.0,-0.6401338243617556,2.923586485188837,3.5637203095505923,25.0,10.0,0.1425488123820237,10:1 통과,,1.0,"배율 industrial 100 ppm, seam 0개; mode area (csv)"
보수-100,M77,area,industrial,길이40,치수,0.0,0.0,33.62538723444931,33.62538723444931,25.0,10.0,1.3450154893779724,불합격,,1.0,"해석 계산; 배율 industrial 100 ppm, seam 0개; mode area (csv)"
보수-100,M77,area,industrial,경계,윤곽(참고),50.0,0.3200669121808778,1.4617932425944185,1.7818601547752961,25.0,10.0,0.07127440619101184,10:1 통과,,1.0,"배율 industrial 100 ppm, seam 0개; mode area (csv)"
보수-100,M77,area,industrial,위치,위치,223.60679774997897,0.2699111983875833,3.1258136213149545,3.395724819702538,50.0,20.0,0.06791449639405076,10:1 통과,,1.0,"배율 industrial 100 ppm, seam 0개; mode area (csv)"
보수-100,M78,area,industrial,국소높이,높이,0.0,4.329947601465385,53.231016511701256,57.56096411316664,5.0,2.0,11.512192822633327,불합격,,1.0,"배율 industrial 100 ppm, seam 0개; mode area (csv)"
보수-100,M78,area,industrial,단차,높이(참고),-20.0,3.5422433471679686,40.55177329250012,44.09401663966809,5.0,2.0,8.818803327933619,불합격,,1.0,"배율 industrial 100 ppm, seam 0개; mode area (csv)"
보수-100,M78,area,industrial,국소선폭,윤곽,40.0,14.801636241946625,83.3508331036332,98.15246934557983,10.0,4.0,9.815246934557983,불합격,,1.0,"배율 industrial 100 ppm, seam 0개; mode area (csv)"
보수-100,M78,area,industrial,선폭,윤곽(참고),40.0,19.22192358572353,44.423041193491414,63.644964779214945,10.0,4.0,6.364496477921494,불합격,,1.0,"배율 industrial 100 ppm, seam 0개; mode area (csv)"
보수-100,M78,area,industrial,구멍지름,치수,-100.0,-2.1635130080406815,10.59006922256464,12.753582230605321,25.0,10.0,0.5101432892242128,4:1 통과,,1.0,"배율 industrial 100 ppm, seam 0개; mode area (csv)"
보수-100,M78,area,industrial,길이40,치수,0.0,0.0,69.86176827612272,69.86176827612272,25.0,10.0,2.7944707310449086,불합격,,1.0,"해석 계산; 배율 industrial 100 ppm, seam 0개; mode area (csv)"
보수-100,M78,area,industrial,경계,윤곽(참고),50.0,1.0817565040203407,5.29503461128232,6.376791115302661,25.0,10.0,0.2550716446121064,10:1 통과,,1.0,"배율 industrial 100 ppm, seam 0개; mode area (csv)"
보수-100,M78,area,industrial,위치,위치,223.60679774997897,0.19658196219131233,4.480477366409691,4.677059328601003,50.0,20.0,0.09354118657202007,10:1 통과,,1.0,"배율 industrial 100 ppm, seam 0개; mode area (csv)"
보수-100,M79,area,calibrated,국소높이,높이,0.0,-0.10995060260672836,7.215432782277976,7.325383384884704,5.0,2.0,1.4650766769769408,불합격,,1.0,"배율 calibrated 20 ppm, seam 0개; mode area (csv)"
보수-100,M79,area,calibrated,단차,높이(참고),-20.0,-0.3015658569335937,5.0497062678403415,5.351272124773935,5.0,2.0,1.070254424954787,불합격,경계,1.0,"배율 calibrated 20 ppm, seam 0개; mode area (csv)"
보수-100,M79,area,calibrated,국소선폭,윤곽,40.0,-5.569139779786081,12.607685328792943,18.176825108579024,10.0,4.0,1.8176825108579024,불합격,,1.0,"배율 calibrated 20 ppm, seam 0개; mode area (csv)"
보수-100,M79,area,calibrated,선폭,윤곽(참고),40.0,-5.5566385630845545,11.798527469970573,17.355166033055127,10.0,4.0,1.7355166033055127,불합격,,1.0,"배율 calibrated 20 ppm, seam 0개; mode area (csv)"
보수-100,M79,area,calibrated,구멍지름,치수,-100.0,-0.14987707072922604,1.5616732149155472,1.7115502856447733,25.0,10.0,0.06846201142579093,10:1 통과,,1.0,"배율 calibrated 20 ppm, seam 0개; mode area (csv)"
보수-100,M79,area,calibrated,길이40,치수,0.0,0.0,20.47502543750964,20.47502543750964,25.0,10.0,0.8190010175003856,4:1 통과,,1.0,"해석 계산; 배율 calibrated 20 ppm, seam 0개; mode area (csv)"
보수-100,M79,area,calibrated,경계,윤곽(참고),50.0,0.07493853536461302,0.7808366074577736,0.8557751428223866,25.0,10.0,0.03423100571289547,10:1 통과,,1.0,"배율 calibrated 20 ppm, seam 0개; mode area (csv)"
보수-100,M79,area,calibrated,위치,위치,223.60679774997897,0.11737832147718404,0.8750758341465433,0.9924541556237274,50.0,20.0,0.019849083112474547,10:1 통과,,1.0,"배율 calibrated 20 ppm, seam 0개; mode area (csv)"
보수-100,M80,area,calibrated,국소높이,높이,0.0,-0.01221245995422588,1.3226231728514921,1.334835632805718,5.0,2.0,0.26696712656114363,10:1 통과,,1.0,"xy_step 1.38 < 2 µm → 2 µm 로 처리; 배율 calibrated 20 ppm, seam 14개; mode area (csv)"
보수-100,M80,area,calibrated,단차,높이(참고),-20.0,-0.0095379638671875,0.8544490966572936,0.8639870605244812,5.0,2.0,0.17279741210489624,10:1 통과,,1.0,"xy_step 1.38 < 2 µm → 2 µm 로 처리; 배율 calibrated 20 ppm, seam 14개; mode area (csv)"
보수-100,M80,area,calibrated,국소선폭,윤곽,40.0,-18.017198585508535,1.010786364728844,19.02798495023738,10.0,4.0,1.9027984950237378,불합격,,1.0,"xy_step 1.38 < 2 µm → 2 µm 로 처리; 배율 calibrated 20 ppm, seam 14개; mode area (csv)"
보수-100,M80,area,calibrated,선폭,윤곽(참고),40.0,-18.019440971372966,0.9700786231326994,18.989519594505666,10.0,4.0,1.8989519594505666,불합격,,1.0,"xy_step 1.38 < 2 µm → 2 µm 로 처리; 배율 calibrated 20 ppm, seam 14개; mode area (csv)"
보수-100,M80,area,calibrated,구멍지름,치수,-100.0,-0.058030914085084075,0.1805966570795363,0.23862757116462036,25.0,10.0,0.009545102846584814,10:1 통과,,1.0,"xy_step 1.38 < 2 µm → 2 µm 로 처리; 배율 calibrated 20 ppm, seam 14개; mode area (csv)"
보수-100,M80,area,calibrated,길이40,치수,0.0,0.0,7.824747067264645,7.824747067264645,25.0,10.0,0.3129898826905858,10:1 통과,,1.0,"해석 계산; xy_step 1.38 < 2 µm → 2 µm 로 처리; 배율 calibrated 20 ppm, seam 14개; mode area (csv)"
보수-100,M80,area,calibrated,경계,윤곽(참고),50.0,0.029015457042542037,0.09029832853976814,0.11931378558231018,25.0,10.0,0.004772551423292407,10:1 통과,,1.0,"xy_step 1.38 < 2 µm → 2 µm 로 처리; 배율 calibrated 20 ppm, seam 14개; mode area (csv)"
보수-100,M80,area,calibrated,위치,위치,223.60679774997897,0.08186811829747234,1.183356519939427,1.2652246382368992,50.0,20.0,0.025304492764737986,10:1 통과,,1.0,"xy_step 1.38 < 2 µm → 2 µm 로 처리; 배율 calibrated 20 ppm, seam 14개; mode area (csv)"
보수-100,M81,area,calibrated,국소높이,높이,0.0,0.025248273894378254,0.31328721579497754,0.33853548968935576,5.0,2.0,0.06770709793787115,10:1 통과,,1.0,"배율 calibrated 20 ppm, seam 15개; mode area (csv)"
보수-100,M81,area,calibrated,단차,높이(참고),-20.0,-0.0076763916015625,0.2439853949990623,0.2516617866006248,5.0,2.0,0.05033235732012496,10:1 통과,,1.0,"배율 calibrated 20 ppm, seam 15개; mode area (csv)"
보수-100,M81,area,calibrated,국소선폭,윤곽,40.0,-84.84026959135686,1.4240708966358324,86.26434048799268,10.0,4.0,8.626434048799268,불합격,,1.0,"배율 calibrated 20 ppm, seam 15개; mode area (csv)"
보수-100,M81,area,calibrated,선폭,윤곽(참고),40.0,-84.84031214155279,1.4338745740269818,86.27418671557977,10.0,4.0,8.627418671557978,불합격,,1.0,"배율 calibrated 20 ppm, seam 15개; mode area (csv)"
보수-100,M81,area,calibrated,구멍지름,치수,-100.0,0.018098427415125115,0.17326937248082977,0.19136779989595487,25.0,10.0,0.007654711995838195,10:1 통과,,1.0,"배율 calibrated 20 ppm, seam 15개; mode area (csv)"
보수-100,M81,area,calibrated,길이40,치수,0.0,0.0,10.414733153886694,10.414733153886694,25.0,10.0,0.41658932615546773,4:1 통과,,1.0,"해석 계산; 배율 calibrated 20 ppm, seam 15개; mode area (csv)"
보수-100,M81,area,calibrated,경계,윤곽(참고),50.0,-0.009049213707562558,0.08663468624041488,0.09568389994797744,25.0,10.0,0.0038273559979190973,10:1 통과,,1.0,"배율 calibrated 20 ppm, seam 15개; mode area (csv)"
보수-100,M81,area,calibrated,위치,위치,223.60679774997897,0.019349547966446425,0.11862684871754259,0.137976396683989,50.0,20.0,0.00275952793367978,10:1 통과,,1.0,"배율 calibrated 20 ppm, seam 15개; mode area (csv)"
보수-100,M82,area,industrial,국소높이,높이,0.0,0.23601132812143405,4.837225440121445,5.07323676824288,5.0,2.0,1.0146473536485758,불합격,경계,1.0,"xy_step 1.06 < 2 µm → 2 µm 로 처리; 배율 industrial 100 ppm, seam 17개; mode area (csv)"
보수-100,M82,area,industrial,단차,높이(참고),-20.0,0.05777557373046875,2.768396776449503,2.826172350179972,5.0,2.0,0.5652344700359944,4:1 통과,,1.0,"xy_step 1.06 < 2 µm → 2 µm 로 처리; 배율 industrial 100 ppm, seam 17개; mode area (csv)"
보수-100,M82,area,industrial,국소선폭,윤곽,40.0,-0.09388897726652475,1.4345833976046793,1.5284723748712041,10.0,4.0,0.15284723748712042,10:1 통과,,1.0,"xy_step 1.06 < 2 µm → 2 µm 로 처리; 배율 industrial 100 ppm, seam 17개; mode area (csv)"
보수-100,M82,area,industrial,선폭,윤곽(참고),40.0,-0.09677608058055398,0.556576353094825,0.653352433675379,10.0,4.0,0.0653352433675379,10:1 통과,,1.0,"xy_step 1.06 < 2 µm → 2 µm 로 처리; 배율 industrial 100 ppm, seam 17개; mode area (csv)"
보수-100,M82,area,industrial,구멍지름,치수,-100.0,0.08522495529135994,0.8694456788621634,0.9546706341535234,25.0,10.0,0.03818682536614094,10:1 통과,,1.0,"xy_step 1.06 < 2 µm → 2 µm 로 처리; 배율 industrial 100 ppm, seam 17개; mode area (csv)"
보수-100,M82,area,industrial,길이40,치수,0.0,0.0,11.604596790352806,11.604596790352806,25.0,10.0,0.46418387161411223,4:1 통과,,1.0,"해석 계산; xy_step 1.06 < 2 µm → 2 µm 로 처리; 배율 industrial 100 ppm, seam 17개; mode area (csv)"
보수-100,M82,area,industrial,경계,윤곽(참고),50.0,-0.04261247764567997,0.4347228394310817,0.4773353170767617,25.0,10.0,0.01909341268307047,10:1 통과,,1.0,"xy_step 1.06 < 2 µm → 2 µm 로 처리; 배율 industrial 100 ppm, seam 17개; mode area (csv)"
보수-100,M82,area,industrial,위치,위치,223.60679774997897,0.13906225190325422,1.145836197719401,1.2848984496226552,50.0,20.0,0.025697968992453104,10:1 통과,,1.0,"xy_step 1.06 < 2 µm → 2 µm 로 처리; 배율 industrial 100 ppm, seam 17개; mode area (csv)"
보수-100,M83,area,industrial,국소높이,높이,0.0,-0.17882867344812797,3.196919697185524,3.375748370633652,5.0,2.0,0.6751496741267304,4:1 통과,,1.0,"xy_step 1.6 < 2 µm → 2 µm 로 처리; 배율 industrial 100 ppm, seam 20개; mode area (csv)"
보수-100,M83,area,industrial,단차,높이(참고),-20.0,-0.1892877197265625,2.4777562145620036,2.667043934288566,5.0,2.0,0.5334087868577132,4:1 통과,,1.0,"xy_step 1.6 < 2 µm → 2 µm 로 처리; 배율 industrial 100 ppm, seam 20개; mode area (csv)"
보수-100,M83,area,industrial,국소선폭,윤곽,40.0,-0.043370069212599054,1.000360679203867,1.0437307484164662,10.0,4.0,0.10437307484164662,10:1 통과,,1.0,"xy_step 1.6 < 2 µm → 2 µm 로 처리; 배율 industrial 100 ppm, seam 20개; mode area (csv)"
보수-100,M83,area,industrial,선폭,윤곽(참고),40.0,-0.03919171564702879,0.4715759605425647,0.5107676761895935,10.0,4.0,0.05107676761895935,10:1 통과,,1.0,"xy_step 1.6 < 2 µm → 2 µm 로 처리; 배율 industrial 100 ppm, seam 20개; mode area (csv)"
보수-100,M83,area,industrial,구멍지름,치수,-100.0,-0.004201264092471319,0.781450624551906,0.7856518886443773,25.0,10.0,0.03142607554577509,10:1 통과,,1.0,"xy_step 1.6 < 2 µm → 2 µm 로 처리; 배율 industrial 100 ppm, seam 20개; mode area (csv)"
보수-100,M83,area,industrial,길이40,치수,0.0,0.0,12.110601416389967,12.110601416389967,25.0,10.0,0.4844240566555987,4:1 통과,,1.0,"해석 계산; xy_step 1.6 < 2 µm → 2 µm 로 처리; 배율 industrial 100 ppm, seam 20개; mode area (csv)"
보수-100,M83,area,industrial,경계,윤곽(참고),50.0,0.0021006320462356597,0.390725312275953,0.39282594432218865,25.0,10.0,0.015713037772887545,10:1 통과,,1.0,"xy_step 1.6 < 2 µm → 2 µm 로 처리; 배율 industrial 100 ppm, seam 20개; mode area (csv)"
보수-100,M83,area,industrial,위치,위치,223.60679774997897,0.03484655896746682,1.2709137719194994,1.3057603308869663,50.0,20.0,0.026115206617739327,10:1 통과,,1.0,"xy_step 1.6 < 2 µm → 2 µm 로 처리; 배율 industrial 100 ppm, seam 20개; mode area (csv)"
보수-100,M84,area,calibrated,국소높이,높이,0.0,-0.03299944232461109,0.856025095257691,0.889024537582302,5.0,2.0,0.17780490751646041,10:1 통과,,1.0,"배율 calibrated 20 ppm, seam 10개; mode area (csv)"
보수-100,M84,area,calibrated,단차,높이(참고),-20.0,-0.01159820556640625,0.544349137309351,0.5559473428757572,5.0,2.0,0.11118946857515144,10:1 통과,,1.0,"배율 calibrated 20 ppm, seam 10개; mode area (csv)"
보수-100,M84,area,calibrated,국소선폭,윤곽,40.0,-84.80731133448798,0.6853708730046928,85.49268220749266,10.0,4.0,8.549268220749266,불합격,,1.0,"배율 calibrated 20 ppm, seam 10개; mode area (csv)"
보수-100,M84,area,calibrated,선폭,윤곽(참고),40.0,-84.80781146671667,0.5936775719324766,85.40148903864915,10.0,4.0,8.540148903864914,불합격,,1.0,"배율 calibrated 20 ppm, seam 10개; mode area (csv)"
보수-100,M84,area,calibrated,구멍지름,치수,-100.0,-0.018017970956643693,0.1820335469424457,0.2000515178990894,25.0,10.0,0.008002060715963577,10:1 통과,,1.0,"배율 calibrated 20 ppm, seam 10개; mode area (csv)"
보수-100,M84,area,calibrated,길이40,치수,0.0,0.0,10.346993121997649,10.346993121997649,25.0,10.0,0.41387972487990593,4:1 통과,,1.0,"해석 계산; 배율 calibrated 20 ppm, seam 10개; mode area (csv)"
보수-100,M84,area,calibrated,경계,윤곽(참고),50.0,0.009008985478321846,0.09101677347122285,0.1000257589495447,25.0,10.0,0.004001030357981788,10:1 통과,,1.0,"배율 calibrated 20 ppm, seam 10개; mode area (csv)"
보수-100,M84,area,calibrated,위치,위치,223.60679774997897,0.0018421114891435033,0.03296523038095834,0.03480734187010184,50.0,20.0,0.0006961468374020368,10:1 통과,,1.0,"배율 calibrated 20 ppm, seam 10개; mode area (csv)"
보수-100,M85,area,calibrated,국소높이,높이,0.0,0.02658277828885253,0.6706255940699268,0.6972083723587794,5.0,2.0,0.13944167447175587,10:1 통과,,1.0,"배율 calibrated 20 ppm, seam 0개; mode area (csv)"
보수-100,M85,area,calibrated,단차,높이(참고),-20.0,-0.0175048828125,0.4986375527306118,0.5161424355431118,5.0,2.0,0.10322848710862235,10:1 통과,,1.0,"배율 calibrated 20 ppm, seam 0개; mode area (csv)"
보수-100,M85,area,calibrated,국소선폭,윤곽,40.0,-0.6954627777197453,0.8552500809474047,1.5507128586671501,10.0,4.0,0.155071285866715,10:1 통과,,1.0,"배율 calibrated 20 ppm, seam 0개; mode area (csv)"
보수-100,M85,area,calibrated,선폭,윤곽(참고),40.0,-0.6939604379220851,0.8391071698231258,1.533067607745211,10.0,4.0,0.1533067607745211,10:1 통과,,1.0,"배율 calibrated 20 ppm, seam 0개; mode area (csv)"
보수-100,M85,area,calibrated,구멍지름,치수,-100.0,-0.020771840044662895,0.3285607846875603,0.34933262473222315,25.0,10.0,0.013973304989288926,10:1 통과,,1.0,"배율 calibrated 20 ppm, seam 0개; mode area (csv)"
보수-100,M85,area,calibrated,길이40,치수,0.0,0.0,8.320256406305438,8.320256406305438,25.0,10.0,0.3328102562522175,10:1 통과,,1.0,"해석 계산; 배율 calibrated 20 ppm, seam 0개; mode area (csv)"
보수-100,M85,area,calibrated,경계,윤곽(참고),50.0,0.010385920022331447,0.16428039234378014,0.17466631236611158,25.0,10.0,0.006986652494644463,10:1 통과,,1.0,"배율 calibrated 20 ppm, seam 0개; mode area (csv)"
보수-100,M85,area,calibrated,위치,위치,223.60679774997897,0.15218974716779865,1.3814990732987595,1.5336888204665582,50.0,20.0,0.030673776409331163,10:1 통과,,1.0,"배율 calibrated 20 ppm, seam 0개; mode area (csv)"
보수-100,M86,area,calibrated,국소높이,높이,0.0,0.06938922949914454,0.6753026184812866,0.7446918479804311,5.0,2.0,0.14893836959608622,10:1 통과,,1.0,"배율 calibrated 20 ppm, seam 0개; mode area (csv)"
보수-100,M86,area,calibrated,단차,높이(참고),-20.0,-0.03856536865234375,0.42192297158197883,0.4604883402343226,5.0,2.0,0.09209766804686452,10:1 통과,,1.0,"배율 calibrated 20 ppm, seam 0개; mode area (csv)"
보수-100,M86,area,calibrated,국소선폭,윤곽,40.0,-0.7366109441802592,0.7572425644849778,1.4938535086652371,10.0,4.0,0.14938535086652371,10:1 통과,,1.0,"배율 calibrated 20 ppm, seam 0개; mode area (csv)"
보수-100,M86,area,calibrated,선폭,윤곽(참고),40.0,-0.7372951355342536,0.7339100126559517,1.4712051481902053,10.0,4.0,0.14712051481902053,10:1 통과,,1.0,"배율 calibrated 20 ppm, seam 0개; mode area (csv)"
보수-100,M86,area,calibrated,구멍지름,치수,-100.0,0.029391593388854744,0.21197733645835992,0.24136892984721467,25.0,10.0,0.009654757193888587,10:1 통과,,1.0,"배율 calibrated 20 ppm, seam 0개; mode area (csv)"
보수-100,M86,area,calibrated,길이40,치수,0.0,0.0,8.320256406305438,8.320256406305438,25.0,10.0,0.3328102562522175,10:1 통과,,1.0,"해석 계산; 배율 calibrated 20 ppm, seam 0개; mode area (csv)"
보수-100,M86,area,calibrated,경계,윤곽(참고),50.0,-0.014695796694427372,0.10598866822917996,0.12068446492360733,25.0,10.0,0.004827378596944294,10:1 통과,,1.0,"배율 calibrated 20 ppm, seam 0개; mode area (csv)"
보수-100,M86,area,calibrated,위치,위치,223.60679774997897,0.014688331438198405,1.2362849005958758,1.2509732320340743,50.0,20.0,0.025019464640681485,10:1 통과,,1.0,"배율 calibrated 20 ppm, seam 0개; mode area (csv)"
보수-100,M87,area,calibrated,국소높이,높이,0.0,-0.009027241214475294,0.343225737208331,0.3522529784228063,5.0,2.0,0.07045059568456126,10:1 통과,,1.0,"xy_step 1.6 < 2 µm → 2 µm 로 처리; 배율 calibrated 20 ppm, seam 12개; mode area (csv)"
보수-100,M87,area,calibrated,단차,높이(참고),-20.0,0.02600250244140625,0.21486915792449232,0.24087166036589858,5.0,2.0,0.04817433207317971,10:1 통과,,1.0,"xy_step 1.6 < 2 µm → 2 µm 로 처리; 배율 calibrated 20 ppm, seam 12개; mode area (csv)"
보수-100,M87,area,calibrated,국소선폭,윤곽,40.0,-67.84066664051838,0.1491037144549593,67.98977035497333,10.0,4.0,6.798977035497333,불합격,,1.0,"xy_step 1.6 < 2 µm → 2 µm 로 처리; 배율 calibrated 20 ppm, seam 12개; mode area (csv)"
보수-100,M87,area,calibrated,선폭,윤곽(참고),40.0,-67.84041074207103,0.11543806955618072,67.9558488116272,10.0,4.0,6.79558488116272,불합격,,1.0,"xy_step 1.6 < 2 µm → 2 µm 로 처리; 배율 calibrated 20 ppm, seam 12개; mode area (csv)"
보수-100,M87,area,calibrated,구멍지름,치수,-100.0,0.02434991076123879,0.1500918697791682,0.174441780540407,25.0,10.0,0.0069776712216162795,10:1 통과,,1.0,"xy_step 1.6 < 2 µm → 2 µm 로 처리; 배율 calibrated 20 ppm, seam 12개; mode area (csv)"
보수-100,M87,area,calibrated,길이40,치수,0.0,0.0,7.295660810829041,7.295660810829041,25.0,10.0,0.29182643243316164,10:1 통과,,1.0,"해석 계산; xy_step 1.6 < 2 µm → 2 µm 로 처리; 배율 calibrated 20 ppm, seam 12개; mode area (csv)"
보수-100,M87,area,calibrated,경계,윤곽(참고),50.0,-0.012174955380619395,0.0750459348895841,0.0872208902702035,25.0,10.0,0.0034888356108081398,10:1 통과,,1.0,"xy_step 1.6 < 2 µm → 2 µm 로 처리; 배율 calibrated 20 ppm, seam 12개; mode area (csv)"
보수-100,M87,area,calibrated,위치,위치,223.60679774997897,0.04135422290831445,1.2020690818733608,1.2434233047816752,50.0,20.0,0.024868466095633503,10:1 통과,,1.0,"xy_step 1.6 < 2 µm → 2 µm 로 처리; 배율 calibrated 20 ppm, seam 12개; mode area (csv)"
보수-100,M88,area,industrial,국소높이,높이,0.0,0.05596435415527362,0.4306388976290338,0.4866032517843074,5.0,2.0,0.09732065035686148,10:1 통과,,1.0,"배율 industrial 100 ppm, seam 11개; mode area (csv)"
보수-100,M88,area,industrial,단차,높이(참고),-20.0,0.01120819091796875,0.29947517021919184,0.3106833611371606,5.0,2.0,0.06213667222743212,10:1 통과,,1.0,"배율 industrial 100 ppm, seam 11개; mode area (csv)"
보수-100,M88,area,industrial,국소선폭,윤곽,40.0,-79.78313376373447,3.2624075995518598,83.04554136328633,10.0,4.0,8.304554136328633,불합격,,1.0,"배율 industrial 100 ppm, seam 11개; mode area (csv)"
보수-100,M88,area,industrial,선폭,윤곽(참고),40.0,-79.78504499526221,3.2877714238687754,83.07281641913099,10.0,4.0,8.307281641913098,불합격,,1.0,"배율 industrial 100 ppm, seam 11개; mode area (csv)"
보수-100,M88,area,industrial,구멍지름,치수,-100.0,-0.023920518238464864,0.6715258074670267,0.6954463257054916,25.0,10.0,0.027817853028219663,10:1 통과,,1.0,"배율 industrial 100 ppm, seam 11개; mode area (csv)"
보수-100,M88,area,industrial,길이40,치수,0.0,0.0,22.637726623198425,22.637726623198425,25.0,10.0,0.905509064927937,4:1 통과,,1.0,"해석 계산; 배율 industrial 100 ppm, seam 11개; mode area (csv)"
보수-100,M88,area,industrial,경계,윤곽(참고),50.0,0.011960259119232432,0.33576290373351336,0.3477231628527458,25.0,10.0,0.013908926514109831,10:1 통과,,1.0,"배율 industrial 100 ppm, seam 11개; mode area (csv)"
보수-100,M88,area,industrial,위치,위치,223.60679774997897,0.008010526589099742,0.13623108053237878,0.14424160712147852,50.0,20.0,0.0028848321424295702,10:1 통과,,1.0,"배율 industrial 100 ppm, seam 11개; mode area (csv)"
보수-100,M89,area,diy,국소높이,높이,0.0,-7.778362148677182,66.52749842051934,74.30586056919651,5.0,2.0,14.861172113839302,불합격,,1.0,"배율 diy 500 ppm, seam 0개; mode area (csv)"
보수-100,M89,area,diy,단차,높이(참고),-20.0,2.7534515380859377,48.036096141684055,50.789547679769996,5.0,2.0,10.157909535954,불합격,,1.0,"배율 diy 500 ppm, seam 0개; mode area (csv)"
보수-100,M89,area,diy,국소선폭,윤곽,40.0,-8.130624400426369,69.89478982459272,78.02541422501909,10.0,4.0,7.802541422501909,불합격,,1.0,"배율 diy 500 ppm, seam 0개; mode area (csv)"
보수-100,M89,area,diy,선폭,윤곽(참고),40.0,1.9609467554362652,28.86668685917245,30.827633614608715,10.0,4.0,3.0827633614608714,불합격,,1.0,"배율 diy 500 ppm, seam 0개; mode area (csv)"
보수-100,M89,area,diy,구멍지름,치수,-100.0,-0.09817109707492819,3.9213696450802944,4.019540742155223,25.0,10.0,0.1607816296862089,10:1 통과,,1.0,"배율 diy 500 ppm, seam 0개; mode area (csv)"
보수-100,M89,area,diy,길이40,치수,0.0,0.0,31.251666622224594,31.251666622224594,25.0,10.0,1.2500666648889838,불합격,경계,1.0,"해석 계산; 배율 diy 500 ppm, seam 0개; mode area (csv)"
보수-100,M89,area,diy,경계,윤곽(참고),50.0,0.049085548537464094,1.9606848225401472,2.0097703710776114,25.0,10.0,0.08039081484310445,10:1 통과,,1.0,"배율 diy 500 ppm, seam 0개; mode area (csv)"
보수-100,M89,area,diy,위치,위치,223.60679774997897,0.0296939442450806,1.0478248880621275,1.077518832307208,50.0,20.0,0.021550376646144162,10:1 통과,,1.0,"배율 diy 500 ppm, seam 0개; mode area (csv)"
보수-100,M90,area,diy,국소높이,높이,0.0,-0.0013913596850374688,7.714822405102064,7.716213764787101,5.0,2.0,1.5432427529574202,불합격,,1.0,"배율 diy 500 ppm, seam 6개; mode area (csv)"
보수-100,M90,area,diy,단차,높이(참고),-20.0,0.0221148681640625,4.860118974012256,4.882233842176318,5.0,2.0,0.9764467684352637,4:1 통과,,1.0,"배율 diy 500 ppm, seam 6개; mode area (csv)"
보수-100,M90,area,diy,국소선폭,윤곽,40.0,-10.804333945423743,2.346049220845379,13.150383166269123,10.0,4.0,1.3150383166269122,불합격,,1.0,"배율 diy 500 ppm, seam 6개; mode area (csv)"
보수-100,M90,area,diy,선폭,윤곽(참고),40.0,-10.800575655867373,1.0218668078997803,11.822442463767153,10.0,4.0,1.1822442463767153,불합격,경계,1.0,"배율 diy 500 ppm, seam 6개; mode area (csv)"
보수-100,M90,area,diy,구멍지름,치수,-100.0,-0.030097542044577496,0.7598500302486634,0.7899475722932409,25.0,10.0,0.03159790289172963,10:1 통과,,1.0,"배율 diy 500 ppm, seam 6개; mode area (csv)"
보수-100,M90,area,diy,길이40,치수,0.0,0.0,11.687600266949582,11.687600266949582,25.0,10.0,0.4675040106779833,4:1 통과,,1.0,"해석 계산; 배율 diy 500 ppm, seam 6개; mode area (csv)"
보수-100,M90,area,diy,경계,윤곽(참고),50.0,0.015048771022288748,0.3799250151243317,0.39497378614662043,25.0,10.0,0.015798951445864816,10:1 통과,,1.0,"배율 diy 500 ppm, seam 6개; mode area (csv)"
보수-100,M90,area,diy,위치,위치,223.60679774997897,0.018500316014113397,0.09363729462511595,0.11213761063922935,50.0,20.0,0.002242752212784587,10:1 통과,,1.0,"배율 diy 500 ppm, seam 6개; mode area (csv)"
보수-100,M91,area,diy,국소높이,높이,0.0,-1.6621897068389389,14.655534910027049,16.317724616865988,5.0,2.0,3.2635449233731975,불합격,,1.0,"배율 diy 500 ppm, seam 1개; mode area (csv)"
보수-100,M91,area,diy,단차,높이(참고),-20.0,1.0048678588867188,10.872996870934768,11.877864729821487,5.0,2.0,2.3755729459642976,불합격,,1.0,"배율 diy 500 ppm, seam 1개; mode area (csv)"
보수-100,M91,area,diy,국소선폭,윤곽,40.0,11.878741695782866,16.4514501753325,28.330191871115368,10.0,4.0,2.8330191871115367,불합격,,1.0,"배율 diy 500 ppm, seam 1개; mode area (csv)"
보수-100,M91,area,diy,선폭,윤곽(참고),40.0,11.846071501833471,9.163231252075786,21.009302753909257,10.0,4.0,2.1009302753909256,불합격,,1.0,"배율 diy 500 ppm, seam 1개; mode area (csv)"
보수-100,M91,area,diy,구멍지름,치수,-100.0,-0.16110644616212086,0.6853184966135124,0.8464249427756333,25.0,10.0,0.03385699771102533,10:1 통과,,1.0,"배율 diy 500 ppm, seam 1개; mode area (csv)"
보수-100,M91,area,diy,길이40,치수,0.0,0.0,24.576411454889016,24.576411454889016,25.0,10.0,0.9830564581955606,4:1 통과,,1.0,"해석 계산; 배율 diy 500 ppm, seam 1개; mode area (csv)"
보수-100,M91,area,diy,경계,윤곽(참고),50.0,0.08055322308106043,0.3426592483067562,0.42321247138781665,25.0,10.0,0.016928498855512664,10:1 통과,,1.0,"배율 diy 500 ppm, seam 1개; mode area (csv)"
보수-100,M91,area,diy,위치,위치,223.60679774997897,0.19072792127642546,1.744438298771348,1.9351662200477735,50.0,20.0,0.03870332440095547,10:1 통과,,1.0,"배율 diy 500 ppm, seam 1개; mode area (csv)"
보수-100,M92,area,diy,국소높이,높이,0.0,-0.7185320956571184,12.802058744172724,13.520590839829843,5.0,2.0,2.7041181679659685,불합격,,1.0,"배율 diy 500 ppm, seam 3개; mode area (csv)"
보수-100,M92,area,diy,단차,높이(참고),-20.0,0.757353515625,11.771282001519959,12.52863551714496,5.0,2.0,2.505727103428992,불합격,,1.0,"배율 diy 500 ppm, seam 3개; mode area (csv)"
보수-100,M92,area,diy,국소선폭,윤곽,40.0,-19.367855384970962,6.298562875792693,25.666418260763656,10.0,4.0,2.5666418260763657,불합격,,1.0,"배율 diy 500 ppm, seam 3개; mode area (csv)"
보수-100,M92,area,diy,선폭,윤곽(참고),40.0,-19.47665627389243,2.7535153784392095,22.23017165233164,10.0,4.0,2.223017165233164,불합격,,1.0,"배율 diy 500 ppm, seam 3개; mode area (csv)"
보수-100,M92,area,diy,구멍지름,치수,-100.0,-0.10020109983101065,0.7619580439195419,0.8621591437505526,25.0,10.0,0.034486365750022105,10:1 통과,,1.0,"배율 diy 500 ppm, seam 3개; mode area (csv)"
보수-100,M92,area,diy,길이40,치수,0.0,0.0,12.330314945964142,12.330314945964142,25.0,10.0,0.4932125978385657,4:1 통과,,1.0,"해석 계산; 배율 diy 500 ppm, seam 3개; mode area (csv)"
보수-100,M92,area,diy,경계,윤곽(참고),50.0,0.050100549915505325,0.38097902195977096,0.4310795718752763,25.0,10.0,0.017243182875011052,10:1 통과,,1.0,"배율 diy 500 ppm, seam 3개; mode area (csv)"
보수-100,M92,area,diy,위치,위치,223.60679774997897,0.08648617162346116,1.384422719487638,1.470908891111099,50.0,20.0,0.02941817782222198,10:1 통과,,1.0,"배율 diy 500 ppm, seam 3개; mode area (csv)"
보수-100,M93,area,calibrated,국소높이,높이,0.0,,,,5.0,2.0,,측정 불가,,0.0,"국소높이 패치 높이 1000 µm > depth 200 µm; 단차 패치 높이 400 µm > depth 200 µm; 구멍지름 패치 높이 1000 µm > depth 200 µm; 위치 패치 높이 1000 µm > depth 200 µm; 배율 calibrated 20 ppm, seam 7개; mode area (csv)"
보수-100,M93,area,calibrated,단차,높이(참고),-20.0,,,,5.0,2.0,,측정 불가,,0.0,"국소높이 패치 높이 1000 µm > depth 200 µm; 단차 패치 높이 400 µm > depth 200 µm; 구멍지름 패치 높이 1000 µm > depth 200 µm; 위치 패치 높이 1000 µm > depth 200 µm; 배율 calibrated 20 ppm, seam 7개; mode area (csv)"
보수-100,M93,area,calibrated,국소선폭,윤곽,40.0,-110.21597537282811,18.267743795464572,128.48371916829268,10.0,4.0,12.848371916829269,불합격,,1.0,"국소높이 패치 높이 1000 µm > depth 200 µm; 단차 패치 높이 400 µm > depth 200 µm; 구멍지름 패치 높이 1000 µm > depth 200 µm; 위치 패치 높이 1000 µm > depth 200 µm; 배율 calibrated 20 ppm, seam 7개; mode area (csv)"
보수-100,M93,area,calibrated,선폭,윤곽(참고),40.0,-110.09339271602467,7.73905592585206,117.83244864187672,10.0,4.0,11.783244864187672,불합격,,1.0,"국소높이 패치 높이 1000 µm > depth 200 µm; 단차 패치 높이 400 µm > depth 200 µm; 구멍지름 패치 높이 1000 µm > depth 200 µm; 위치 패치 높이 1000 µm > depth 200 µm; 배율 calibrated 20 ppm, seam 7개; mode area (csv)"
보수-100,M93,area,calibrated,구멍지름,치수,-100.0,,,,25.0,10.0,,측정 불가,,0.0,"국소높이 패치 높이 1000 µm > depth 200 µm; 단차 패치 높이 400 µm > depth 200 µm; 구멍지름 패치 높이 1000 µm > depth 200 µm; 위치 패치 높이 1000 µm > depth 200 µm; 배율 calibrated 20 ppm, seam 7개; mode area (csv)"
보수-100,M93,area,calibrated,길이40,치수,0.0,0.0,13.661503089582299,13.661503089582299,25.0,10.0,0.546460123583292,4:1 통과,,1.0,"해석 계산; 국소높이 패치 높이 1000 µm > depth 200 µm; 단차 패치 높이 400 µm > depth 200 µm; 구멍지름 패치 높이 1000 µm > depth 200 µm; 위치 패치 높이 1000 µm > depth 200 µm; 배율 calibrated 20 ppm, seam 7개; mode area (csv)"
보수-100,M93,area,calibrated,경계,윤곽(참고),50.0,,,,25.0,10.0,,측정 불가,,0.0,"국소높이 패치 높이 1000 µm > depth 200 µm; 단차 패치 높이 400 µm > depth 200 µm; 구멍지름 패치 높이 1000 µm > depth 200 µm; 위치 패치 높이 1000 µm > depth 200 µm; 배율 calibrated 20 ppm, seam 7개; mode area (csv)"
보수-100,M93,area,calibrated,위치,위치,223.60679774997897,,,,50.0,20.0,,측정 불가,,0.0,"국소높이 패치 높이 1000 µm > depth 200 µm; 단차 패치 높이 400 µm > depth 200 µm; 구멍지름 패치 높이 1000 µm > depth 200 µm; 위치 패치 높이 1000 µm > depth 200 µm; 배율 calibrated 20 ppm, seam 7개; mode area (csv)"
보수-100,M94,area,industrial,국소높이,높이,0.0,-0.5633036854811848,71.06829032585343,71.63159401133461,5.0,2.0,14.326318802266922,불합격,,1.0,"배율 industrial 100 ppm, seam 1개; mode area (csv)"
보수-100,M94,area,industrial,단차,높이(참고),-20.0,1.3625759887695312,58.97781315348343,60.34038914225296,5.0,2.0,12.068077828450592,불합격,,1.0,"배율 industrial 100 ppm, seam 1개; mode area (csv)"
보수-100,M94,area,industrial,국소선폭,윤곽,40.0,-13.753909007991364,34.52199741149914,48.27590641949051,10.0,4.0,4.827590641949051,불합격,,1.0,"배율 industrial 100 ppm, seam 1개; mode area (csv)"
보수-100,M94,area,industrial,선폭,윤곽(참고),40.0,-8.872781410115996,13.336296855050094,22.20907826516609,10.0,4.0,2.2209078265166093,불합격,,1.0,"배율 industrial 100 ppm, seam 1개; mode area (csv)"
보수-100,M94,area,industrial,구멍지름,치수,-100.0,0.24777114650082693,1.1608746753777557,1.4086458218785827,25.0,10.0,0.056345832875143304,10:1 통과,,1.0,"배율 industrial 100 ppm, seam 1개; mode area (csv)"
보수-100,M94,area,industrial,길이40,치수,0.0,0.0,19.765289440498126,19.765289440498126,25.0,10.0,0.7906115776199251,4:1 통과,,1.0,"해석 계산; 배율 industrial 100 ppm, seam 1개; mode area (csv)"
보수-100,M94,area,industrial,경계,윤곽(참고),50.0,-0.12388557325041347,0.5804373376888778,0.7043229109392913,25.0,10.0,0.028172916437571652,10:1 통과,,1.0,"배율 industrial 100 ppm, seam 1개; mode area (csv)"
보수-100,M94,area,industrial,위치,위치,223.60679774997897,0.05752434476843026,0.4601226033442257,0.517646948112656,50.0,20.0,0.01035293896225312,10:1 통과,,1.0,"배율 industrial 100 ppm, seam 1개; mode area (csv)"
보수-100,M95,area,diy,국소높이,높이,0.0,0.24545899627703047,27.433780763827926,27.679239760104956,5.0,2.0,5.535847952020991,불합격,,1.0,"배율 diy 500 ppm, seam 0개; mode area (csv)"
보수-100,M95,area,diy,단차,높이(참고),-20.0,-0.3516958618164063,19.971052816212094,20.3227486780285,5.0,2.0,4.0645497356057,불합격,,1.0,"배율 diy 500 ppm, seam 0개; mode area (csv)"
보수-100,M95,area,diy,국소선폭,윤곽,40.0,-63.38071862584671,24.13392854262464,87.51464716847136,10.0,4.0,8.751464716847135,불합격,,1.0,"배율 diy 500 ppm, seam 0개; mode area (csv)"
보수-100,M95,area,diy,선폭,윤곽(참고),40.0,-62.91274807842066,11.67478017656914,74.5875282549898,10.0,4.0,7.458752825498981,불합격,,1.0,"배율 diy 500 ppm, seam 0개; mode area (csv)"
보수-100,M95,area,diy,구멍지름,치수,-100.0,0.23976387572050953,1.03021854876856,1.2699824244890696,25.0,10.0,0.050799296979562786,10:1 통과,,1.0,"배율 diy 500 ppm, seam 0개; mode area (csv)"
보수-100,M95,area,diy,길이40,치수,0.0,0.0,16.73320053068151,16.73320053068151,25.0,10.0,0.6693280212272604,4:1 통과,,1.0,"해석 계산; 배율 diy 500 ppm, seam 0개; mode area (csv)"
보수-100,M95,area,diy,경계,윤곽(참고),50.0,-0.11988193786025476,0.51510927438428,0.6349912122445348,25.0,10.0,0.025399648489781393,10:1 통과,,1.0,"배율 diy 500 ppm, seam 0개; mode area (csv)"
보수-100,M95,area,diy,위치,위치,223.60679774997897,0.018639638442236386,0.20082007536648422,0.2194597138087206,50.0,20.0,0.004389194276174412,10:1 통과,,1.0,"배율 diy 500 ppm, seam 0개; mode area (csv)"
보수-100,M96,area,printer_axis,국소높이,높이,0.0,0.088720489324351,35.73409647094604,35.822816960270394,5.0,2.0,7.164563392054079,불합격,,1.0,"배율 printer_axis 500 ppm, seam 4개; mode area (csv)"
보수-100,M96,area,printer_axis,단차,높이(참고),-20.0,2.7949765014648436,22.67871391858036,25.473690420045205,5.0,2.0,5.094738084009041,불합격,,1.0,"배율 printer_axis 500 ppm, seam 4개; mode area (csv)"
보수-100,M96,area,printer_axis,국소선폭,윤곽,40.0,-15.65918355739787,13.800349324172881,29.459532881570752,10.0,4.0,2.9459532881570754,불합격,,1.0,"배율 printer_axis 500 ppm, seam 4개; mode area (csv)"
보수-100,M96,area,printer_axis,선폭,윤곽(참고),40.0,-15.740739362294256,6.246517454572095,21.987256816866353,10.0,4.0,2.198725681686635,불합격,,1.0,"배율 printer_axis 500 ppm, seam 4개; mode area (csv)"
보수-100,M96,area,printer_axis,구멍지름,치수,-100.0,-0.29570150096932596,4.145292865366462,4.440994366335787,25.0,10.0,0.1776397746534315,10:1 통과,,1.0,"배율 printer_axis 500 ppm, seam 4개; mode area (csv)"
보수-100,M96,area,printer_axis,길이40,치수,0.0,0.0,40.2326567189723,40.2326567189723,25.0,10.0,1.609306268758892,불합격,,1.0,"해석 계산; 배율 printer_axis 500 ppm, seam 4개; mode area (csv)"
보수-100,M96,area,printer_axis,경계,윤곽(참고),50.0,0.14785075048466298,2.072646432683231,2.2204971831678937,25.0,10.0,0.08881988732671575,10:1 통과,,1.0,"배율 printer_axis 500 ppm, seam 4개; mode area (csv)"
보수-100,M96,area,printer_axis,위치,위치,223.60679774997897,0.05081329854695529,1.1615329880243617,1.212346286571317,50.0,20.0,0.024246925731426342,10:1 통과,,1.0,"배율 printer_axis 500 ppm, seam 4개; mode area (csv)"
보수-100,M97,line_profiler,diy,국소높이,높이,0.0,0.0013416400332222566,11.390779003055641,11.392120643088864,5.0,2.0,2.2784241286177727,불합격,,1.0,"배율 diy 500 ppm, seam 0개; 선 단면 장비(면 측정은 래스터 가정, 면 래스터 7,447 분); mode line_profiler (csv)"
보수-100,M97,line_profiler,diy,단차,높이(참고),-20.0,-0.1557257080078125,9.566613891876997,9.72233959988481,5.0,2.0,1.9444679199769621,불합격,,1.0,"배율 diy 500 ppm, seam 0개; 선 단면 장비(면 측정은 래스터 가정, 면 래스터 7,447 분); mode line_profiler (csv)"
보수-100,M97,line_profiler,diy,국소선폭,윤곽,40.0,74.00259136954023,2878.395369613859,2952.3979609833996,10.0,4.0,295.23979609834,불합격,,0.96,"배율 diy 500 ppm, seam 0개; 선 단면 장비(면 측정은 래스터 가정, 면 래스터 7,447 분); mode line_profiler (csv)"
보수-100,M97,line_profiler,diy,선폭,윤곽(참고),40.0,,,,10.0,4.0,,측정 불가,,0.56,"배율 diy 500 ppm, seam 0개; 선 단면 장비(면 측정은 래스터 가정, 면 래스터 7,447 분); mode line_profiler (csv)"
보수-100,M97,line_profiler,diy,구멍지름,치수,-100.0,0.08692283144189787,1.1364889234259015,1.2234117548677994,25.0,10.0,0.04893647019471198,10:1 통과,,1.0,"배율 diy 500 ppm, seam 0개; 선 단면 장비(면 측정은 래스터 가정, 면 래스터 7,447 분); mode line_profiler (csv)"
보수-100,M97,line_profiler,diy,길이40,치수,0.0,0.0,17.309727515667795,17.309727515667795,25.0,10.0,0.6923891006267118,4:1 통과,,1.0,"해석 계산; 배율 diy 500 ppm, seam 0개; 선 단면 장비(면 측정은 래스터 가정, 면 래스터 7,447 분); mode line_profiler (csv)"
보수-100,M97,line_profiler,diy,경계,윤곽(참고),50.0,-0.043461415720948936,0.5682444617129507,0.6117058774338997,25.0,10.0,0.02446823509735599,10:1 통과,,1.0,"배율 diy 500 ppm, seam 0개; 선 단면 장비(면 측정은 래스터 가정, 면 래스터 7,447 분); mode line_profiler (csv)"
보수-100,M97,line_profiler,diy,위치,위치,223.60679774997897,0.01619897355814873,0.3155250613409166,0.3317240348990654,50.0,20.0,0.006634480697981307,10:1 통과,,1.0,"배율 diy 500 ppm, seam 0개; 선 단면 장비(면 측정은 래스터 가정, 면 래스터 7,447 분); mode line_profiler (csv)"
보수-100,M98,area,printer_axis,국소높이,높이,0.0,,,,5.0,2.0,,측정 불가,,0.0,"국소높이 패치 높이 1000 µm > depth 600 µm; 구멍지름 패치 높이 1000 µm > depth 600 µm; 위치 패치 높이 1000 µm > depth 600 µm; 배율 printer_axis 500 ppm, seam 2개; mode area (csv)"
보수-100,M98,area,printer_axis,단차,높이(참고),-20.0,-0.7513272094726563,12.19780013369572,12.949127343168376,5.0,2.0,2.5898254686336752,불합격,,1.0,"국소높이 패치 높이 1000 µm > depth 600 µm; 구멍지름 패치 높이 1000 µm > depth 600 µm; 위치 패치 높이 1000 µm > depth 600 µm; 배율 printer_axis 500 ppm, seam 2개; mode area (csv)"
보수-100,M98,area,printer_axis,국소선폭,윤곽,40.0,-36.75836234895928,11.911971799345617,48.670334148304896,10.0,4.0,4.867033414830489,불합격,,1.0,"국소높이 패치 높이 1000 µm > depth 600 µm; 구멍지름 패치 높이 1000 µm > depth 600 µm; 위치 패치 높이 1000 µm > depth 600 µm; 배율 printer_axis 500 ppm, seam 2개; mode area (csv)"
보수-100,M98,area,printer_axis,선폭,윤곽(참고),40.0,-36.767799613521,5.720037917747842,42.48783753126884,10.0,4.0,4.248783753126884,불합격,,1.0,"국소높이 패치 높이 1000 µm > depth 600 µm; 구멍지름 패치 높이 1000 µm > depth 600 µm; 위치 패치 높이 1000 µm > depth 600 µm; 배율 printer_axis 500 ppm, seam 2개; mode area (csv)"
보수-100,M98,area,printer_axis,구멍지름,치수,-100.0,,,,25.0,10.0,,측정 불가,,0.0,"국소높이 패치 높이 1000 µm > depth 600 µm; 구멍지름 패치 높이 1000 µm > depth 600 µm; 위치 패치 높이 1000 µm > depth 600 µm; 배율 printer_axis 500 ppm, seam 2개; mode area (csv)"
보수-100,M98,area,printer_axis,길이40,치수,0.0,0.0,41.556708243074304,41.556708243074304,25.0,10.0,1.6622683297229721,불합격,,1.0,"해석 계산; 국소높이 패치 높이 1000 µm > depth 600 µm; 구멍지름 패치 높이 1000 µm > depth 600 µm; 위치 패치 높이 1000 µm > depth 600 µm; 배율 printer_axis 500 ppm, seam 2개; mode area (csv)"
보수-100,M98,area,printer_axis,경계,윤곽(참고),50.0,,,,25.0,10.0,,측정 불가,,0.0,"국소높이 패치 높이 1000 µm > depth 600 µm; 구멍지름 패치 높이 1000 µm > depth 600 µm; 위치 패치 높이 1000 µm > depth 600 µm; 배율 printer_axis 500 ppm, seam 2개; mode area (csv)"
보수-100,M98,area,printer_axis,위치,위치,223.60679774997897,,,,50.0,20.0,,측정 불가,,0.0,"국소높이 패치 높이 1000 µm > depth 600 µm; 구멍지름 패치 높이 1000 µm > depth 600 µm; 위치 패치 높이 1000 µm > depth 600 µm; 배율 printer_axis 500 ppm, seam 2개; mode area (csv)"
보수-100,M99,2d,diy,국소높이,높이,0.0,,,,5.0,2.0,,측정 불가,,0.0,"배율 diy 500 ppm, seam 0개; mode 2d (csv)"
보수-100,M99,2d,diy,단차,높이(참고),-20.0,,,,5.0,2.0,,측정 불가,,0.0,"배율 diy 500 ppm, seam 0개; mode 2d (csv)"
보수-100,M99,2d,diy,국소선폭,윤곽,40.0,0.1771224936937074,2.773166923139767,2.9502894168334746,10.0,4.0,0.2950289416833475,10:1 통과,,1.0,"배율 diy 500 ppm, seam 0개; mode 2d (csv)"
보수-100,M99,2d,diy,선폭,윤곽(참고),40.0,0.1771224936937074,2.799764901543563,2.9768873952372705,10.0,4.0,0.29768873952372704,10:1 통과,,1.0,"배율 diy 500 ppm, seam 0개; mode 2d (csv)"
보수-100,M99,2d,diy,구멍지름,치수,-100.0,-0.011700034306004454,0.7322626247835755,0.7439626590895799,25.0,10.0,0.029758506363583195,10:1 통과,,1.0,"배율 diy 500 ppm, seam 0개; mode 2d (csv)"
보수-100,M99,2d,diy,길이40,치수,0.0,0.0,9.095420092918559,9.095420092918559,25.0,10.0,0.36381680371674235,10:1 통과,,1.0,"해석 계산; 배율 diy 500 ppm, seam 0개; mode 2d (csv)"
보수-100,M99,2d,diy,경계,윤곽(참고),50.0,0.005850017153002227,0.36613131239178776,0.37198132954478996,25.0,10.0,0.014879253181791598,10:1 통과,,1.0,"배율 diy 500 ppm, seam 0개; mode 2d (csv)"
보수-100,M99,2d,diy,위치,위치,223.60679774997897,0.015715322006308135,0.11733235000582079,0.13304767201212891,50.0,20.0,0.0026609534402425783,10:1 통과,,1.0,"배율 diy 500 ppm, seam 0개; mode 2d (csv)"
보수-100,M100,2d,printer_axis,국소높이,높이,0.0,,,,5.0,2.0,,측정 불가,,0.0,"배율 printer_axis 500 ppm, seam 0개; mode 2d (csv)"
보수-100,M100,2d,printer_axis,단차,높이(참고),-20.0,,,,5.0,2.0,,측정 불가,,0.0,"배율 printer_axis 500 ppm, seam 0개; mode 2d (csv)"
보수-100,M100,2d,printer_axis,국소선폭,윤곽,40.0,-0.0892102868993743,5.036583205929678,5.125793492829052,10.0,4.0,0.5125793492829052,4:1 통과,,1.0,"배율 printer_axis 500 ppm, seam 0개; mode 2d (csv)"
보수-100,M100,2d,printer_axis,선폭,윤곽(참고),40.0,-0.0892102868993743,5.084890046106672,5.174100333006046,10.0,4.0,0.5174100333006046,4:1 통과,,1.0,"배율 printer_axis 500 ppm, seam 0개; mode 2d (csv)"
보수-100,M100,2d,printer_axis,구멍지름,치수,-100.0,-0.06423583818473162,3.8929225782689425,3.957158416453674,25.0,10.0,0.15828633665814695,10:1 통과,,1.0,"배율 printer_axis 500 ppm, seam 0개; mode 2d (csv)"
보수-100,M100,2d,printer_axis,길이40,치수,0.0,0.0,40.92562359533043,40.92562359533043,25.0,10.0,1.6370249438132172,불합격,,1.0,"해석 계산; 배율 printer_axis 500 ppm, seam 0개; mode 2d (csv)"
보수-100,M100,2d,printer_axis,경계,윤곽(참고),50.0,0.03211791909236581,1.9464612891344713,1.978579208226837,25.0,10.0,0.07914316832907348,10:1 통과,,1.0,"배율 printer_axis 500 ppm, seam 0개; mode 2d (csv)"
보수-100,M100,2d,printer_axis,위치,위치,223.60679774997897,0.012824165618663244,0.2577359381210488,0.270560103739712,50.0,20.0,0.005411202074794241,10:1 통과,,1.0,"배율 printer_axis 500 ppm, seam 0개; mode 2d (csv)"
보수-100,M101,2d,printer_axis,국소높이,높이,0.0,,,,5.0,2.0,,측정 불가,,0.0,"배율 printer_axis 500 ppm, seam 0개; mode 2d (csv)"
보수-100,M101,2d,printer_axis,단차,높이(참고),-20.0,,,,5.0,2.0,,측정 불가,,0.0,"배율 printer_axis 500 ppm, seam 0개; mode 2d (csv)"
보수-100,M101,2d,printer_axis,국소선폭,윤곽,40.0,0.6701283840953738,5.586118949360312,6.256247333455686,10.0,4.0,0.6256247333455687,4:1 통과,,1.0,"배율 printer_axis 500 ppm, seam 0개; mode 2d (csv)"
보수-100,M101,2d,printer_axis,선폭,윤곽(참고),40.0,0.6701283840953738,5.639696492758925,6.309824876854298,10.0,4.0,0.6309824876854299,4:1 통과,,1.0,"배율 printer_axis 500 ppm, seam 0개; mode 2d (csv)"
보수-100,M101,2d,printer_axis,구멍지름,치수,-100.0,0.25504660655510636,3.674639231510553,3.929685838065659,25.0,10.0,0.15718743352262637,10:1 통과,,1.0,"배율 printer_axis 500 ppm, seam 0개; mode 2d (csv)"
보수-100,M101,2d,printer_axis,길이40,치수,0.0,0.0,40.824829046386306,40.824829046386306,25.0,10.0,1.6329931618554523,불합격,,1.0,"해석 계산; 배율 printer_axis 500 ppm, seam 0개; mode 2d (csv)"
보수-100,M101,2d,printer_axis,경계,윤곽(참고),50.0,-0.12752330327755318,1.8373196157552765,1.9648429190328296,25.0,10.0,0.07859371676131319,10:1 통과,,1.0,"배율 printer_axis 500 ppm, seam 0개; mode 2d (csv)"
보수-100,M101,2d,printer_axis,위치,위치,223.60679774997897,0.010389511325578733,0.36371119614380243,0.3741007074693812,50.0,20.0,0.007482014149387623,10:1 통과,,1.0,"배율 printer_axis 500 ppm, seam 0개; mode 2d (csv)"
보수-100,M102,2d,diy,국소높이,높이,0.0,,,,5.0,2.0,,측정 불가,,0.0,"xy_step 1.7 < 2 µm → 2 µm 로 처리; 배율 diy 500 ppm, seam 9개; mode 2d (csv)"
보수-100,M102,2d,diy,단차,높이(참고),-20.0,,,,5.0,2.0,,측정 불가,,0.0,"xy_step 1.7 < 2 µm → 2 µm 로 처리; 배율 diy 500 ppm, seam 9개; mode 2d (csv)"
보수-100,M102,2d,diy,국소선폭,윤곽,40.0,-0.021313643288310688,0.4942813595835558,0.5155950028718664,10.0,4.0,0.051559500287186644,10:1 통과,,1.0,"xy_step 1.7 < 2 µm → 2 µm 로 처리; 배율 diy 500 ppm, seam 9개; mode 2d (csv)"
보수-100,M102,2d,diy,선폭,윤곽(참고),40.0,-0.021313643288310688,0.49902210736108854,0.5203357506493992,10.0,4.0,0.05203357506493992,10:1 통과,,1.0,"xy_step 1.7 < 2 µm → 2 µm 로 처리; 배율 diy 500 ppm, seam 9개; mode 2d (csv)"
보수-100,M102,2d,diy,구멍지름,치수,-100.0,0.029910576954844146,0.7304458764508875,0.7603564534057317,25.0,10.0,0.030414258136229267,10:1 통과,,1.0,"xy_step 1.7 < 2 µm → 2 µm 로 처리; 배율 diy 500 ppm, seam 9개; mode 2d (csv)"
보수-100,M102,2d,diy,길이40,치수,0.0,0.0,10.132456102380441,10.132456102380441,25.0,10.0,0.40529824409521764,4:1 통과,,1.0,"해석 계산; xy_step 1.7 < 2 µm → 2 µm 로 처리; 배율 diy 500 ppm, seam 9개; mode 2d (csv)"
보수-100,M102,2d,diy,경계,윤곽(참고),50.0,-0.014955288477422073,0.36522293822544377,0.38017822670286583,25.0,10.0,0.015207129068114634,10:1 통과,,1.0,"xy_step 1.7 < 2 µm → 2 µm 로 처리; 배율 diy 500 ppm, seam 9개; mode 2d (csv)"
보수-100,M102,2d,diy,위치,위치,223.60679774997897,0.008782716298115683,0.07787277151239816,0.08665548781051384,50.0,20.0,0.0017331097562102767,10:1 통과,,1.0,"xy_step 1.7 < 2 µm → 2 µm 로 처리; 배율 diy 500 ppm, seam 9개; mode 2d (csv)"
보수-100,M103,2d,diy,국소높이,높이,0.0,,,,5.0,2.0,,측정 불가,,0.0,"배율 diy 500 ppm, seam 0개; mode 2d (csv)"
보수-100,M103,2d,diy,단차,높이(참고),-20.0,,,,5.0,2.0,,측정 불가,,0.0,"배율 diy 500 ppm, seam 0개; mode 2d (csv)"
보수-100,M103,2d,diy,국소선폭,윤곽,40.0,-0.4089531789743455,9.511859343553114,9.92081252252746,10.0,4.0,0.9920812522527459,4:1 통과,,1.0,"배율 diy 500 ppm, seam 0개; mode 2d (csv)"
보수-100,M103,2d,diy,선폭,윤곽(참고),40.0,-0.4089531789743455,9.603089419640034,10.012042598614379,10.0,4.0,1.001204259861438,불합격,경계,1.0,"배율 diy 500 ppm, seam 0개; mode 2d (csv)"
보수-100,M103,2d,diy,구멍지름,치수,-100.0,-0.1731603198817993,1.0063364616841686,1.1794967815659678,25.0,10.0,0.047179871262638715,10:1 통과,,1.0,"배율 diy 500 ppm, seam 0개; mode 2d (csv)"
보수-100,M103,2d,diy,길이40,치수,0.0,0.0,12.649110640673518,12.649110640673518,25.0,10.0,0.5059644256269408,4:1 통과,,1.0,"해석 계산; 배율 diy 500 ppm, seam 0개; mode 2d (csv)"
보수-100,M103,2d,diy,경계,윤곽(참고),50.0,0.08658015994089965,0.5031682308420843,0.5897483907829839,25.0,10.0,0.023589935631319357,10:1 통과,,1.0,"배율 diy 500 ppm, seam 0개; mode 2d (csv)"
보수-100,M103,2d,diy,위치,위치,223.60679774997897,0.02748296837974198,0.3551782255066448,0.38266119388638675,50.0,20.0,0.007653223877727735,10:1 통과,,1.0,"배율 diy 500 ppm, seam 0개; mode 2d (csv)"
보수-100,M104,2d,diy,국소높이,높이,0.0,,,,5.0,2.0,,측정 불가,,0.0,"배율 diy 500 ppm, seam 0개; mode 2d (csv)"
보수-100,M104,2d,diy,단차,높이(참고),-20.0,,,,5.0,2.0,,측정 불가,,0.0,"배율 diy 500 ppm, seam 0개; mode 2d (csv)"
보수-100,M104,2d,diy,국소선폭,윤곽,40.0,0.15645043302421072,4.951802748987242,5.1082531820114525,10.0,4.0,0.5108253182011453,4:1 통과,,1.0,"배율 diy 500 ppm, seam 0개; mode 2d (csv)"
보수-100,M104,2d,diy,선폭,윤곽(참고),40.0,0.15645043302421072,4.999296443462834,5.155746876487044,10.0,4.0,0.5155746876487044,4:1 통과,,1.0,"배율 diy 500 ppm, seam 0개; mode 2d (csv)"
보수-100,M104,2d,diy,구멍지름,치수,-100.0,0.010561477920437028,0.9426012966772697,0.9531627745977067,25.0,10.0,0.03812651098390827,10:1 통과,,1.0,"배율 diy 500 ppm, seam 0개; mode 2d (csv)"
보수-100,M104,2d,diy,길이40,치수,0.0,0.0,10.225458424931373,10.225458424931373,25.0,10.0,0.4090183369972549,4:1 통과,,1.0,"해석 계산; 배율 diy 500 ppm, seam 0개; mode 2d (csv)"
보수-100,M104,2d,diy,경계,윤곽(참고),50.0,-0.005280738960218514,0.47130064833863483,0.47658138729885335,25.0,10.0,0.019063255491954135,10:1 통과,,1.0,"배율 diy 500 ppm, seam 0개; mode 2d (csv)"
보수-100,M104,2d,diy,위치,위치,223.60679774997897,0.0059224701817964,0.09834926555938113,0.10427173574117753,50.0,20.0,0.0020854347148235503,10:1 통과,,1.0,"배율 diy 500 ppm, seam 0개; mode 2d (csv)"
보수-100,M105,2d,diy,국소높이,높이,0.0,,,,5.0,2.0,,측정 불가,,0.0,"배율 diy 500 ppm, seam 1개; mode 2d (csv)"
보수-100,M105,2d,diy,단차,높이(참고),-20.0,,,,5.0,2.0,,측정 불가,,0.0,"배율 diy 500 ppm, seam 1개; mode 2d (csv)"
보수-100,M105,2d,diy,국소선폭,윤곽,40.0,-0.13157729509932892,1.9675178362321377,2.0990951313314667,10.0,4.0,0.20990951313314668,10:1 통과,,1.0,"배율 diy 500 ppm, seam 1개; mode 2d (csv)"
보수-100,M105,2d,diy,선폭,윤곽(참고),40.0,-0.13157729509932892,1.9863886789789331,2.117965974078262,10.0,4.0,0.2117965974078262,10:1 통과,,1.0,"배율 diy 500 ppm, seam 1개; mode 2d (csv)"
보수-100,M105,2d,diy,구멍지름,치수,-100.0,-0.027187098280364808,0.8645612030709302,0.891748301351295,25.0,10.0,0.0356699320540518,10:1 통과,,1.0,"배율 diy 500 ppm, seam 1개; mode 2d (csv)"
보수-100,M105,2d,diy,길이40,치수,0.0,0.0,9.18785430155848,9.18785430155848,25.0,10.0,0.36751417206233916,10:1 통과,,1.0,"해석 계산; 배율 diy 500 ppm, seam 1개; mode 2d (csv)"
보수-100,M105,2d,diy,경계,윤곽(참고),50.0,0.013593549140182404,0.4322806015354651,0.4458741506756475,25.0,10.0,0.0178349660270259,10:1 통과,,1.0,"배율 diy 500 ppm, seam 1개; mode 2d (csv)"
보수-100,M105,2d,diy,위치,위치,223.60679774997897,0.0006362015702502924,0.04765721683324397,0.04829341840349426,50.0,20.0,0.0009658683680698853,10:1 통과,,1.0,"배율 diy 500 ppm, seam 1개; mode 2d (csv)"
보수-100,M106,2d,industrial,국소높이,높이,0.0,,,,5.0,2.0,,측정 불가,,0.0,"배율 industrial 100 ppm, seam 0개; mode 2d (csv)"
보수-100,M106,2d,industrial,단차,높이(참고),-20.0,,,,5.0,2.0,,측정 불가,,0.0,"배율 industrial 100 ppm, seam 0개; mode 2d (csv)"
보수-100,M106,2d,industrial,국소선폭,윤곽,40.0,0.5064478465572324,12.383023995805278,12.88947184236251,10.0,4.0,1.288947184236251,불합격,경계,1.0,"배율 industrial 100 ppm, seam 0개; mode 2d (csv)"
보수-100,M106,2d,industrial,선폭,윤곽(참고),40.0,0.5064478465572324,12.501791965402004,13.008239811959237,10.0,4.0,1.3008239811959237,불합격,,1.0,"배율 industrial 100 ppm, seam 0개; mode 2d (csv)"
보수-100,M106,2d,industrial,구멍지름,치수,-100.0,0.05392636340557146,1.1407828168231866,1.1947091802287582,25.0,10.0,0.04778836720915033,10:1 통과,,1.0,"배율 industrial 100 ppm, seam 0개; mode 2d (csv)"
보수-100,M106,2d,industrial,길이40,치수,0.0,0.0,19.6638416050035,19.6638416050035,25.0,10.0,0.7865536642001401,4:1 통과,,1.0,"해석 계산; 배율 industrial 100 ppm, seam 0개; mode 2d (csv)"
보수-100,M106,2d,industrial,경계,윤곽(참고),50.0,-0.02696318170278573,0.5703914084115933,0.5973545901143791,25.0,10.0,0.023894183604575164,10:1 통과,,1.0,"배율 industrial 100 ppm, seam 0개; mode 2d (csv)"
보수-100,M106,2d,industrial,위치,위치,223.60679774997897,0.012443708961226325,0.20113220414882846,0.21357591311005478,50.0,20.0,0.004271518262201095,10:1 통과,,1.0,"배율 industrial 100 ppm, seam 0개; mode 2d (csv)"
보수-100,M107,line_profiler,industrial,국소높이,높이,0.0,,,,5.0,2.0,,측정 불가,,0.0,"xy_step 1 < 2 µm → 2 µm 로 처리; 국소높이 패치 높이 1000 µm > depth 100 µm; 단차 패치 높이 400 µm > depth 100 µm; 선폭 패치 높이 200 µm > depth 100 µm; 구멍지름 패치 높이 1000 µm > depth 100 µm; 위치 패치 높이 1000 µm > depth 100 µm; 배율 industrial 100 ppm, seam 28개; 선 단면 장비(면 측정은 래스터 가정, 면 래스터 140,000 분); mode line_profiler (csv)"
보수-100,M107,line_profiler,industrial,단차,높이(참고),-20.0,,,,5.0,2.0,,측정 불가,,0.0,"xy_step 1 < 2 µm → 2 µm 로 처리; 국소높이 패치 높이 1000 µm > depth 100 µm; 단차 패치 높이 400 µm > depth 100 µm; 선폭 패치 높이 200 µm > depth 100 µm; 구멍지름 패치 높이 1000 µm > depth 100 µm; 위치 패치 높이 1000 µm > depth 100 µm; 배율 industrial 100 ppm, seam 28개; 선 단면 장비(면 측정은 래스터 가정, 면 래스터 140,000 분); mode line_profiler (csv)"
보수-100,M107,line_profiler,industrial,국소선폭,윤곽,40.0,,,,10.0,4.0,,측정 불가,,0.0,"xy_step 1 < 2 µm → 2 µm 로 처리; 국소높이 패치 높이 1000 µm > depth 100 µm; 단차 패치 높이 400 µm > depth 100 µm; 선폭 패치 높이 200 µm > depth 100 µm; 구멍지름 패치 높이 1000 µm > depth 100 µm; 위치 패치 높이 1000 µm > depth 100 µm; 배율 industrial 100 ppm, seam 28개; 선 단면 장비(면 측정은 래스터 가정, 면 래스터 140,000 분); mode line_profiler (csv)"
보수-100,M107,line_profiler,industrial,선폭,윤곽(참고),40.0,,,,10.0,4.0,,측정 불가,,0.0,"xy_step 1 < 2 µm → 2 µm 로 처리; 국소높이 패치 높이 1000 µm > depth 100 µm; 단차 패치 높이 400 µm > depth 100 µm; 선폭 패치 높이 200 µm > depth 100 µm; 구멍지름 패치 높이 1000 µm > depth 100 µm; 위치 패치 높이 1000 µm > depth 100 µm; 배율 industrial 100 ppm, seam 28개; 선 단면 장비(면 측정은 래스터 가정, 면 래스터 140,000 분); mode line_profiler (csv)"
보수-100,M107,line_profiler,industrial,구멍지름,치수,-100.0,,,,25.0,10.0,,측정 불가,,0.0,"xy_step 1 < 2 µm → 2 µm 로 처리; 국소높이 패치 높이 1000 µm > depth 100 µm; 단차 패치 높이 400 µm > depth 100 µm; 선폭 패치 높이 200 µm > depth 100 µm; 구멍지름 패치 높이 1000 µm > depth 100 µm; 위치 패치 높이 1000 µm > depth 100 µm; 배율 industrial 100 ppm, seam 28개; 선 단면 장비(면 측정은 래스터 가정, 면 래스터 140,000 분); mode line_profiler (csv)"
보수-100,M107,line_profiler,industrial,길이40,치수,0.0,0.0,13.366625103842281,13.366625103842281,25.0,10.0,0.5346650041536912,4:1 통과,,1.0,"해석 계산; xy_step 1 < 2 µm → 2 µm 로 처리; 국소높이 패치 높이 1000 µm > depth 100 µm; 단차 패치 높이 400 µm > depth 100 µm; 선폭 패치 높이 200 µm > depth 100 µm; 구멍지름 패치 높이 1000 µm > depth 100 µm; 위치 패치 높이 1000 µm > depth 100 µm; 배율 industrial 100 ppm, seam 28개; 선 단면 장비(면 측정은 래스터 가정, 면 래스터 140,000 분); mode line_profiler (csv)"
보수-100,M107,line_profiler,industrial,경계,윤곽(참고),50.0,,,,25.0,10.0,,측정 불가,,0.0,"xy_step 1 < 2 µm → 2 µm 로 처리; 국소높이 패치 높이 1000 µm > depth 100 µm; 단차 패치 높이 400 µm > depth 100 µm; 선폭 패치 높이 200 µm > depth 100 µm; 구멍지름 패치 높이 1000 µm > depth 100 µm; 위치 패치 높이 1000 µm > depth 100 µm; 배율 industrial 100 ppm, seam 28개; 선 단면 장비(면 측정은 래스터 가정, 면 래스터 140,000 분); mode line_profiler (csv)"
보수-100,M107,line_profiler,industrial,위치,위치,223.60679774997897,,,,50.0,20.0,,측정 불가,,0.0,"xy_step 1 < 2 µm → 2 µm 로 처리; 국소높이 패치 높이 1000 µm > depth 100 µm; 단차 패치 높이 400 µm > depth 100 µm; 선폭 패치 높이 200 µm > depth 100 µm; 구멍지름 패치 높이 1000 µm > depth 100 µm; 위치 패치 높이 1000 µm > depth 100 µm; 배율 industrial 100 ppm, seam 28개; 선 단면 장비(면 측정은 래스터 가정, 면 래스터 140,000 분); mode line_profiler (csv)"
보수-100,M108,2d,diy,국소높이,높이,0.0,,,,5.0,2.0,,측정 불가,,0.0,"배율 diy 500 ppm, seam 0개; mode 2d (csv)"
보수-100,M108,2d,diy,단차,높이(참고),-20.0,,,,5.0,2.0,,측정 불가,,0.0,"배율 diy 500 ppm, seam 0개; mode 2d (csv)"
보수-100,M108,2d,diy,국소선폭,윤곽,40.0,-0.015562587636616172,6.098055699259081,6.113618286895697,10.0,4.0,0.6113618286895697,4:1 통과,,1.0,"배율 diy 500 ppm, seam 0개; mode 2d (csv)"
보수-100,M108,2d,diy,선폭,윤곽(참고),40.0,-0.015562587636616172,6.156543326686283,6.1721059143228985,10.0,4.0,0.6172105914322898,4:1 통과,,1.0,"배율 diy 500 ppm, seam 0개; mode 2d (csv)"
보수-100,M108,2d,diy,구멍지름,치수,-100.0,-0.015107590477455232,0.7286549041479887,0.743762494625444,25.0,10.0,0.02975049978501776,10:1 통과,,1.0,"배율 diy 500 ppm, seam 0개; mode 2d (csv)"
보수-100,M108,2d,diy,길이40,치수,0.0,0.0,13.291601358251256,13.291601358251256,25.0,10.0,0.5316640543300503,4:1 통과,,1.0,"해석 계산; 배율 diy 500 ppm, seam 0개; mode 2d (csv)"
보수-100,M108,2d,diy,경계,윤곽(참고),50.0,0.007553795238727616,0.36432745207399436,0.371881247312722,25.0,10.0,0.01487524989250888,10:1 통과,,1.0,"배율 diy 500 ppm, seam 0개; mode 2d (csv)"
보수-100,M108,2d,diy,위치,위치,223.60679774997897,0.006636115242874281,0.10550231168684389,0.11213842692971818,50.0,20.0,0.0022427685385943636,10:1 통과,,1.0,"배율 diy 500 ppm, seam 0개; mode 2d (csv)"
보수-100,M109,raster_point,printer_axis,국소높이,높이,0.0,-0.41061205213479696,15.653053952124605,16.063666004259403,5.0,2.0,3.2127332008518805,불합격,,1.0,"프린터 축 래스터: seam 0, 샘플 XY 잡음 5 µm(보수); 배율 printer_axis 500 ppm, seam 0개; mode raster_point (csv)"
보수-100,M109,raster_point,printer_axis,단차,높이(참고),-20.0,-0.12180633544921875,10.673050945381778,10.794857280830996,5.0,2.0,2.1589714561661992,불합격,,1.0,"프린터 축 래스터: seam 0, 샘플 XY 잡음 5 µm(보수); 배율 printer_axis 500 ppm, seam 0개; mode raster_point (csv)"
보수-100,M109,raster_point,printer_axis,국소선폭,윤곽,40.0,28.53988667061801,39.48859999516122,68.02848666577924,10.0,4.0,6.802848666577924,불합격,,1.0,"프린터 축 래스터: seam 0, 샘플 XY 잡음 5 µm(보수); 배율 printer_axis 500 ppm, seam 0개; mode raster_point (csv)"
보수-100,M109,raster_point,printer_axis,선폭,윤곽(참고),40.0,29.200858640494243,33.59583630306166,62.796694943555906,10.0,4.0,6.27966949435559,불합격,,1.0,"프린터 축 래스터: seam 0, 샘플 XY 잡음 5 µm(보수); 배율 printer_axis 500 ppm, seam 0개; mode raster_point (csv)"
보수-100,M109,raster_point,printer_axis,구멍지름,치수,-100.0,2.2463054357537295,7.0085288128749035,9.254834248628633,25.0,10.0,0.37019336994514535,10:1 통과,,1.0,"프린터 축 래스터: seam 0, 샘플 XY 잡음 5 µm(보수); 배율 printer_axis 500 ppm, seam 0개; mode raster_point (csv)"
보수-100,M109,raster_point,printer_axis,길이40,치수,0.0,0.0,90.92121131323904,90.92121131323904,25.0,10.0,3.6368484525295615,불합격,,1.0,"해석 계산; 프린터 축 래스터: seam 0, 샘플 XY 잡음 5 µm(보수); 배율 printer_axis 500 ppm, seam 0개; mode raster_point (csv)"
보수-100,M109,raster_point,printer_axis,경계,윤곽(참고),50.0,-1.1231527178768648,3.5042644064374517,4.6274171243143165,25.0,10.0,0.18509668497257267,10:1 통과,,1.0,"프린터 축 래스터: seam 0, 샘플 XY 잡음 5 µm(보수); 배율 printer_axis 500 ppm, seam 0개; mode raster_point (csv)"
보수-100,M109,raster_point,printer_axis,위치,위치,223.60679774997897,0.3586033733180345,3.0194766155469477,3.3780799888649824,50.0,20.0,0.06756159977729964,10:1 통과,,1.0,"프린터 축 래스터: seam 0, 샘플 XY 잡음 5 µm(보수); 배율 printer_axis 500 ppm, seam 0개; mode raster_point (csv)"
보수-100,M110,raster_point,printer_axis,국소높이,높이,0.0,-0.09699378043236793,5.751342660738759,5.848336441171127,5.0,2.0,1.1696672882342254,불합격,경계,1.0,"프린터 축 래스터: seam 0, 샘플 XY 잡음 5 µm(보수); 배율 printer_axis 500 ppm, seam 0개; mode raster_point (csv)"
보수-100,M110,raster_point,printer_axis,단차,높이(참고),-20.0,0.21565093994140624,4.164448472782337,4.380099412723744,5.0,2.0,0.8760198825447487,4:1 통과,,1.0,"프린터 축 래스터: seam 0, 샘플 XY 잡음 5 µm(보수); 배율 printer_axis 500 ppm, seam 0개; mode raster_point (csv)"
보수-100,M110,raster_point,printer_axis,국소선폭,윤곽,40.0,5.269547865902377,22.714605341288017,27.984153207190396,10.0,4.0,2.7984153207190396,불합격,,1.0,"프린터 축 래스터: seam 0, 샘플 XY 잡음 5 µm(보수); 배율 printer_axis 500 ppm, seam 0개; mode raster_point (csv)"
보수-100,M110,raster_point,printer_axis,선폭,윤곽(참고),40.0,5.321376110909622,22.27613823398635,27.597514344895973,10.0,4.0,2.7597514344895973,불합격,,1.0,"프린터 축 래스터: seam 0, 샘플 XY 잡음 5 µm(보수); 배율 printer_axis 500 ppm, seam 0개; mode raster_point (csv)"
보수-100,M110,raster_point,printer_axis,구멍지름,치수,-100.0,0.2607799240201075,4.494188387127152,4.75496831114726,25.0,10.0,0.1901987324458904,10:1 통과,,1.0,"프린터 축 래스터: seam 0, 샘플 XY 잡음 5 µm(보수); 배율 printer_axis 500 ppm, seam 0개; mode raster_point (csv)"
보수-100,M110,raster_point,printer_axis,길이40,치수,0.0,0.0,57.154760664940824,57.154760664940824,25.0,10.0,2.286190426597633,불합격,,1.0,"해석 계산; 프린터 축 래스터: seam 0, 샘플 XY 잡음 5 µm(보수); 배율 printer_axis 500 ppm, seam 0개; mode raster_point (csv)"
보수-100,M110,raster_point,printer_axis,경계,윤곽(참고),50.0,-0.13038996201005376,2.247094193563576,2.37748415557363,25.0,10.0,0.0950993662229452,10:1 통과,,1.0,"프린터 축 래스터: seam 0, 샘플 XY 잡음 5 µm(보수); 배율 printer_axis 500 ppm, seam 0개; mode raster_point (csv)"
보수-100,M110,raster_point,printer_axis,위치,위치,223.60679774997897,0.049250203402814205,1.7035746980530806,1.7528249014558948,50.0,20.0,0.035056498029117894,10:1 통과,,1.0,"프린터 축 래스터: seam 0, 샘플 XY 잡음 5 µm(보수); 배율 printer_axis 500 ppm, seam 0개; mode raster_point (csv)"
보수-100,M111,2d,industrial,국소높이,높이,0.0,,,,5.0,2.0,,측정 불가,,0.0,"배율 industrial 100 ppm, seam 0개; mode 2d (csv)"
보수-100,M111,2d,industrial,단차,높이(참고),-20.0,,,,5.0,2.0,,측정 불가,,0.0,"배율 industrial 100 ppm, seam 0개; mode 2d (csv)"
보수-100,M111,2d,industrial,국소선폭,윤곽,40.0,2.709803408861672,114.34085214995866,117.05065555882034,10.0,4.0,11.705065555882033,불합격,,1.0,"배율 industrial 100 ppm, seam 0개; mode 2d (csv)"
보수-100,M111,2d,industrial,선폭,윤곽(참고),40.0,2.7098034088616725,115.43751729866632,118.147320707528,10.0,4.0,11.8147320707528,불합격,,1.0,"배율 industrial 100 ppm, seam 0개; mode 2d (csv)"
보수-100,M111,2d,industrial,구멍지름,치수,-100.0,-10.638478085548613,20.33840253344842,30.976880618997033,25.0,10.0,1.2390752247598813,불합격,경계,1.0,"배율 industrial 100 ppm, seam 0개; mode 2d (csv)"
보수-100,M111,2d,industrial,길이40,치수,0.0,0.0,147.18695594379278,147.18695594379278,25.0,10.0,5.887478237751711,불합격,,1.0,"해석 계산; 배율 industrial 100 ppm, seam 0개; mode 2d (csv)"
보수-100,M111,2d,industrial,경계,윤곽(참고),50.0,5.319239042774306,10.16920126672421,15.488440309498516,25.0,10.0,0.6195376123799406,4:1 통과,,1.0,"배율 industrial 100 ppm, seam 0개; mode 2d (csv)"
보수-100,M111,2d,industrial,위치,위치,223.60679774997897,0.35147121582805285,4.214047335513211,4.565518551341263,50.0,20.0,0.09131037102682527,10:1 통과,,1.0,"배율 industrial 100 ppm, seam 0개; mode 2d (csv)"
보수-100,M112,2d,diy,국소높이,높이,0.0,,,,5.0,2.0,,측정 불가,,0.0,"배율 diy 500 ppm, seam 2개; mode 2d (csv)"
보수-100,M112,2d,diy,단차,높이(참고),-20.0,,,,5.0,2.0,,측정 불가,,0.0,"배율 diy 500 ppm, seam 2개; mode 2d (csv)"
보수-100,M112,2d,diy,국소선폭,윤곽,40.0,0.371329107717703,3.983011469382174,4.354340577099877,10.0,4.0,0.43543405770998767,4:1 통과,,1.0,"배율 diy 500 ppm, seam 2개; mode 2d (csv)"
보수-100,M112,2d,diy,선폭,윤곽(참고),40.0,0.371329107717703,4.021213299989887,4.392542407707589,10.0,4.0,0.4392542407707589,4:1 통과,,1.0,"배율 diy 500 ppm, seam 2개; mode 2d (csv)"
보수-100,M112,2d,diy,구멍지름,치수,-100.0,-0.10648019365027722,0.7846116202632423,0.8910918139135195,25.0,10.0,0.03564367255654078,10:1 통과,,1.0,"배율 diy 500 ppm, seam 2개; mode 2d (csv)"
보수-100,M112,2d,diy,길이40,치수,0.0,0.0,11.430952132988164,11.430952132988164,25.0,10.0,0.4572380853195266,4:1 통과,,1.0,"해석 계산; 배율 diy 500 ppm, seam 2개; mode 2d (csv)"
보수-100,M112,2d,diy,경계,윤곽(참고),50.0,0.05324009682513861,0.39230581013162114,0.4455459069567598,25.0,10.0,0.01782183627827039,10:1 통과,,1.0,"배율 diy 500 ppm, seam 2개; mode 2d (csv)"
보수-100,M112,2d,diy,위치,위치,223.60679774997897,0.015275775340106969,0.10589412155154102,0.12116989689164798,50.0,20.0,0.0024233979378329596,10:1 통과,,1.0,"배율 diy 500 ppm, seam 2개; mode 2d (csv)"
보수-100,M113,area,diy,국소높이,높이,0.0,-0.2216182022558035,22.40305532535423,22.624673527610035,5.0,2.0,4.524934705522007,불합격,,1.0,"배율 diy 500 ppm, seam 1개; mode area (csv)"
보수-100,M113,area,diy,단차,높이(참고),-20.0,0.3218600463867187,16.436290113289576,16.758150159676294,5.0,2.0,3.351630031935259,불합격,,1.0,"배율 diy 500 ppm, seam 1개; mode area (csv)"
보수-100,M113,area,diy,국소선폭,윤곽,40.0,-3.0046409480719882,16.309171366686765,19.313812314758753,10.0,4.0,1.9313812314758754,불합격,,1.0,"배율 diy 500 ppm, seam 1개; mode area (csv)"
보수-100,M113,area,diy,선폭,윤곽(참고),40.0,-3.053944137519402,8.82800053416698,11.881944671686382,10.0,4.0,1.1881944671686382,불합격,경계,1.0,"배율 diy 500 ppm, seam 1개; mode area (csv)"
보수-100,M113,area,diy,구멍지름,치수,-100.0,-0.08139250483486649,0.8900469226000538,0.9714394274349203,25.0,10.0,0.03885757709739681,10:1 통과,,1.0,"배율 diy 500 ppm, seam 1개; mode area (csv)"
보수-100,M113,area,diy,길이40,치수,0.0,0.0,17.435595774162696,17.435595774162696,25.0,10.0,0.6974238309665078,4:1 통과,,1.0,"해석 계산; 배율 diy 500 ppm, seam 1개; mode area (csv)"
보수-100,M113,area,diy,경계,윤곽(참고),50.0,0.04069625241743324,0.4450234613000269,0.48571971371746014,25.0,10.0,0.019428788548698405,10:1 통과,,1.0,"배율 diy 500 ppm, seam 1개; mode area (csv)"
보수-100,M113,area,diy,위치,위치,223.60679774997897,0.24603014336559187,3.928582817673235,4.174612961038827,50.0,20.0,0.08349225922077654,10:1 통과,,1.0,"배율 diy 500 ppm, seam 1개; mode area (csv)"
보수-100,M114,indirect,,국소높이,높이,0.0,,,,5.0,2.0,,측정 불가,,0.0,"간접 지표 (형상을 재지 않음) → 모든 지표 측정 불가, 시뮬레이션 생략; mode indirect (csv)"
보수-100,M114,indirect,,단차,높이(참고),-20.0,,,,5.0,2.0,,측정 불가,,0.0,"간접 지표 (형상을 재지 않음) → 모든 지표 측정 불가, 시뮬레이션 생략; mode indirect (csv)"
보수-100,M114,indirect,,국소선폭,윤곽,40.0,,,,10.0,4.0,,측정 불가,,0.0,"간접 지표 (형상을 재지 않음) → 모든 지표 측정 불가, 시뮬레이션 생략; mode indirect (csv)"
보수-100,M114,indirect,,선폭,윤곽(참고),40.0,,,,10.0,4.0,,측정 불가,,0.0,"간접 지표 (형상을 재지 않음) → 모든 지표 측정 불가, 시뮬레이션 생략; mode indirect (csv)"
보수-100,M114,indirect,,구멍지름,치수,-100.0,,,,25.0,10.0,,측정 불가,,0.0,"간접 지표 (형상을 재지 않음) → 모든 지표 측정 불가, 시뮬레이션 생략; mode indirect (csv)"
보수-100,M114,indirect,,길이40,치수,0.0,,,,25.0,10.0,,측정 불가,,0.0,"간접 지표 (형상을 재지 않음) → 모든 지표 측정 불가, 시뮬레이션 생략; mode indirect (csv)"
보수-100,M114,indirect,,경계,윤곽(참고),50.0,,,,25.0,10.0,,측정 불가,,0.0,"간접 지표 (형상을 재지 않음) → 모든 지표 측정 불가, 시뮬레이션 생략; mode indirect (csv)"
보수-100,M114,indirect,,위치,위치,223.60679774997897,,,,50.0,20.0,,측정 불가,,0.0,"간접 지표 (형상을 재지 않음) → 모든 지표 측정 불가, 시뮬레이션 생략; mode indirect (csv)"
보수-100,M115,area,calibrated,국소높이,높이,0.0,-0.03640914533158948,1.3392722265517814,1.375681371883371,5.0,2.0,0.2751362743766742,10:1 통과,,1.0,"배율 calibrated 20 ppm, seam 1개; mode area (csv)"
보수-100,M115,area,calibrated,단차,높이(참고),-20.0,-0.01214202880859375,0.9140763134474447,0.9262183422560384,5.0,2.0,0.18524366845120768,10:1 통과,,1.0,"배율 calibrated 20 ppm, seam 1개; mode area (csv)"
보수-100,M115,area,calibrated,국소선폭,윤곽,40.0,-0.4258507687326347,0.530045836545788,0.9558966052784227,10.0,4.0,0.09558966052784226,10:1 통과,,1.0,"배율 calibrated 20 ppm, seam 1개; mode area (csv)"
보수-100,M115,area,calibrated,선폭,윤곽(참고),40.0,-0.4240275541583378,0.23213676170648218,0.65616431586482,10.0,4.0,0.065616431586482,10:1 통과,,1.0,"배율 calibrated 20 ppm, seam 1개; mode area (csv)"
보수-100,M115,area,calibrated,구멍지름,치수,-100.0,0.03494992581002407,0.18900625590743506,0.22395618171745912,25.0,10.0,0.008958247268698365,10:1 통과,,1.0,"배율 calibrated 20 ppm, seam 1개; mode area (csv)"
보수-100,M115,area,calibrated,길이40,치수,0.0,0.0,6.650313275828942,6.650313275828942,25.0,10.0,0.26601253103315764,10:1 통과,,1.0,"해석 계산; 배율 calibrated 20 ppm, seam 1개; mode area (csv)"
보수-100,M115,area,calibrated,경계,윤곽(참고),50.0,-0.017474962905012034,0.09450312795371753,0.11197809085872956,25.0,10.0,0.004479123634349182,10:1 통과,,1.0,"배율 calibrated 20 ppm, seam 1개; mode area (csv)"
보수-100,M115,area,calibrated,위치,위치,223.60679774997897,0.007667571183047191,0.09810767653323027,0.10577524771627746,50.0,20.0,0.002115504954325549,10:1 통과,,1.0,"배율 calibrated 20 ppm, seam 1개; mode area (csv)"
보수-100,M116,line_profiler,calibrated,국소높이,높이,0.0,0.008805859056815598,2.808916278979587,2.8177221380364026,5.0,2.0,0.5635444276072805,4:1 통과,,1.0,"xy_step 0.35 < 2 µm → 2 µm 로 처리; 배율 calibrated 20 ppm, seam 44개; 선 단면 장비(면 측정은 래스터 가정, 면 래스터 400,000 분); mode line_profiler (csv)"
보수-100,M116,line_profiler,calibrated,단차,높이(참고),-20.0,-0.19909149169921875,1.5148750181655382,1.713966509864757,5.0,2.0,0.3427933019729514,10:1 통과,,1.0,"xy_step 0.35 < 2 µm → 2 µm 로 처리; 배율 calibrated 20 ppm, seam 44개; 선 단면 장비(면 측정은 래스터 가정, 면 래스터 400,000 분); mode line_profiler (csv)"
보수-100,M116,line_profiler,calibrated,국소선폭,윤곽,40.0,-0.13574172211616695,0.6439139645253806,0.7796556866415476,10.0,4.0,0.07796556866415476,10:1 통과,,1.0,"xy_step 0.35 < 2 µm → 2 µm 로 처리; 배율 calibrated 20 ppm, seam 44개; 선 단면 장비(면 측정은 래스터 가정, 면 래스터 400,000 분); mode line_profiler (csv)"
보수-100,M116,line_profiler,calibrated,선폭,윤곽(참고),40.0,-0.11977783618285116,0.2583195758231105,0.37809741200596164,10.0,4.0,0.037809741200596166,10:1 통과,,1.0,"xy_step 0.35 < 2 µm → 2 µm 로 처리; 배율 calibrated 20 ppm, seam 44개; 선 단면 장비(면 측정은 래스터 가정, 면 래스터 400,000 분); mode line_profiler (csv)"
보수-100,M116,line_profiler,calibrated,구멍지름,치수,-100.0,0.016762385816764435,0.15044733268499347,0.1672097185017579,25.0,10.0,0.006688388740070316,10:1 통과,,1.0,"xy_step 0.35 < 2 µm → 2 µm 로 처리; 배율 calibrated 20 ppm, seam 44개; 선 단면 장비(면 측정은 래스터 가정, 면 래스터 400,000 분); mode line_profiler (csv)"
보수-100,M116,line_profiler,calibrated,길이40,치수,0.0,0.0,13.462045411699764,13.462045411699764,25.0,10.0,0.5384818164679905,4:1 통과,,1.0,"해석 계산; xy_step 0.35 < 2 µm → 2 µm 로 처리; 배율 calibrated 20 ppm, seam 44개; 선 단면 장비(면 측정은 래스터 가정, 면 래스터 400,000 분); mode line_profiler (csv)"
보수-100,M116,line_profiler,calibrated,경계,윤곽(참고),50.0,-0.008381192908382218,0.07522366634249673,0.08360485925087895,25.0,10.0,0.003344194370035158,10:1 통과,,1.0,"xy_step 0.35 < 2 µm → 2 µm 로 처리; 배율 calibrated 20 ppm, seam 44개; 선 단면 장비(면 측정은 래스터 가정, 면 래스터 400,000 분); mode line_profiler (csv)"
보수-100,M116,line_profiler,calibrated,위치,위치,223.60679774997897,0.17452005001981044,1.2457640081830927,1.4202840582029033,50.0,20.0,0.028405681164058064,10:1 통과,,1.0,"xy_step 0.35 < 2 µm → 2 µm 로 처리; 배율 calibrated 20 ppm, seam 44개; 선 단면 장비(면 측정은 래스터 가정, 면 래스터 400,000 분); mode line_profiler (csv)"
보수-100,M117,indirect,,국소높이,높이,0.0,,,,5.0,2.0,,측정 불가,,0.0,"간접 지표 (형상을 재지 않음) → 모든 지표 측정 불가, 시뮬레이션 생략; mode indirect (csv)"
보수-100,M117,indirect,,단차,높이(참고),-20.0,,,,5.0,2.0,,측정 불가,,0.0,"간접 지표 (형상을 재지 않음) → 모든 지표 측정 불가, 시뮬레이션 생략; mode indirect (csv)"
보수-100,M117,indirect,,국소선폭,윤곽,40.0,,,,10.0,4.0,,측정 불가,,0.0,"간접 지표 (형상을 재지 않음) → 모든 지표 측정 불가, 시뮬레이션 생략; mode indirect (csv)"
보수-100,M117,indirect,,선폭,윤곽(참고),40.0,,,,10.0,4.0,,측정 불가,,0.0,"간접 지표 (형상을 재지 않음) → 모든 지표 측정 불가, 시뮬레이션 생략; mode indirect (csv)"
보수-100,M117,indirect,,구멍지름,치수,-100.0,,,,25.0,10.0,,측정 불가,,0.0,"간접 지표 (형상을 재지 않음) → 모든 지표 측정 불가, 시뮬레이션 생략; mode indirect (csv)"
보수-100,M117,indirect,,길이40,치수,0.0,,,,25.0,10.0,,측정 불가,,0.0,"간접 지표 (형상을 재지 않음) → 모든 지표 측정 불가, 시뮬레이션 생략; mode indirect (csv)"
보수-100,M117,indirect,,경계,윤곽(참고),50.0,,,,25.0,10.0,,측정 불가,,0.0,"간접 지표 (형상을 재지 않음) → 모든 지표 측정 불가, 시뮬레이션 생략; mode indirect (csv)"
보수-100,M117,indirect,,위치,위치,223.60679774997897,,,,50.0,20.0,,측정 불가,,0.0,"간접 지표 (형상을 재지 않음) → 모든 지표 측정 불가, 시뮬레이션 생략; mode indirect (csv)"
보수-100,M118,indirect,,국소높이,높이,0.0,,,,5.0,2.0,,측정 불가,,0.0,"간접 지표 (형상을 재지 않음) → 모든 지표 측정 불가, 시뮬레이션 생략; mode indirect (csv)"
보수-100,M118,indirect,,단차,높이(참고),-20.0,,,,5.0,2.0,,측정 불가,,0.0,"간접 지표 (형상을 재지 않음) → 모든 지표 측정 불가, 시뮬레이션 생략; mode indirect (csv)"
보수-100,M118,indirect,,국소선폭,윤곽,40.0,,,,10.0,4.0,,측정 불가,,0.0,"간접 지표 (형상을 재지 않음) → 모든 지표 측정 불가, 시뮬레이션 생략; mode indirect (csv)"
보수-100,M118,indirect,,선폭,윤곽(참고),40.0,,,,10.0,4.0,,측정 불가,,0.0,"간접 지표 (형상을 재지 않음) → 모든 지표 측정 불가, 시뮬레이션 생략; mode indirect (csv)"
보수-100,M118,indirect,,구멍지름,치수,-100.0,,,,25.0,10.0,,측정 불가,,0.0,"간접 지표 (형상을 재지 않음) → 모든 지표 측정 불가, 시뮬레이션 생략; mode indirect (csv)"
보수-100,M118,indirect,,길이40,치수,0.0,,,,25.0,10.0,,측정 불가,,0.0,"간접 지표 (형상을 재지 않음) → 모든 지표 측정 불가, 시뮬레이션 생략; mode indirect (csv)"
보수-100,M118,indirect,,경계,윤곽(참고),50.0,,,,25.0,10.0,,측정 불가,,0.0,"간접 지표 (형상을 재지 않음) → 모든 지표 측정 불가, 시뮬레이션 생략; mode indirect (csv)"
보수-100,M118,indirect,,위치,위치,223.60679774997897,,,,50.0,20.0,,측정 불가,,0.0,"간접 지표 (형상을 재지 않음) → 모든 지표 측정 불가, 시뮬레이션 생략; mode indirect (csv)"
보수-100,M119,area,diy,국소높이,높이,0.0,-80.43458738014698,1739.3595136083695,1819.7941009885164,5.0,2.0,363.9588201977033,불합격,,1.0,"배율 diy 500 ppm, seam 0개; mode area (csv)"
보수-100,M119,area,diy,단차,높이(참고),-20.0,38.21756839752197,1282.4942501447779,1320.7118185422999,5.0,2.0,264.14236370846,불합격,,0.96,"배율 diy 500 ppm, seam 0개; mode area (csv)"
보수-100,M119,area,diy,국소선폭,윤곽,40.0,104.57250457975805,1441.860474265391,1546.4329788451491,10.0,4.0,154.6432978845149,불합격,,1.0,"배율 diy 500 ppm, seam 0개; mode area (csv)"
보수-100,M119,area,diy,선폭,윤곽(참고),40.0,,,,10.0,4.0,,측정 불가,,0.68,"배율 diy 500 ppm, seam 0개; mode area (csv)"
보수-100,M119,area,diy,구멍지름,치수,-100.0,2638.427570616784,212.1589355007212,2850.5865061175055,25.0,10.0,114.02346024470022,불합격,,1.0,"배율 diy 500 ppm, seam 0개; mode area (csv)"
보수-100,M119,area,diy,길이40,치수,0.0,0.0,98.30564581955608,98.30564581955608,25.0,10.0,3.932225832782243,불합격,,1.0,"해석 계산; 배율 diy 500 ppm, seam 0개; mode area (csv)"
보수-100,M119,area,diy,경계,윤곽(참고),50.0,-1319.213785308392,106.0794677503606,1425.2932530587527,25.0,10.0,57.01173012235011,불합격,,1.0,"배율 diy 500 ppm, seam 0개; mode area (csv)"
보수-100,M119,area,diy,위치,위치,223.60679774997897,192.72781259442056,29.258370996738876,221.98618359115943,50.0,20.0,4.439723671823189,불합격,,1.0,"배율 diy 500 ppm, seam 0개; mode area (csv)"
보수-100,M120,point_probe,industrial,국소높이,높이,0.0,,,,5.0,2.0,,측정 불가,,0.0,"해석 판정; 배율 industrial 100 ppm, seam 3개; mode point_probe (csv)"
보수-100,M120,point_probe,industrial,단차,높이(참고),-20.0,0.0,1131.370849898476,1131.370849898476,5.0,2.0,226.27416997969522,불합격,,1.0,"해석 판정; 배율 industrial 100 ppm, seam 3개; mode point_probe (csv)"
보수-100,M120,point_probe,industrial,국소선폭,윤곽,40.0,,,,10.0,4.0,,측정 불가,,0.0,"해석 판정; 배율 industrial 100 ppm, seam 3개; mode point_probe (csv)"
보수-100,M120,point_probe,industrial,선폭,윤곽(참고),40.0,,,,10.0,4.0,,측정 불가,,0.0,"해석 판정; 배율 industrial 100 ppm, seam 3개; mode point_probe (csv)"
보수-100,M120,point_probe,industrial,구멍지름,치수,-100.0,0.0,400.0007999992,400.0007999992,25.0,10.0,16.000031999968,불합격,,1.0,"해석 판정; 배율 industrial 100 ppm, seam 3개; mode point_probe (csv)"
보수-100,M120,point_probe,industrial,길이40,치수,0.0,0.0,8733.845888267093,8733.845888267093,25.0,10.0,349.35383553068374,불합격,,1.0,"해석 판정; 배율 industrial 100 ppm, seam 3개; mode point_probe (csv)"
보수-100,M120,point_probe,industrial,경계,윤곽(참고),50.0,0.0,200.0003999996,200.0003999996,25.0,10.0,8.000015999984,불합격,,1.0,"해석 판정; 배율 industrial 100 ppm, seam 3개; mode point_probe (csv)"
보수-100,M120,point_probe,industrial,위치,위치,223.60679774997897,0.0,400.00179999595,400.00179999595,50.0,20.0,8.000035999919,불합격,,1.0,"해석 판정; 배율 industrial 100 ppm, seam 3개; mode point_probe (csv)"
보수-100,M121,raster_point,industrial,국소높이,높이,0.0,-0.01381939231539145,9.074753648281169,9.08857304059656,5.0,2.0,1.8177146081193118,불합격,,1.0,"프린터 축 래스터: seam 0, 샘플 XY 잡음 5 µm(보수); 배율 industrial 100 ppm, seam 0개; mode raster_point (csv)"
보수-100,M121,raster_point,industrial,단차,높이(참고),-20.0,0.9339178466796875,5.054650461525477,5.988568308205164,5.0,2.0,1.1977136616410329,불합격,경계,1.0,"프린터 축 래스터: seam 0, 샘플 XY 잡음 5 µm(보수); 배율 industrial 100 ppm, seam 0개; mode raster_point (csv)"
보수-100,M121,raster_point,industrial,국소선폭,윤곽,40.0,56.67318565803402,603.4881051639667,660.1612908220008,10.0,4.0,66.01612908220008,불합격,,1.0,"프린터 축 래스터: seam 0, 샘플 XY 잡음 5 µm(보수); 배율 industrial 100 ppm, seam 0개; mode raster_point (csv)"
보수-100,M121,raster_point,industrial,선폭,윤곽(참고),40.0,9.565879188271476,254.07414783700636,263.64002702527785,10.0,4.0,26.364002702527785,불합격,,1.0,"프린터 축 래스터: seam 0, 샘플 XY 잡음 5 µm(보수); 배율 industrial 100 ppm, seam 0개; mode raster_point (csv)"
보수-100,M121,raster_point,industrial,구멍지름,치수,-100.0,-7.135755626747932,11.186066514867386,18.321822141615318,25.0,10.0,0.7328728856646127,4:1 통과,,1.0,"프린터 축 래스터: seam 0, 샘플 XY 잡음 5 µm(보수); 배율 industrial 100 ppm, seam 0개; mode raster_point (csv)"
보수-100,M121,raster_point,industrial,길이40,치수,0.0,0.0,102.37512718754819,102.37512718754819,25.0,10.0,4.095005087501928,불합격,,1.0,"해석 계산; 프린터 축 래스터: seam 0, 샘플 XY 잡음 5 µm(보수); 배율 industrial 100 ppm, seam 0개; mode raster_point (csv)"
보수-100,M121,raster_point,industrial,경계,윤곽(참고),50.0,3.567877813373966,5.593033257433693,9.160911070807659,25.0,10.0,0.36643644283230636,10:1 통과,,1.0,"프린터 축 래스터: seam 0, 샘플 XY 잡음 5 µm(보수); 배율 industrial 100 ppm, seam 0개; mode raster_point (csv)"
보수-100,M121,raster_point,industrial,위치,위치,223.60679774997897,0.25457832861976853,5.270266123030593,5.524844451650361,50.0,20.0,0.11049688903300722,10:1 통과,,1.0,"프린터 축 래스터: seam 0, 샘플 XY 잡음 5 µm(보수); 배율 industrial 100 ppm, seam 0개; mode raster_point (csv)"
보수-100,M122,raster_point,industrial,국소높이,높이,0.0,,,,5.0,2.0,,측정 불가,,0.0,"프린터 축 래스터: seam 0, 샘플 XY 잡음 5 µm(보수); 배율 industrial 100 ppm, seam 0개; mode raster_point (csv)"
보수-100,M122,raster_point,industrial,단차,높이(참고),-20.0,,,,5.0,2.0,,측정 불가,,0.0,"프린터 축 래스터: seam 0, 샘플 XY 잡음 5 µm(보수); 배율 industrial 100 ppm, seam 0개; mode raster_point (csv)"
보수-100,M122,raster_point,industrial,국소선폭,윤곽,40.0,5108.052547823267,1567.210072290945,6675.262620114212,10.0,4.0,667.5262620114212,불합격,,1.0,"프린터 축 래스터: seam 0, 샘플 XY 잡음 5 µm(보수); 배율 industrial 100 ppm, seam 0개; mode raster_point (csv)"
보수-100,M122,raster_point,industrial,선폭,윤곽(참고),40.0,5279.6019922854775,523.2668850514694,5802.868877336947,10.0,4.0,580.2868877336947,불합격,,1.0,"프린터 축 래스터: seam 0, 샘플 XY 잡음 5 µm(보수); 배율 industrial 100 ppm, seam 0개; mode raster_point (csv)"
보수-100,M122,raster_point,industrial,구멍지름,치수,-100.0,6193.084732441847,92.9688970896732,6286.0536295315205,25.0,10.0,251.44214518126083,불합격,,1.0,"프린터 축 래스터: seam 0, 샘플 XY 잡음 5 µm(보수); 배율 industrial 100 ppm, seam 0개; mode raster_point (csv)"
보수-100,M122,raster_point,industrial,길이40,치수,0.0,0.0,408.326666612244,408.326666612244,25.0,10.0,16.33306666448976,불합격,,1.0,"해석 계산; 프린터 축 래스터: seam 0, 샘플 XY 잡음 5 µm(보수); 배율 industrial 100 ppm, seam 0개; mode raster_point (csv)"
보수-100,M122,raster_point,industrial,경계,윤곽(참고),50.0,-3096.5423662209237,46.4844485448366,3143.0268147657603,25.0,10.0,125.72107259063041,불합격,,1.0,"프린터 축 래스터: seam 0, 샘플 XY 잡음 5 µm(보수); 배율 industrial 100 ppm, seam 0개; mode raster_point (csv)"
보수-100,M122,raster_point,industrial,위치,위치,223.60679774997897,0.8591474760743248,27.80172838861006,28.66087586468438,50.0,20.0,0.5732175172936876,4:1 통과,,1.0,"프린터 축 래스터: seam 0, 샘플 XY 잡음 5 µm(보수); 배율 industrial 100 ppm, seam 0개; mode raster_point (csv)"
보수-100,M123,indirect,,국소높이,높이,0.0,,,,5.0,2.0,,측정 불가,,0.0,"간접 지표 (형상을 재지 않음) → 모든 지표 측정 불가, 시뮬레이션 생략; mode indirect (csv)"
보수-100,M123,indirect,,단차,높이(참고),-20.0,,,,5.0,2.0,,측정 불가,,0.0,"간접 지표 (형상을 재지 않음) → 모든 지표 측정 불가, 시뮬레이션 생략; mode indirect (csv)"
보수-100,M123,indirect,,국소선폭,윤곽,40.0,,,,10.0,4.0,,측정 불가,,0.0,"간접 지표 (형상을 재지 않음) → 모든 지표 측정 불가, 시뮬레이션 생략; mode indirect (csv)"
보수-100,M123,indirect,,선폭,윤곽(참고),40.0,,,,10.0,4.0,,측정 불가,,0.0,"간접 지표 (형상을 재지 않음) → 모든 지표 측정 불가, 시뮬레이션 생략; mode indirect (csv)"
보수-100,M123,indirect,,구멍지름,치수,-100.0,,,,25.0,10.0,,측정 불가,,0.0,"간접 지표 (형상을 재지 않음) → 모든 지표 측정 불가, 시뮬레이션 생략; mode indirect (csv)"
보수-100,M123,indirect,,길이40,치수,0.0,,,,25.0,10.0,,측정 불가,,0.0,"간접 지표 (형상을 재지 않음) → 모든 지표 측정 불가, 시뮬레이션 생략; mode indirect (csv)"
보수-100,M123,indirect,,경계,윤곽(참고),50.0,,,,25.0,10.0,,측정 불가,,0.0,"간접 지표 (형상을 재지 않음) → 모든 지표 측정 불가, 시뮬레이션 생략; mode indirect (csv)"
보수-100,M123,indirect,,위치,위치,223.60679774997897,,,,50.0,20.0,,측정 불가,,0.0,"간접 지표 (형상을 재지 않음) → 모든 지표 측정 불가, 시뮬레이션 생략; mode indirect (csv)"
